CREATE DATABASE  IF NOT EXISTS `course_work` /*!40100 DEFAULT CHARACTER SET utf8mb4 COLLATE utf8mb4_0900_ai_ci */ /*!80016 DEFAULT ENCRYPTION='N' */;
USE `course_work`;
-- MySQL dump 10.13  Distrib 8.0.32, for Win64 (x86_64)
--
-- Host: localhost    Database: course_work
-- ------------------------------------------------------
-- Server version	8.0.32

/*!40101 SET @OLD_CHARACTER_SET_CLIENT=@@CHARACTER_SET_CLIENT */;
/*!40101 SET @OLD_CHARACTER_SET_RESULTS=@@CHARACTER_SET_RESULTS */;
/*!40101 SET @OLD_COLLATION_CONNECTION=@@COLLATION_CONNECTION */;
/*!50503 SET NAMES utf8 */;
/*!40103 SET @OLD_TIME_ZONE=@@TIME_ZONE */;
/*!40103 SET TIME_ZONE='+00:00' */;
/*!40014 SET @OLD_UNIQUE_CHECKS=@@UNIQUE_CHECKS, UNIQUE_CHECKS=0 */;
/*!40014 SET @OLD_FOREIGN_KEY_CHECKS=@@FOREIGN_KEY_CHECKS, FOREIGN_KEY_CHECKS=0 */;
/*!40101 SET @OLD_SQL_MODE=@@SQL_MODE, SQL_MODE='NO_AUTO_VALUE_ON_ZERO' */;
/*!40111 SET @OLD_SQL_NOTES=@@SQL_NOTES, SQL_NOTES=0 */;

--
-- Table structure for table `images`
--

DROP TABLE IF EXISTS `images`;
/*!40101 SET @saved_cs_client     = @@character_set_client */;
/*!50503 SET character_set_client = utf8mb4 */;
CREATE TABLE `images` (
  `id` int NOT NULL AUTO_INCREMENT,
  `products_id` int NOT NULL,
  `path` varchar(45) NOT NULL,
  PRIMARY KEY (`id`),
  KEY `fk_images_products1_idx` (`products_id`),
  CONSTRAINT `products_id` FOREIGN KEY (`products_id`) REFERENCES `products` (`id`)
) ENGINE=InnoDB AUTO_INCREMENT=941 DEFAULT CHARSET=utf8mb4 COLLATE=utf8mb4_0900_ai_ci;
/*!40101 SET character_set_client = @saved_cs_client */;

--
-- Dumping data for table `images`
--

LOCK TABLES `images` WRITE;
/*!40000 ALTER TABLE `images` DISABLE KEYS */;
INSERT INTO `images` VALUES (1,1,'1_0.jpg'),(2,1,'1_1.jpg'),(3,2,'2_0.jpg'),(4,2,'2_1.jpg'),(5,3,'3_0.jpg'),(6,3,'3_1.jpg'),(7,3,'3_2.jpg'),(8,3,'3_3.jpg'),(9,4,'4_0.jpg'),(10,4,'4_1.jpg'),(11,4,'4_2.jpg'),(12,4,'4_3.jpg'),(13,4,'4_4.jpg'),(14,4,'4_5.jpg'),(15,4,'4_6.jpg'),(16,5,'5_0.jpg'),(17,5,'5_1.jpg'),(18,6,'6_0.jpg'),(19,7,'7_0.jpg'),(20,7,'7_1.jpg'),(21,7,'7_2.jpg'),(22,7,'7_3.jpg'),(23,7,'7_4.jpg'),(24,7,'7_5.jpg'),(25,7,'7_6.jpg'),(26,8,'8_0.jpg'),(27,9,'9_0.jpg'),(28,9,'9_1.jpg'),(29,9,'9_2.jpg'),(30,9,'9_3.jpg'),(31,9,'9_4.jpg'),(32,9,'9_5.jpg'),(33,9,'9_6.jpg'),(34,9,'9_7.jpg'),(35,9,'9_8.jpg'),(36,10,'10_0.jpg'),(37,10,'10_1.jpg'),(38,10,'10_2.jpg'),(39,11,'11_0.jpg'),(40,12,'12_0.jpg'),(41,12,'12_1.jpg'),(42,12,'12_2.jpg'),(43,13,'13_0.jpg'),(44,13,'13_1.jpg'),(45,13,'13_2.jpg'),(46,13,'13_3.jpg'),(47,14,'14_0.jpg'),(48,15,'15_0.jpg'),(49,15,'15_1.jpg'),(50,16,'16_0.jpg'),(51,16,'16_1.jpg'),(52,16,'16_2.jpg'),(53,16,'16_3.jpg'),(54,16,'16_4.jpg'),(55,16,'16_5.jpg'),(56,16,'16_6.jpg'),(57,17,'17_0.jpg'),(58,17,'17_1.jpg'),(59,17,'17_2.jpg'),(60,17,'17_3.jpg'),(61,17,'17_4.jpg'),(62,17,'17_5.jpg'),(63,17,'17_6.jpg'),(64,17,'17_7.jpg'),(65,18,'18_0.jpg'),(66,18,'18_1.jpg'),(67,18,'18_2.jpg'),(68,18,'18_3.jpg'),(69,18,'18_4.jpg'),(70,18,'18_5.jpg'),(71,19,'19_0.jpg'),(72,19,'19_1.jpg'),(73,19,'19_2.jpg'),(74,20,'20_0.jpg'),(75,20,'20_1.jpg'),(76,20,'20_2.jpg'),(77,20,'20_3.jpg'),(78,20,'20_4.jpg'),(79,20,'20_5.jpg'),(80,20,'20_6.jpg'),(81,21,'21_0.jpg'),(82,22,'22_0.jpg'),(83,22,'22_1.jpg'),(84,22,'22_2.jpg'),(85,22,'22_3.jpg'),(86,22,'22_4.jpg'),(87,22,'22_5.jpg'),(88,22,'22_6.jpg'),(89,23,'23_0.jpg'),(90,23,'23_1.jpg'),(91,23,'23_2.jpg'),(92,23,'23_3.jpg'),(93,24,'24_0.jpg'),(94,24,'24_1.jpg'),(95,24,'24_2.jpg'),(96,24,'24_3.jpg'),(97,24,'24_4.jpg'),(98,25,'25_0.jpg'),(99,25,'25_1.jpg'),(100,25,'25_2.jpg'),(101,25,'25_3.jpg'),(102,25,'25_4.jpg'),(103,25,'25_5.jpg'),(104,25,'25_6.jpg'),(105,26,'26_0.jpg'),(106,26,'26_1.jpg'),(107,27,'27_0.jpg'),(108,27,'27_1.jpg'),(109,27,'27_2.jpg'),(110,27,'27_3.jpg'),(111,27,'27_4.jpg'),(112,27,'27_5.jpg'),(113,28,'28_0.jpg'),(114,28,'28_1.jpg'),(115,28,'28_2.jpg'),(116,29,'29_0.jpg'),(117,29,'29_1.jpg'),(118,29,'29_2.jpg'),(119,29,'29_3.jpg'),(120,30,'30_0.jpg'),(121,30,'30_1.jpg'),(122,30,'30_2.jpg'),(123,30,'30_3.jpg'),(124,30,'30_4.jpg'),(125,31,'31_0.jpg'),(126,31,'31_1.jpg'),(127,31,'31_2.jpg'),(128,31,'31_3.jpg'),(129,31,'31_4.jpg'),(130,31,'31_5.jpg'),(131,31,'31_6.jpg'),(132,32,'32_0.jpg'),(133,32,'32_1.jpg'),(134,32,'32_2.jpg'),(135,32,'32_3.jpg'),(136,32,'32_4.jpg'),(137,32,'32_5.jpg'),(138,32,'32_6.jpg'),(139,32,'32_7.jpg'),(140,33,'33_0.jpg'),(141,33,'33_1.jpg'),(142,33,'33_2.jpg'),(143,33,'33_3.jpg'),(144,33,'33_4.jpg'),(145,33,'33_5.jpg'),(146,34,'34_0.jpg'),(147,34,'34_1.jpg'),(148,34,'34_2.jpg'),(149,34,'34_3.jpg'),(150,34,'34_4.jpg'),(151,34,'34_5.jpg'),(152,35,'35_0.jpg'),(153,35,'35_1.jpg'),(154,35,'35_2.jpg'),(155,35,'35_3.jpg'),(156,35,'35_4.jpg'),(157,35,'35_5.jpg'),(158,36,'36_0.jpg'),(159,36,'36_1.jpg'),(160,36,'36_2.jpg'),(161,38,'38_0.jpg'),(162,38,'38_1.jpg'),(163,38,'38_2.jpg'),(164,38,'38_3.jpg'),(165,38,'38_4.jpg'),(166,38,'38_5.jpg'),(167,39,'39_0.jpg'),(168,40,'40_0.jpg'),(169,40,'40_1.jpg'),(170,41,'41_0.jpg'),(171,41,'41_1.jpg'),(172,41,'41_2.jpg'),(173,41,'41_3.jpg'),(174,41,'41_4.jpg'),(175,41,'41_5.jpg'),(176,41,'41_6.jpg'),(177,42,'42_0.jpg'),(178,42,'42_1.jpg'),(179,42,'42_2.jpg'),(180,42,'42_3.jpg'),(181,42,'42_4.jpg'),(182,42,'42_5.jpg'),(183,42,'42_6.jpg'),(184,43,'43_0.jpg'),(185,43,'43_1.jpg'),(186,43,'43_2.jpg'),(187,43,'43_3.jpg'),(188,43,'43_4.jpg'),(189,43,'43_5.jpg'),(190,43,'43_6.jpg'),(191,44,'44_0.jpg'),(192,44,'44_1.jpg'),(193,44,'44_2.jpg'),(194,44,'44_3.jpg'),(195,44,'44_4.jpg'),(196,44,'44_5.jpg'),(197,45,'45_0.jpg'),(198,46,'46_0.jpg'),(199,46,'46_1.jpg'),(200,47,'47_0.jpg'),(201,47,'47_1.jpg'),(202,47,'47_2.jpg'),(203,48,'48_0.jpg'),(204,49,'49_0.jpg'),(205,49,'49_1.jpg'),(206,49,'49_2.jpg'),(207,50,'50_0.jpg'),(208,51,'51_0.jpg'),(209,52,'52_0.jpg'),(210,52,'52_1.jpg'),(211,52,'52_2.jpg'),(212,53,'53_0.jpg'),(213,53,'53_1.jpg'),(214,53,'53_2.jpg'),(215,53,'53_3.jpg'),(216,54,'54_0.jpg'),(217,55,'55_0.jpg'),(218,56,'56_0.jpg'),(219,57,'57_0.jpg'),(220,58,'58_0.jpg'),(221,59,'59_0.jpg'),(222,59,'59_1.jpg'),(223,59,'59_2.jpg'),(224,59,'59_3.jpg'),(225,60,'60_0.jpg'),(226,60,'60_1.jpg'),(227,60,'60_2.jpg'),(228,61,'61_0.jpg'),(229,61,'61_1.jpg'),(230,61,'61_2.jpg'),(231,61,'61_3.jpg'),(232,62,'62_0.jpg'),(233,62,'62_1.jpg'),(234,62,'62_2.jpg'),(235,62,'62_3.jpg'),(236,62,'62_4.jpg'),(237,62,'62_5.jpg'),(238,62,'62_6.jpg'),(239,63,'63_0.jpg'),(240,63,'63_1.jpg'),(241,64,'64_0.jpg'),(242,64,'64_1.jpg'),(243,64,'64_2.jpg'),(244,64,'64_3.jpg'),(245,64,'64_4.jpg'),(246,64,'64_5.jpg'),(247,64,'64_6.jpg'),(248,65,'65_0.jpg'),(249,65,'65_1.jpg'),(250,65,'65_2.jpg'),(251,65,'65_3.jpg'),(252,65,'65_4.jpg'),(253,65,'65_5.jpg'),(254,65,'65_6.jpg'),(255,66,'66_0.jpg'),(256,66,'66_1.jpg'),(257,66,'66_2.jpg'),(258,66,'66_3.jpg'),(259,66,'66_4.jpg'),(260,66,'66_5.jpg'),(261,66,'66_6.jpg'),(262,67,'67_0.jpg'),(263,67,'67_1.jpg'),(264,67,'67_2.jpg'),(265,67,'67_3.jpg'),(266,68,'68_0.jpg'),(267,68,'68_1.jpg'),(268,68,'68_2.jpg'),(269,69,'69_0.jpg'),(270,69,'69_1.jpg'),(271,69,'69_2.jpg'),(272,69,'69_3.jpg'),(273,70,'70_0.jpg'),(274,70,'70_1.jpg'),(275,70,'70_2.jpg'),(276,70,'70_3.jpg'),(277,70,'70_4.jpg'),(278,71,'71_0.jpg'),(279,71,'71_1.jpg'),(280,71,'71_2.jpg'),(281,71,'71_3.jpg'),(282,71,'71_4.jpg'),(283,71,'71_5.jpg'),(284,71,'71_6.jpg'),(285,72,'72_0.jpg'),(286,72,'72_1.jpg'),(287,73,'73_0.jpg'),(288,73,'73_1.jpg'),(289,74,'74_0.jpg'),(290,74,'74_1.jpg'),(291,75,'75_0.jpg'),(292,75,'75_1.jpg'),(293,75,'75_2.jpg'),(294,75,'75_3.jpg'),(295,75,'75_4.jpg'),(296,76,'76_0.jpg'),(297,76,'76_1.jpg'),(298,77,'77_0.jpg'),(299,77,'77_1.jpg'),(300,77,'77_2.jpg'),(301,77,'77_3.jpg'),(302,77,'77_4.jpg'),(303,77,'77_5.jpg'),(304,78,'78_0.jpg'),(305,78,'78_1.jpg'),(306,78,'78_2.jpg'),(307,79,'79_0.jpg'),(308,79,'79_1.jpg'),(309,79,'79_2.jpg'),(310,79,'79_3.jpg'),(311,80,'80_0.jpg'),(312,80,'80_1.jpg'),(313,80,'80_2.jpg'),(314,81,'81_0.jpg'),(315,82,'82_0.jpg'),(316,83,'83_0.jpg'),(317,83,'83_1.jpg'),(318,83,'83_2.jpg'),(319,83,'83_3.jpg'),(320,84,'84_0.jpg'),(321,84,'84_1.jpg'),(322,84,'84_2.jpg'),(323,84,'84_3.jpg'),(324,85,'85_0.jpg'),(325,85,'85_1.jpg'),(326,85,'85_2.jpg'),(327,86,'86_0.jpg'),(328,86,'86_1.jpg'),(329,86,'86_2.jpg'),(330,87,'87_0.jpg'),(331,87,'87_1.jpg'),(332,87,'87_2.jpg'),(333,87,'87_3.jpg'),(334,88,'88_0.jpg'),(335,88,'88_1.jpg'),(336,88,'88_2.jpg'),(337,88,'88_3.jpg'),(338,89,'89_0.jpg'),(339,89,'89_1.jpg'),(340,89,'89_2.jpg'),(341,89,'89_3.jpg'),(342,90,'90_0.jpg'),(343,90,'90_1.jpg'),(344,90,'90_2.jpg'),(345,90,'90_3.jpg'),(346,91,'91_0.jpg'),(347,91,'91_1.jpg'),(348,91,'91_2.jpg'),(349,91,'91_3.jpg'),(350,92,'92_0.jpg'),(351,93,'93_0.jpg'),(352,93,'93_1.jpg'),(353,93,'93_2.jpg'),(354,93,'93_3.jpg'),(355,94,'94_0.jpg'),(356,94,'94_1.jpg'),(357,94,'94_2.jpg'),(358,94,'94_3.jpg'),(359,95,'95_0.jpg'),(360,95,'95_1.jpg'),(361,96,'96_0.jpg'),(362,96,'96_1.jpg'),(363,96,'96_2.jpg'),(364,96,'96_3.jpg'),(365,96,'96_4.jpg'),(366,96,'96_5.jpg'),(367,97,'97_0.jpg'),(368,97,'97_1.jpg'),(369,97,'97_2.jpg'),(370,97,'97_3.jpg'),(371,97,'97_4.jpg'),(372,97,'97_5.jpg'),(373,97,'97_6.jpg'),(374,97,'97_7.jpg'),(375,97,'97_8.jpg'),(376,98,'98_0.jpg'),(377,98,'98_1.jpg'),(378,98,'98_2.jpg'),(379,98,'98_3.jpg'),(380,98,'98_4.jpg'),(381,98,'98_5.jpg'),(382,98,'98_6.jpg'),(383,98,'98_7.jpg'),(384,99,'99_0.jpg'),(385,99,'99_1.jpg'),(386,99,'99_2.jpg'),(387,99,'99_3.jpg'),(388,99,'99_4.jpg'),(389,99,'99_5.jpg'),(390,99,'99_6.jpg'),(391,99,'99_7.jpg'),(392,99,'99_8.jpg'),(393,100,'100_0.jpg'),(394,100,'100_1.jpg'),(395,100,'100_2.jpg'),(396,100,'100_3.jpg'),(397,100,'100_4.jpg'),(398,100,'100_5.jpg'),(399,100,'100_6.jpg'),(400,100,'100_7.jpg'),(401,101,'101_0.jpg'),(402,101,'101_1.jpg'),(403,101,'101_2.jpg'),(404,101,'101_3.jpg'),(405,102,'102_0.jpg'),(406,102,'102_1.jpg'),(407,102,'102_2.jpg'),(408,102,'102_3.jpg'),(409,102,'102_4.jpg'),(410,103,'103_0.jpg'),(411,103,'103_1.jpg'),(412,103,'103_2.jpg'),(413,103,'103_3.jpg'),(414,103,'103_4.jpg'),(415,103,'103_5.jpg'),(416,103,'103_6.jpg'),(417,103,'103_7.jpg'),(418,104,'104_0.jpg'),(419,104,'104_1.jpg'),(420,104,'104_2.jpg'),(421,104,'104_3.jpg'),(422,105,'105_0.jpg'),(423,105,'105_1.jpg'),(424,105,'105_2.jpg'),(425,105,'105_3.jpg'),(426,105,'105_4.jpg'),(427,105,'105_5.jpg'),(428,105,'105_6.jpg'),(429,105,'105_7.jpg'),(430,105,'105_8.jpg'),(431,105,'105_9.jpg'),(432,105,'105_10.jpg'),(433,106,'106_0.jpg'),(434,106,'106_1.jpg'),(435,106,'106_2.jpg'),(436,106,'106_3.jpg'),(437,106,'106_4.jpg'),(438,106,'106_5.jpg'),(439,106,'106_6.jpg'),(440,106,'106_7.jpg'),(441,106,'106_8.jpg'),(442,106,'106_9.jpg'),(443,106,'106_10.jpg'),(444,106,'106_11.jpg'),(445,106,'106_12.jpg'),(446,106,'106_13.jpg'),(447,107,'107_0.jpg'),(448,107,'107_1.jpg'),(449,107,'107_2.jpg'),(450,107,'107_3.jpg'),(451,107,'107_4.jpg'),(452,107,'107_5.jpg'),(453,107,'107_6.jpg'),(454,107,'107_7.jpg'),(455,107,'107_8.jpg'),(456,107,'107_9.jpg'),(457,107,'107_10.jpg'),(458,107,'107_11.jpg'),(459,107,'107_12.jpg'),(460,107,'107_13.jpg'),(461,108,'108_0.jpg'),(462,108,'108_1.jpg'),(463,108,'108_2.jpg'),(464,108,'108_3.jpg'),(465,108,'108_4.jpg'),(466,108,'108_5.jpg'),(467,108,'108_6.jpg'),(468,108,'108_7.jpg'),(469,108,'108_8.jpg'),(470,108,'108_9.jpg'),(471,108,'108_10.jpg'),(472,108,'108_11.jpg'),(473,108,'108_12.jpg'),(474,108,'108_13.jpg'),(475,108,'108_14.jpg'),(476,108,'108_15.jpg'),(477,108,'108_16.jpg'),(478,108,'108_17.jpg'),(479,108,'108_18.jpg'),(480,108,'108_19.jpg'),(481,109,'109_0.jpg'),(482,109,'109_1.jpg'),(483,109,'109_2.jpg'),(484,109,'109_3.jpg'),(485,109,'109_4.jpg'),(486,109,'109_5.jpg'),(487,109,'109_6.jpg'),(488,109,'109_7.jpg'),(489,109,'109_8.jpg'),(490,109,'109_9.jpg'),(491,109,'109_10.jpg'),(492,109,'109_11.jpg'),(493,109,'109_12.jpg'),(494,109,'109_13.jpg'),(495,109,'109_14.jpg'),(496,109,'109_15.jpg'),(497,109,'109_16.jpg'),(498,109,'109_17.jpg'),(499,109,'109_18.jpg'),(500,109,'109_19.jpg'),(501,110,'110_0.jpg'),(502,110,'110_1.jpg'),(503,110,'110_2.jpg'),(504,110,'110_3.jpg'),(505,110,'110_4.jpg'),(506,110,'110_5.jpg'),(507,110,'110_6.jpg'),(508,110,'110_7.jpg'),(509,110,'110_8.jpg'),(510,110,'110_9.jpg'),(511,110,'110_10.jpg'),(512,110,'110_11.jpg'),(513,110,'110_12.jpg'),(514,111,'111_0.jpg'),(515,111,'111_1.jpg'),(516,111,'111_2.jpg'),(517,111,'111_3.jpg'),(518,111,'111_4.jpg'),(519,111,'111_5.jpg'),(520,111,'111_6.jpg'),(521,111,'111_7.jpg'),(522,111,'111_8.jpg'),(523,111,'111_9.jpg'),(524,111,'111_10.jpg'),(525,111,'111_11.jpg'),(526,111,'111_12.jpg'),(527,111,'111_13.jpg'),(528,111,'111_14.jpg'),(529,111,'111_15.jpg'),(530,111,'111_16.jpg'),(531,111,'111_17.jpg'),(532,112,'112_0.jpg'),(533,112,'112_1.jpg'),(534,112,'112_2.jpg'),(535,112,'112_3.jpg'),(536,112,'112_4.jpg'),(537,112,'112_5.jpg'),(538,112,'112_6.jpg'),(539,112,'112_7.jpg'),(540,112,'112_8.jpg'),(541,112,'112_9.jpg'),(542,113,'113_0.jpg'),(543,113,'113_1.jpg'),(544,113,'113_2.jpg'),(545,113,'113_3.jpg'),(546,113,'113_4.jpg'),(547,113,'113_5.jpg'),(548,113,'113_6.jpg'),(549,113,'113_7.jpg'),(550,113,'113_8.jpg'),(551,113,'113_9.jpg'),(552,114,'114_0.jpg'),(553,114,'114_1.jpg'),(554,114,'114_2.jpg'),(555,114,'114_3.jpg'),(556,114,'114_4.jpg'),(557,114,'114_5.jpg'),(558,114,'114_6.jpg'),(559,114,'114_7.jpg'),(560,114,'114_8.jpg'),(561,114,'114_9.jpg'),(562,114,'114_10.jpg'),(563,114,'114_11.jpg'),(564,114,'114_12.jpg'),(565,115,'115_0.jpg'),(566,115,'115_1.jpg'),(567,115,'115_2.jpg'),(568,115,'115_3.jpg'),(569,115,'115_4.jpg'),(570,115,'115_5.jpg'),(571,115,'115_6.jpg'),(572,115,'115_7.jpg'),(573,115,'115_8.jpg'),(574,115,'115_9.jpg'),(575,115,'115_10.jpg'),(576,115,'115_11.jpg'),(577,115,'115_12.jpg'),(578,115,'115_13.jpg'),(579,115,'115_14.jpg'),(580,115,'115_15.jpg'),(581,116,'116_0.jpg'),(582,116,'116_1.jpg'),(583,116,'116_2.jpg'),(584,116,'116_3.jpg'),(585,116,'116_4.jpg'),(586,116,'116_5.jpg'),(587,116,'116_6.jpg'),(588,116,'116_7.jpg'),(589,116,'116_8.jpg'),(590,116,'116_9.jpg'),(591,116,'116_10.jpg'),(592,116,'116_11.jpg'),(593,116,'116_12.jpg'),(594,116,'116_13.jpg'),(595,116,'116_14.jpg'),(596,116,'116_15.jpg'),(597,116,'116_16.jpg'),(598,116,'116_17.jpg'),(599,116,'116_18.jpg'),(600,116,'116_19.jpg'),(601,117,'117_0.jpg'),(602,117,'117_1.jpg'),(603,117,'117_2.jpg'),(604,117,'117_3.jpg'),(605,117,'117_4.jpg'),(606,117,'117_5.jpg'),(607,117,'117_6.jpg'),(608,117,'117_7.jpg'),(609,117,'117_8.jpg'),(610,117,'117_9.jpg'),(611,117,'117_10.jpg'),(612,117,'117_11.jpg'),(613,117,'117_12.jpg'),(614,117,'117_13.jpg'),(615,117,'117_14.jpg'),(616,118,'118_0.jpg'),(617,118,'118_1.jpg'),(618,118,'118_2.jpg'),(619,118,'118_3.jpg'),(620,118,'118_4.jpg'),(621,118,'118_5.jpg'),(622,119,'119_0.jpg'),(623,119,'119_1.jpg'),(624,119,'119_2.jpg'),(625,119,'119_3.jpg'),(626,119,'119_4.jpg'),(627,119,'119_5.jpg'),(628,119,'119_6.jpg'),(629,119,'119_7.jpg'),(630,119,'119_8.jpg'),(631,119,'119_9.jpg'),(632,119,'119_10.jpg'),(633,119,'119_11.jpg'),(634,119,'119_12.jpg'),(635,119,'119_13.jpg'),(636,119,'119_14.jpg'),(637,119,'119_15.jpg'),(638,119,'119_16.jpg'),(639,120,'120_0.jpg'),(640,120,'120_1.jpg'),(641,120,'120_2.jpg'),(642,120,'120_3.jpg'),(643,120,'120_4.jpg'),(644,120,'120_5.jpg'),(645,120,'120_6.jpg'),(646,120,'120_7.jpg'),(647,120,'120_8.jpg'),(648,120,'120_9.jpg'),(649,120,'120_10.jpg'),(650,120,'120_11.jpg'),(651,120,'120_12.jpg'),(652,121,'121_0.jpg'),(653,121,'121_1.jpg'),(654,121,'121_2.jpg'),(655,121,'121_3.jpg'),(656,121,'121_4.jpg'),(657,121,'121_5.jpg'),(658,121,'121_6.jpg'),(659,121,'121_7.jpg'),(660,121,'121_8.jpg'),(661,121,'121_9.jpg'),(662,121,'121_10.jpg'),(663,121,'121_11.jpg'),(664,122,'122_0.jpg'),(665,122,'122_1.jpg'),(666,122,'122_2.jpg'),(667,122,'122_3.jpg'),(668,122,'122_4.jpg'),(669,122,'122_5.jpg'),(670,122,'122_6.jpg'),(671,122,'122_7.jpg'),(672,122,'122_8.jpg'),(673,122,'122_9.jpg'),(674,122,'122_10.jpg'),(675,122,'122_11.jpg'),(676,122,'122_12.jpg'),(677,123,'123_0.jpg'),(678,123,'123_1.jpg'),(679,123,'123_2.jpg'),(680,123,'123_3.jpg'),(681,123,'123_4.jpg'),(682,123,'123_5.jpg'),(683,123,'123_6.jpg'),(684,124,'124_0.jpg'),(685,124,'124_1.jpg'),(686,124,'124_2.jpg'),(687,124,'124_3.jpg'),(688,124,'124_4.jpg'),(689,124,'124_5.jpg'),(690,124,'124_6.jpg'),(691,125,'125_0.jpg'),(692,125,'125_1.jpg'),(693,125,'125_2.jpg'),(694,125,'125_3.jpg'),(695,125,'125_4.jpg'),(696,125,'125_5.jpg'),(697,125,'125_6.jpg'),(698,125,'125_7.jpg'),(699,125,'125_8.jpg'),(700,126,'126_0.jpg'),(701,126,'126_1.jpg'),(702,126,'126_2.jpg'),(703,126,'126_3.jpg'),(704,126,'126_4.jpg'),(705,126,'126_5.jpg'),(706,126,'126_6.jpg'),(707,126,'126_7.jpg'),(708,126,'126_8.jpg'),(709,127,'127_0.jpg'),(710,127,'127_1.jpg'),(711,127,'127_2.jpg'),(712,127,'127_3.jpg'),(713,127,'127_4.jpg'),(714,127,'127_5.jpg'),(715,127,'127_6.jpg'),(716,127,'127_7.jpg'),(717,127,'127_8.jpg'),(718,127,'127_9.jpg'),(719,127,'127_10.jpg'),(720,128,'128_0.jpg'),(721,128,'128_1.jpg'),(722,128,'128_2.jpg'),(723,128,'128_3.jpg'),(724,128,'128_4.jpg'),(725,128,'128_5.jpg'),(726,128,'128_6.jpg'),(727,128,'128_7.jpg'),(728,128,'128_8.jpg'),(729,128,'128_9.jpg'),(730,128,'128_10.jpg'),(731,129,'129_0.jpg'),(732,129,'129_1.jpg'),(733,129,'129_2.jpg'),(734,129,'129_3.jpg'),(735,130,'130_0.jpg'),(736,130,'130_1.jpg'),(737,130,'130_2.jpg'),(738,131,'131_0.jpg'),(739,131,'131_1.jpg'),(740,131,'131_2.jpg'),(741,131,'131_3.jpg'),(742,132,'132_0.jpg'),(743,132,'132_1.jpg'),(744,132,'132_2.jpg'),(745,132,'132_3.jpg'),(746,132,'132_4.jpg'),(747,132,'132_5.jpg'),(748,132,'132_6.jpg'),(749,132,'132_7.jpg'),(750,132,'132_8.jpg'),(751,132,'132_9.jpg'),(752,133,'133_0.jpg'),(753,133,'133_1.jpg'),(754,133,'133_2.jpg'),(755,133,'133_3.jpg'),(756,133,'133_4.jpg'),(757,133,'133_5.jpg'),(758,133,'133_6.jpg'),(759,133,'133_7.jpg'),(760,133,'133_8.jpg'),(761,134,'134_0.jpg'),(762,134,'134_1.jpg'),(763,135,'135_0.jpg'),(764,135,'135_1.jpg'),(765,135,'135_2.jpg'),(766,135,'135_3.jpg'),(767,135,'135_4.jpg'),(768,135,'135_5.jpg'),(769,136,'136_0.jpg'),(770,136,'136_1.jpg'),(771,136,'136_2.jpg'),(772,136,'136_3.jpg'),(773,136,'136_4.jpg'),(774,136,'136_5.jpg'),(775,137,'137_0.jpg'),(776,137,'137_1.jpg'),(777,137,'137_2.jpg'),(778,137,'137_3.jpg'),(779,137,'137_4.jpg'),(780,137,'137_5.jpg'),(781,137,'137_6.jpg'),(782,137,'137_7.jpg'),(783,137,'137_8.jpg'),(784,138,'138_0.jpg'),(785,138,'138_1.jpg'),(786,138,'138_2.jpg'),(787,138,'138_3.jpg'),(788,138,'138_4.jpg'),(789,139,'139_0.jpg'),(790,139,'139_1.jpg'),(791,139,'139_2.jpg'),(792,140,'140_0.jpg'),(793,140,'140_1.jpg'),(794,141,'141_0.jpg'),(795,141,'141_1.jpg'),(796,141,'141_2.jpg'),(797,141,'141_3.jpg'),(798,141,'141_4.jpg'),(799,141,'141_5.jpg'),(800,141,'141_6.jpg'),(801,141,'141_7.jpg'),(802,141,'141_8.jpg'),(803,141,'141_9.jpg'),(804,141,'141_10.jpg'),(805,141,'141_11.jpg'),(806,141,'141_12.jpg'),(807,141,'141_13.jpg'),(808,141,'141_14.jpg'),(809,141,'141_15.jpg'),(810,141,'141_16.jpg'),(811,141,'141_17.jpg'),(812,141,'141_18.jpg'),(813,141,'141_19.jpg'),(814,141,'141_20.jpg'),(815,142,'142_0.jpg'),(816,142,'142_1.jpg'),(817,143,'143_0.jpg'),(818,143,'143_1.jpg'),(819,143,'143_2.jpg'),(820,143,'143_3.jpg'),(821,143,'143_4.jpg'),(822,143,'143_5.jpg'),(823,143,'143_6.jpg'),(824,143,'143_7.jpg'),(825,143,'143_8.jpg'),(826,143,'143_9.jpg'),(827,143,'143_10.jpg'),(828,143,'143_11.jpg'),(829,143,'143_12.jpg'),(830,143,'143_13.jpg'),(831,143,'143_14.jpg'),(832,144,'144_0.jpg'),(833,144,'144_1.jpg'),(834,144,'144_2.jpg'),(835,144,'144_3.jpg'),(836,144,'144_4.jpg'),(837,144,'144_5.jpg'),(838,144,'144_6.jpg'),(839,145,'145_0.jpg'),(840,146,'146_0.jpg'),(841,147,'147_0.jpg'),(842,147,'147_1.jpg'),(843,148,'148_0.jpg'),(844,149,'149_0.jpg'),(845,150,'150_0.jpg'),(846,150,'150_1.jpg'),(847,150,'150_2.jpg'),(848,151,'151_0.jpg'),(849,151,'151_1.jpg'),(850,152,'152_0.jpg'),(851,153,'153_0.jpg'),(852,154,'154_0.jpg'),(853,155,'155_0.jpg'),(854,156,'156_0.jpg'),(855,157,'157_0.jpg'),(856,157,'157_1.jpg'),(857,158,'158_0.jpg'),(858,158,'158_1.jpg'),(859,158,'158_2.jpg'),(860,159,'159_0.jpg'),(861,160,'160_0.jpg'),(862,161,'161_0.jpg'),(863,161,'161_1.jpg'),(864,161,'161_2.jpg'),(865,161,'161_3.jpg'),(866,162,'162_0.jpg'),(867,162,'162_1.jpg'),(868,162,'162_2.jpg'),(869,163,'163_0.jpg'),(870,163,'163_1.jpg'),(871,164,'164_0.jpg'),(872,164,'164_1.jpg'),(873,164,'164_2.jpg'),(874,164,'164_3.jpg'),(875,165,'165_0.jpg'),(876,165,'165_1.jpg'),(877,165,'165_2.jpg'),(878,166,'166_0.jpg'),(879,167,'167_0.jpg'),(880,168,'168_0.jpg'),(881,168,'168_1.jpg'),(882,169,'169_0.jpg'),(883,170,'170_0.jpg'),(884,170,'170_1.jpg'),(885,171,'171_0.jpg'),(886,171,'171_1.jpg'),(887,171,'171_2.jpg'),(888,171,'171_3.jpg'),(889,172,'172_0.jpg'),(890,173,'173_0.jpg'),(891,173,'173_1.jpg'),(892,174,'174_0.jpg'),(893,174,'174_1.jpg'),(894,175,'175_0.jpg'),(895,175,'175_1.jpg'),(896,176,'176_0.jpg'),(897,176,'176_1.jpg'),(898,177,'177_0.jpg'),(899,178,'178_0.jpg'),(900,178,'178_1.jpg'),(901,179,'179_0.jpg'),(902,179,'179_1.jpg'),(903,180,'180_0.jpg'),(904,180,'180_1.jpg'),(905,181,'181_0.jpg'),(906,181,'181_1.jpg'),(907,182,'182_0.jpg'),(908,183,'183_0.jpg'),(909,184,'184_0.jpg'),(910,185,'185_0.jpg'),(911,185,'185_1.jpg'),(912,185,'185_2.jpg'),(913,186,'186_0.jpg'),(914,186,'186_1.jpg'),(915,186,'186_2.jpg'),(916,186,'186_3.jpg'),(917,187,'187_0.jpg'),(918,187,'187_1.jpg'),(919,187,'187_2.jpg'),(920,187,'187_3.jpg'),(921,188,'188_0.jpg'),(922,188,'188_1.jpg'),(923,188,'188_2.jpg'),(924,188,'188_3.jpg'),(925,189,'189_0.jpg'),(926,189,'189_1.jpg'),(927,189,'189_2.jpg'),(928,189,'189_3.jpg'),(929,190,'190_0.jpg'),(930,190,'190_1.jpg'),(931,190,'190_2.jpg'),(932,190,'190_3.jpg'),(933,190,'190_4.jpg'),(934,191,'191_0.jpg'),(935,191,'191_1.jpg'),(936,191,'191_2.jpg'),(937,192,'192_0.jpg'),(938,192,'192_1.jpg'),(939,192,'192_2.jpg'),(940,192,'192_3.jpg');
/*!40000 ALTER TABLE `images` ENABLE KEYS */;
UNLOCK TABLES;

--
-- Table structure for table `orders`
--

DROP TABLE IF EXISTS `orders`;
/*!40101 SET @saved_cs_client     = @@character_set_client */;
/*!50503 SET character_set_client = utf8mb4 */;
CREATE TABLE `orders` (
  `id` int NOT NULL AUTO_INCREMENT,
  `user_id` int NOT NULL,
  `addres` varchar(45) NOT NULL,
  `date_ordered` datetime NOT NULL,
  PRIMARY KEY (`id`,`user_id`),
  KEY `fk_orders_user1_idx` (`user_id`),
  CONSTRAINT `fk_orders_user1` FOREIGN KEY (`user_id`) REFERENCES `users` (`id`)
) ENGINE=InnoDB DEFAULT CHARSET=utf8mb4 COLLATE=utf8mb4_0900_ai_ci;
/*!40101 SET character_set_client = @saved_cs_client */;

--
-- Dumping data for table `orders`
--

LOCK TABLES `orders` WRITE;
/*!40000 ALTER TABLE `orders` DISABLE KEYS */;
/*!40000 ALTER TABLE `orders` ENABLE KEYS */;
UNLOCK TABLES;

--
-- Table structure for table `orders_has_products`
--

DROP TABLE IF EXISTS `orders_has_products`;
/*!40101 SET @saved_cs_client     = @@character_set_client */;
/*!50503 SET character_set_client = utf8mb4 */;
CREATE TABLE `orders_has_products` (
  `orders_id` int NOT NULL,
  `products_id` int NOT NULL,
  `number_of_product_ordered` int NOT NULL,
  PRIMARY KEY (`orders_id`,`products_id`),
  KEY `fk_orders_has_products_products1_idx` (`products_id`),
  KEY `fk_orders_has_products_orders1_idx` (`orders_id`),
  CONSTRAINT `fk_orders_has_products_orders1` FOREIGN KEY (`orders_id`) REFERENCES `orders` (`id`),
  CONSTRAINT `fk_orders_has_products_products1` FOREIGN KEY (`products_id`) REFERENCES `products` (`id`)
) ENGINE=InnoDB DEFAULT CHARSET=utf8mb4 COLLATE=utf8mb4_0900_ai_ci;
/*!40101 SET character_set_client = @saved_cs_client */;

--
-- Dumping data for table `orders_has_products`
--

LOCK TABLES `orders_has_products` WRITE;
/*!40000 ALTER TABLE `orders_has_products` DISABLE KEYS */;
/*!40000 ALTER TABLE `orders_has_products` ENABLE KEYS */;
UNLOCK TABLES;

--
-- Table structure for table `products`
--

DROP TABLE IF EXISTS `products`;
/*!40101 SET @saved_cs_client     = @@character_set_client */;
/*!50503 SET character_set_client = utf8mb4 */;
CREATE TABLE `products` (
  `id` int NOT NULL AUTO_INCREMENT,
  `name` varchar(255) NOT NULL,
  `description` text NOT NULL,
  `price` decimal(10,2) NOT NULL,
  PRIMARY KEY (`id`),
  UNIQUE KEY `name_UNIQUE` (`name`)
) ENGINE=InnoDB AUTO_INCREMENT=193 DEFAULT CHARSET=utf8mb4 COLLATE=utf8mb4_0900_ai_ci;
/*!40101 SET character_set_client = @saved_cs_client */;

--
-- Dumping data for table `products`
--

LOCK TABLES `products` WRITE;
/*!40000 ALTER TABLE `products` DISABLE KEYS */;
INSERT INTO `products` VALUES (1,'Tailwalk L-Jiggys SSD Джигинг въдица','**Въдица Tailwalk L-Jiggys SSD S6400/FSL**\n\n  * Дължина: 1.93 m / 6\'4\'\'\n  * Брой секции: 1&H\n  * Транспортна дължина: 125 cm\n  * Тегло: 112 g\n  * Работен диапазон: max 80 g\n  * Тест по влакно: max 1.0 PE\n\n',550.00),(2,'Tailwalk Salty Shape Dash Micro Gamer - 2023 Спининг въдица','**Въдица Tailwalk Salty Shape Dash Micro Gamer S66UL - 2023**\n\n  * Дължина: 1.98 m / 6\'6\'\'\n  * Двуделна\n  * Транспортна дължина: 102 cm\n  * Тегло: 85 g\n  * Работен диапазон: max 12 g\n  * Тест по влакно: max 0.6 PE\n\n**Въдица Tailwalk Salty Shape Dash Micro Gamer S610UL - 2023**\n\n  * Дължина: 2.08 m / 6\'10\'\'\n  * Двуделна\n  * Транспортна дължина: 107 cm\n  * Тегло: 88 g\n  * Работен диапазон: max 14 g\n  * Тест по влакно: max 0.6 PE\n\n**Въдица Tailwalk Salty Shape Dash Micro Gamer S74UL - 2023**\n\n  * Дължина: 2.24 m / 7\'4\'\'\n  * Двуделна\n  * Транспортна дължина: 115 cm\n  * Тегло: 93 g\n  * Работен диапазон: max 16 g\n  * Тест по влакно: max 0.6 PE\n\n',490.00),(3,'Shimano Lunamis Casting Inshore Кастинг въдица','Със своите подобрени характеристики, серията Lunamis на Shimano е тук, за да\nпредложи ново, по-добро изживяване за всички любители на риболова. При\nизработването на този модел е обърнато специално внимание на лекотата на\nбланката и високата чувствителност на върха.\n\n',829.00),(4,'Savage Gear SGS2 Light Game Спининг въдица','Savage Gear SGS2 Light Game е серия лайт въдици предназначени за риболов с\nмалки до средни примамки. Перфектно балансирана, бърза и много чуствителна\nбланка, която сработва отлично при улов, така че рибата да не се откача по\nвреме на вадене или да се разкъсва нейната уста. Страхотна лайт въдица\nподходяща за морски и сладководен риболов с всякакъв вид примамки. Въдицата\nима достатъчно мощ, за да се справи с улов и на по-едри хищници.\n\n',185.00),(5,'Tailwalk Namazon Травъл спининг въдица','**Въдица Tailwalk Namazon S674MH**\n\n  * Дължина: 2.00 m / 6\'7\'\'\n  * Четириделна\n  * Транспортна дължина: 54.50 cm\n  * Тегло: 150 g\n  * Работен диапазон: 5.30 g - 42.50 g\n  * Тест по влакно: 10 lb - 20 lb\n  * Водачи: Fuji \n  * Макародържач: Fuji\n\n**Въдица Tailwalk Namazon S765MH**\n\n  * Дължина: 2.28 m / 7\'6\'\'\n  * Петделна\n  * Транспортна дължина: 51.00 cm\n  * Тегло: 190 g\n  * Работен диапазон: 5.35 g - 42.50 g\n  * Тест по влакно: 10 lb - 20 lb\n  * Водачи: Fuji \n  * Макародържач: Fuji\n\n',420.00),(6,'Shimano Salty Advance Spinning Sea Bass Спининг въдица','Серия спининг въдици, разработени за Японския пазар (JDM). Бланките са изцяло\nкарбонови и са с акция \"medium-fast\" , което означава че имат отлични кастинг\nкачества. Въдицата е способна да \"изтреля\" примамката на много далечно\nразстояние. Бланката е перфектно балансирана - перфектни кастинг качества в\nкомбинация с чувствителен връх. Водачите са неръджаеми Fuji Alconite K-type ,\nа дръжката е от ергономичен EVA материал.\n\n',289.00),(7,'Shimano Sustain Spinning Спининг въдица','Ново попълнение в гамата на Shimano за тази година, Sustain е лека въдица с\nизключително бързо действие на върха за прецизно замятане и максимален контрол\nна примамката.\n\n',430.00),(8,'Atec Crazee Light Shore Jig Джигинг въдица','Crazee Light Shore Jig Game е лека и мощна въдица на японската компания Atec.\nБланката е здрава и лекота изстрелва примамките в далечината, а истинската\nсила на въдицата ще усетите, когато се боравяте с риби като лаврак, тон,\nдорадо, баракуда и други хищни риби.\n\n',225.00),(9,'Tailwalk Rize Shooter SSD Джигинг въдица','N/A\n\n',430.00),(10,'Tailwalk Campy II Комплект въдица и макара','С този комплект от Tailwalk получавате въдица, спинкаст макара и монофилно\nвлакно на достъпна цена и готови за употреба.\n\n',130.00),(11,'Atec Crazee Shore Jig Game Джигинг въдица','Моделът Crazee Shore Jig Game е лека и мощна въдица на японската компания\nAtec. Бланката е здрава и лекота изстрелва примамките в далечината, а\nистинската сила на въдицата ще усетите, когато се боравяте с риби като лаврак,\nтон, дорадо, баракуда и други.\n\n',235.00),(12,'Tailwalk Egist SSD Спининг въдица','Въдицата Egist SSD, разработена специално за сепии и калмари, съчетава\nчувствителност и лекота. Основен фактор за тази успешна комбинация е\nизработката от висококачествени материали.\n\n',380.00),(13,'Tailwalk Outback Травъл спининг въдица','Tailwalk Outback е серия спининг травел въдици, които са създадени да се\nнаслажавате на спининг риболова навсякъде където пътувате, било то по-работа\nили на почивка. Въдиците са многофункционални и подходящи за сладководен и\nморски риболов с всякакъв вид примамки до опоменатият тест по примамки на\nвъдицата, която може да бъде навсякъде с вас благодарение на компактната\nтранспортна дължина.\n\n',540.00),(14,'Shimano Cardiff AX Casting Кастинг въдица','**Въдица Shimano Cardiff AX Casting 1,93m 6\'4\" 1,5-8g**\n\n  * Дължина: 1.93м\n  * Двуделна\n  * Транспортна дължина: 100 cm\n  * Тегло: 93 g\n  * Акция: 1.5-8гр\n\n',621.00),(15,'Shimano Moonshot Spinning Inshore Спининг въдица','ЅНІМАNО Мооnѕhоt e cъздaдeн зa мopcĸи pибoлoв oт бpeгa, бeз знaчeниe дaли e oт\ncĸaли или нa пpиcтaнищe. C тaзи въдицa ce пoлзвaт cpeдни нa paзмep вoблepи,\ncилиĸoни или джигoвe. Heвepoятнa лeĸoтa, бaлaнc и чyвcтвитeлнocт, cъчeтaни c\nнeвepoятeн ĸacтинг.\n\nTaзи въдицa e пpoeĸтиpaнa в Япoния, изpaбoтeнa oт виcoĸoмoдyлнa ĸapбoнoвa\nблaнĸa c Ні-Роwеr Х тexнoлoгия, ĸoeтo я пpaви ycтoйчивa нa ycyĸвaния и бъpзo\nce възcтaнoвявa cтapтoвoтo пoлoжeниe нa въpxa.\n\nBoдaчитe ca FUЈІ К-Туре , зa дa мoжe влaĸнoтo дa ce изнизвa бъpзo пpи ĸacтинг,\nбeз знaчeниe дaли пoлзвaтe плeтeнo или мoнoфил.\n\nС тази въдица без проблем могат да се хвърлят метални джигове до 60 грама.\n\n',351.00),(16,'Savage Gear SGS6 Eging Спининг въдица','SGS6 EGING са въдици предназначени за риболов на калмари и сепия от\nпристанища, скалисти брегове или при газене. Въпреки невероятната си\nчувствителност, бланките в тези въдици предлагат много прогресивно бързо\nдействие. Също така ви позволяват да замятате по-далеч, отколкото бихте\nочаквали.\n\n  * Водачи Fuji от неръждаема стомана SiC K\n  * Макародържач Fuji\n  * Много чувствителни фини бланки\n  * Toray 40T карбон\n  * Висококачествена EVA дръжка\n  * Доставя се в луксозна чанта\n\n',435.00),(17,'Savage Gear SGS5 Precision Lure Specialist Спининг въдица','Перфектно балансирани въдици, създадени за далечно и прецизно замятане с\nпримамки от брега. Снабдени с конусни карбонови бланки Toray, водачи SeaGuide\nCoil Control и макародържачи Competition на Savage Gear, тези въдици\nосигуряват гладко замятане без усилие и изключително удобно боравене.\n\n  * 40T и 30T Toray карбонови бланки\n  * SeaGuide CCS водачи\n  * Savage Gear Competition макародържач\n  * Страхотен дизайн\n  * Удобна EVA дръжка\n  * Луксозна EVA чанта за носене\n\n',349.00),(18,'Savage Gear SG2 Fast Game Спининг въдица','SG2 FAST GAME са въдици, предназначени за риболов както от брега, така и от\nлодка със леки до средно тежки примамки. Перфектно балансирана, бърза и много\nчуствителна бланка, която сработва отлично при улов, така че рибата да не се\nоткача по време на вадене или да се разкъсва нейната уста. Страхотна въдица\nподходяща за риболов на щука, бяла риба и сом с всякакъв вид примамки.\n\n**Въдица Savage Gear SG2 Fast Game 8ft/2.43m F 20-60g**\n\n  * Дължина: 2.43 m / 8\'\n  * Секции: 2\n  * Транспортна дължина: 125 cm\n  * Тегло: 168 g\n  * Работен диапазон: 20-60 g\n\n**Въдица Savage Gear SG2 Fast Game 8ft11inch/2.71m F 20-60g**\n\n  * Дължина: 2.71 m / 8\'11’’\n  * Секции: 2\n  * Транспортна дължина: 140 cm\n  * Тегло: 193 g\n  * Работен диапазон: 20-60 g\n\n**Въдица Savage Gear SG2 Fast Game 8ft6inch/2.59m F 25-70g**\n\n  * Дължина: 2.59 m / 8\'6’’\n  * Секции: 2\n  * Транспортна дължина: 133 cm\n  * Тегло: 194 g\n  * Работен диапазон: 25-70 g\n\n**Въдица Savage Gear SG2 Fast Game 7ft3inch/2.21m F 25-70g**\n\n  * Дължина: 2.21 m / 7\'3’’\n  * Секции: 2\n  * Транспортна дължина: 114 cm\n  * Тегло: 170 g\n  * Работен диапазон: 25-70 g\n\n',189.00),(19,'Tailwalk Taigame SSD C Тайръбър въдица','Tailwalk Taigame SSD e изключителнo добра серия тайръбър въдици с цяла и\nплътна бланка. Оборудвани са с висококачествени Fuji Sic водачи, които са със\nспециална спираловидна подредба, направена за намаляване на броя на водачите,\nкоето води до намаляване на теглото на въдицата.\n\n**C61XXH/FSL**\n\n  * Дължина: 1.86м\n  * Транспортна дължина: 139см\n  * Тегло: 150 грама\n  * Тест по примамки: Мах 300g\n  * Драг: Max 4kg\n\n**C69H/FSL**\n\n  * Дължина: 2.10м\n  * Транспортна дължина: 159см\n  * Тегло: 155 грама\n  * Тест по примамки: Мах 280g\n  * Драг: Max 3kg\n\n**C69MH/FSL**\n\n  * Дължина: 2.10м\n  * Транспортна дължина: 159см\n  * Тегло: 15 грама\n  * Тест по примамки: Мах 240g\n  * Драг: Max 2.8kg\n\n',650.00),(20,'Savage Gear SG4 Crankbait Specialist BC Кастинг въдица','Мощна, добре балансирана и много здрава бланка в окомплектовка с удобна дръжка\nправят тази кастинг въдица отлична за риболов с малки до средно големи\nпримамки.\n\n**Въдица Savage Gear SG4 Crankbait Specialist BC 7ft6inch/2.28m M 10-27g**\n\n  * Дължина: 2.28 m / 7`6\'\'\n  * Секции: 2\n  * Транспортна дължина: 118 cm\n  * Тегло: 131 g\n  * Работен диапазон: 10-27 g\n\n**Въдица Savage Gear SG4 Crankbait Specialist BC 7ft/2.13m M 5-20g**\n\n  * Дължина: 2.13 m / 7`\n  * Секции: 2\n  * Транспортна дължина: 110 cm\n  * Тегло: 122 g\n  * Работен диапазон: 5-20 g\n\n',255.00),(21,'Savage Gear SGS2 Shore Game Спининг въдица','Savage Gear SGS2 Shore Game е серия въдици, които са създадени за риболов от\nбрега със средни до тежки примамки. Перфектно балансирани и с много\nчуствителна бланка. С тази въдица може да се постигат завидни дистанции, което\nя прави отлично решение както за риболов от брега на язовири така и за риболов\nот брега на големи реки.\n\n**Въдица Savage Gear SGS2 Shore Game 9ft3inch/2.82m M M 8-28g**\n\n  * Дължина: 2.82 m / 9\'\'3’\n  * Секции: 2\n  * Транспортна дължина: 148 cm\n  * Тегло: 179 g\n  * Работен диапазон: 8-28 g\n\n**Въдица Savage Gear SGS2 Shore Game 9ft/2.74m M ML 7-24g**\n\n  * Дължина: 2.74 m / 9\'\'\n  * Секции: 2\n  * Транспортна дължина: 145 cm\n  * Тегло: 161 g\n  * Работен диапазон: 7-24 g\n\n**Въдица Savage Gear SGS2 Shore Game 8ft/2.44m M ML 5-20g**\n\n  * Дължина: 2.44 m / 8\'\'\n  * Секции: 2\n  * Транспортна дължина: 132 cm\n  * Тегло: 140 g\n  * Работен диапазон: 5-20 g\n\n',185.00),(22,'Savage Gear SGS2 Inline Boat Game Въдица за морски риболов','SGS2 Inline Boat Game са спининг въдици, предназначени за риболов от лодка.\nВъдицате са с умерено бърз строй и са подходящи за риболов с големи примамки.\n\n**Savage Gear Sgs2 Inline Boat Game 7ft9ftft/2.36M Mf 200-600g**\n\n  * Дължина: 236см\n  * Акция: 200-600 g\n  * Брой секции: 2\n  * Транспортна дължина: 123см\n  * Тегло: 324гр\n\n**Savage Gear Sgs2 Sgs2 Inline Boat Game 7ft9ftft/2.36M Mf 150-400g**\n\n  * Дължина: 236см\n  * Акция: 150-400\n  * Брой секции: 2\n  * Транспортна дължина: 123см\n  * Тегло: 311гр\n\n**Savage Gear Sgs2 Inline Boat Game 7ft/2.13M Mf 150-400g**\n\n  * Дължина: 213см\n  * Акция: 150-400 g\n  * Брой секции: 2\n  * Транспортна дължина: 111см\n  * Тегло: 292гр\n\n**Savage Gear Sgs2 Inline Boat Game 6ft3ft/1.90m Mf 200-600g**\n\n  * Дължина: 190см\n  * Акция: 200-600 g\n  * Брой секции: 2\n  * Транспортна дължина: 100см\n  * Тегло: 290гр\n\n',198.00),(23,'Shimano Cardiff AX Spinning Спининг въдица','**Въдица Shimano Cardiff AX Spinning 1,83m 0,5-4,5g**\n\n  * Дължина: 1.83м\n  * Двуделна\n  * Транспортна дължина: 94 cm\n  * Тегло: 66 g\n  * Акция: 0.5-4.5гр\n\n**Въдица Shimano Cardiff AX Spinning 1,98m 0,7-6g**\n\n  * Дължина: 1.98м\n  * Двуделна\n  * Транспортна дължина: 102 cm\n  * Тегло: 70 g\n  * Акция: 0.7-6гр\n\n**Въдица Shimano Cardiff AX Spinning 1,83m 0,7-6g**\n\n  * Дължина: 1.83м\n  * Двуделна\n  * Транспортна дължина: 94 cm\n  * Тегло: 69 g\n  * Акция: 0.7-6гр\n\n',552.00),(24,'Yarie Shahrazad Спининг въдица','**Въдица Yarie Shahrazad SZ-632XUL KR Model**\n\n  * Дължина: 1.93 m\n  * Двуделна\n  * Транспортна дължина: 108 cm\n  * Тегло: 88 g\n  * Работен диапазон: 0.3-4 g\n\n',1100.00),(25,'Yarie Folgore FG-632UL Спининг въдица','N/A\n\n',890.00),(26,'Tailwalk SSD SLJ Кастинг въдица','**Въдица Tailwalk SSD SLJ C6300/FSL**\n\n  * Дължина: 1.92 m / 6\'3\'\'\n  * Двуделна\n  * Транспортна дължина: 144 cm\n  * Тегло: 115 g\n  * Работен диапазон: max 60 g\n\n',550.00),(27,'Atec Crazee Joy Stick Спининг въдица','**Въдица Atec Crazee Joy Stick 44GS/SB (Sky Blue)**\n\n  * Дължина: 1.34 m / 4\'4\'\'\n  * Едноделна\n  * Транспортна дължина: 134 cm\n  * Тегло: 91 g\n  * Работен диапазон: 1-7 g\n\n**Въдица Atec Crazee Joy Stick 44GS/OL (Orange Leaf)**\n\n  * Дължина: 1.34 m / 4\'4\'\'\n  * Едноделна\n  * Транспортна дължина: 134 cm\n  * Тегло: 91 g\n  * Работен диапазон: 1-7 g\n\n**Въдица Atec Crazee Joy Stick 44GS/GH (Green Hopper)**\n\n  * Дължина: 1.34 m / 4\'4\'\'\n  * Едноделна\n  * Транспортна дължина: 134 cm\n  * Тегло: 91 g\n  * Работен диапазон: 1-7 g\n\n',85.00),(28,'Tailwalk SSD SLJ Джигинг въдица','**Въдица Tailwalk SSD SLJ S631**\n\n  * Дължина: 1.92 m / 6\'3\'\'\n  * Едноделна\n  * Транспортна дължина: 192 cm\n  * Тегло: 110 g\n  * Работен диапазон: max 100 g\n\n**Въдица Tailwalk SSD SLJ S630**\n\n  * Дължина: 1.92 m / 6\'3\'\'\n  * Едноделна\n  * Транспортна дължина: 192 cm\n  * Тегло: 105 g\n  * Работен диапазон: max 80 g\n\n',480.00),(29,'Tailwalk Slow Bump SSD Джигинг въдица','**Въдица Tailwalk Slow Bump SSD 635**\n\n  * Дължина: 1.92 m / 6\'3\'\'\n  * Едноделна\n  * Транспортна дължина: 192 cm\n  * Тегло: 116 g\n  * Работен диапазон: max 500 g\n\n**Въдица Tailwalk Slow Bump SSD 638**\n\n  * Дължина: 1.92 m / 6\'3\'\'\n  * Едноделна\n  * Транспортна дължина: 192 cm\n  * Тегло: 134 g\n  * Работен диапазон: max 650 g\n\n**Въдица Tailwalk Slow Bump SSD 634/FSL**\n\n  * Дължина: 1.92 m / 6\'3\'\'\n  * Двуделна\n  * Транспортна дължина: 144 cm\n  * Тегло: 138 g\n  * Работен диапазон: max 380 g\n\n**Въдица Tailwalk Slow Bump SSD 634**\n\n  * Дължина: 1.92 m / 6\'3\'\'\n  * Едноделна\n  * Транспортна дължина: 192 cm\n  * Тегло: 110 g\n  * Работен диапазон: max 450 g\n\n**Въдица Tailwalk Slow Bump SSD 633**\n\n  * Дължина: 1.92 m / 6\'3\'\'\n  * Едноделна\n  * Транспортна дължина: 192 cm\n  * Тегло: 106 g\n  * Работен диапазон: max 350 g\n\n**Въдица Tailwalk Slow Bump SSD 632**\n\n  * Дължина: 1.92 m / 6\'3\'\'\n  * Едноделна\n  * Транспортна дължина: 192 cm\n  * Тегло: 102 g\n  * Работен диапазон: max 230 g\n\n',490.00),(30,'Shimano Zodias 2020 Спининг въдица','Усъвършенствана и по-чувствителна от всякога, Shimano Zodias 2020 затвърждава\nпозицията си на едно от най-универсалните предложения за спининг въдица в този\nклас. Една от причините за повишената чувствителност на пръчката е новата Full\nCarbon Monocoque дръжка, която елиминира утежняването с EVA ръкохватка и в\nсъщото време конструкцията й предава вибрациите и усещането от движението на\nпримамката и от най-слабото кълване по цялата дължина на бланката по\nизключително осезаем начин. Супер здравият и олекотен макародържач Ci4+\nдопълва тази характеристика и също така осигурява отлично сцепление и\nпредаване на мощността.  \n  \nПерфектният баланс между мощност и финес е обезпечен чрез изпитаната Hi-Power\nX технология, която подобрява здравината и силата, предотвратява усукването на\nпръчката, елиминира загубите на енергия и фактът, че всичко това става с\nпомощта на висок клас карбонови нишки, позволява пръчката да остане невероятно\nлека за мощността си. Прецизността и големите кастинг разстояния при хвърляне\nне представляват никаква трудност за риболовеца, можете да се забавлявате с\nразлични техники и всевъзможни примамки, които ще оживяват под водата много\nповече отколкото обикновено.  \n  \nPremium Fuji Alconite K Series водачите с Fuji SiC връх са леки и\nвисококачествени, а безпроблемната работа с различните влакна и поводи е\nгарантирана. Високата чувствителност и производителност, бързата реакция,\nздравината, лекотата и класното оборудване правят Shimano Zodias Spinning\nуниверсален и стойностен модел - перфектен вариант, ако трябва да изберете\nсамо една въдица за спининг риболов.\n\n**Въдица Shimano Zodias 268L 203cm 3-10g**\n\n  * Дължина: 2.03 m\n  * Секции: 2\n  * Транспортна дължина: 107 cm\n  * Тегло: 95g\n  * Работен диапазон: 3-10 g\n\n**Въдица Shimano Zodias 264UL 1.93m 2-6g**\n\n  * Дължина: 1.93 m\n  * Секции: 2\n  * Транспортна дължина: 102 cm\n  * Тегло: 92g\n  * Работен диапазон: 2-6 g\n\n',349.20),(31,'Savage Gear SG2 Fast Game BC Кастинг въдица','**Savage Gear SG2 Fast Game BC 7ft3inch 2.21m 30-80g**\n\n  * Дължина: 221см\n  * Акция: 30-80гр\n  * Брой секции: 2\n  * Транспортна дължина: 115см\n  * Тегло: 166гр\n  * Строй: Moderate fast\n\n',179.00),(32,'Savage Gear SG2 Fast Game TR Травъл спининг въдица','**Savage Gear SG2 Fast Game TR 8ft/2.43m MF 30-80g**\n\n  * Дължина: 243см\n  * Акция: 30-80гр\n  * Брой секции: 4\n  * Транспортна дължина: 66см\n  * Тегло: 193гр\n  * Строй: Moderate fast\n\n',235.00),(33,'Tailwalk Troutia Feerique Spinning Спининг въдица','**Въдица Tailwalk Troutia Feerique S50L 1.52 m; max 7g**\n\n  * Дължина: 1.52 m / 5\'0\'\'\n  * Двуделна\n  * Транспортна дължина: 79 cm\n  * Тегло: 80 g\n  * Работен диапазон: max 7 g\n  * Тест по влакно: max 6 LB\n\n**Въдица Tailwalk Troutia Feerique S50L-T 1.52 m; max 7g**\n\n  * Дължина: 1.52 m / 5\'0\'\'\n  * Телескопична\n  * Транспортна дължина: 40 cm\n  * Тегло: 82 g\n  * Работен диапазон: max 7 g\n  * Тест по влакно: max 6 LB\n\n',390.00),(34,'Tailwalk Troutia Feerique Casting Кастинг въдица','**Въдица Tailwalk Troutia Feerique C50L-T 1.52 m; max 7g**\n\n  * Дължина: 1.52 m / 5\'0\'\'\n  * Телескопична\n  * Транспортна дължина: 41 cm\n  * Тегло: 85 g\n  * Работен диапазон: max 7 g\n  * Тест по влакно: max 6.0 LB\n\n**Въдица Tailwalk Troutia Feerique C52L 1.58 m; max 7g**\n\n  * Дължина: 1.58 m / 5\'2\'\'\n  * Двуделна\n  * Транспортна дължина: 82 cm\n  * Тегло: 85 g\n  * Работен диапазон: max 7 g\n  * Тест по влакно: max 6 LB\n\n',390.00),(35,'Tailwalk Crimson Спининг въдица','**Въдица Tailwalk Crimson S80MH-F**\n\n  * Дължина: 2.43 m / 8\'0\'\'\n  * Двуделна\n  * Транспортна дължина: 125 cm\n  * Тегло: 128 g\n  * Работен диапазон: max 45 g\n  * Тест по влакно: max 2.0 PE\n\n**Въдица Tailwalk Crimson S82ML-F**\n\n  * Дължина: 2.50 m / 8\'2\'\'\n  * Двуделна\n  * Транспортна дължина: 128 cm\n  * Тегло: 120 g\n  * Работен диапазон: max 28 g\n  * Тест по влакно: max 1.0 PE\n\n**Въдица Tailwalk Crimson S83M-F**\n\n  * Дължина: 2.53 m / 8\'3\'\'\n  * Двуделна\n  * Транспортна дължина: 130 cm\n  * Тегло: 109 g\n  * Работен диапазон: max 35 g\n  * Тест по влакно: max 1.5 PE\n\n**Въдица Tailwalk Crimson S88H-F**\n\n  * Дължина: 2.68 m / 8\'8\'\'\n  * Двуделна\n  * Транспортна дължина: 136 cm\n  * Тегло: 141 g\n  * Работен диапазон: max 50 g\n  * Тест по влакно: max 2.5 PE\n\n**Въдица Tailwalk Crimson S95ML-R**\n\n  * Дължина: 2.90 m / 9\'5\'\'\n  * Двуделна\n  * Транспортна дължина: 148 cm\n  * Тегло: 137 g\n  * Работен диапазон: max 35 g\n  * Тест по влакно: max 1.5 PE\n  * \n\n**Въдица Tailwalk Crimson S98M-R**\n\n  * Дължина: 2.98 m / 9\'8\'\'\n  * Двуделна\n  * Транспортна дължина: 151 cm\n  * Тегло: 144 g\n  * Работен диапазон: max 42 g\n  * Тест по влакно: max 2.0 PE\n\n',480.00),(36,'Shimano FX XT Спининг въдица','**Въдица Shimano FX XT 18L**\n\n  * Дължина: 1.80м\n  * Двуделна\n  * Транспортна дължина: 95 cm\n  * Тегло: 87 g\n  * Акция: 3-14гр\n\n**Въдица Shimano FX XT 21ML**\n\n  * Дължина: 2.10м\n  * Двуделна\n  * Транспортна дължина: 111 cm\n  * Тегло: 118 g\n  * Акция: 7-21гр\n\n**Въдица Shimano FX XT 24M**\n\n  * Дължина: 2.40м\n  * Двуделна\n  * Транспортна дължина: 126 cm\n  * Тегло: 176 g\n  * Акция: 10-30гр\n\n**Въдица Shimano FX XT 24MH**\n\n  * Дължина: 2.40м\n  * Двуделна\n  * Транспортна дължина: 126 cm\n  * Тегло: 189 g\n  * Акция: 14-40гр\n\n  \n\nСерията FX на Shimano е чудесен избор както за начинаещи, така и за напреднали\nриболовци. Притежава здрава XT30+GLASS бланка, която осигурява перфектен\nкастинг. Комбинира се чудесно с макарите от серия FX на Shimano.\n\n',56.00),(37,'Shimano Catana Spinning Спининг въдица','**Въдица Shimano Catana Spinning 60L**\n\nДължина: 1.83м\n\nДвуделна\n\nТранспортна дължина: 92 cm\n\nТегло: 112 g\n\nБрой водачи: 6\n\nАкция: 3-14гр\n\n**Въдица Shimano Catana Spinning** **70ML**\n\nДължина: 2.13м\n\nДвуделна\n\nТранспортна дължина: 108 cm\n\nТегло: 148 g\n\nБрой водачи: 8\n\nАкция: 7-21гр\n\n**Въдица Shimano Catana Spinning 710M**\n\nДължина: 2.39м\n\nДвуделна\n\nТранспортна дължина: 120 cm\n\nТегло: 205 g\n\nБрой водачи: 9\n\nАкция: 7-35гр\n\n  \n\nУнивepcaлнa въдицa oт ЅНІМАNО , пpoизвeдeнa зa pибoлoв нa ĸocтyp, щyĸa, бялa\npибa, ĸeфaл, coм, пъcтъpa и дopи pacпep. C бъpзaтa cи aĸция нямa дa имaтe\nпpoблeм пpи пoдceчĸa, a чpeз чyвcтвитeлния вpъx щe yceщaтe вcяĸo ĸълвaнe и\nвcяĸa aтaĸa. Πoдxoдящa e ĸaĸтo зa pибoлoв нa peĸa, тaĸa в зaтвopeни вoдoeми,\nбeз знaчeниe дaли лoвитe cъc cилиĸoнoви пpимaмĸи или вoблepи.\n\nBoдaчитe ca ЅіС, мaĸapoдъpжaчa e ЅНІМАNО Rееl Ѕеаt, a дpъжĸaтa e изpaбoтeнa oт\nKopĸ.\n\n',93.00),(38,'Tailwalk Micro Shore Jigging SSD Спининг въдица','**Въдица Tailwalk Micro Shore Jigging SSD** **84**\n\n  * Дължина: 2.56 m / 8\'4\'\'\n  * Двуделна\n  * Транспортна дължина: 131 cm\n  * Тегло: 110 g\n  * Работен диапазон: max 20 g\n  * Тест по влакно: max 0.8 PE\n\n**Въдица Tailwalk Micro Shore Jigging SSD 89**\n\n  * Дължина: 2.71 m / 8\'9\'\'\n  * Двуделна\n  * Транспортна дължина: 137 cm\n  * Тегло: 127 g\n  * Работен диапазон: max 20 g\n  * Тест по влакно: max 0.8 PE\n\n',420.00),(39,'Scierra D-Fly Мухарска въдица','D-Fly e стилна, бърза, лека и чувствителна мухарска въдица.\n\nВисокопроизводителните въглеродни пръчки Scierra D-Fly от четири части имат\nцялата тази производителност и повече, в комплект с много атрактивна\nцена.Доставя се с PVC тубус за безопасно транспортиране и съхранение.\n\n  * Качествена АА коркова дръжка\n  * 30T въглеродна заготовка\n  * Алуминиев макародържач с предпазно заключване\n  * SeaGuide водачи\n\n',185.00),(40,'Savage Gear SG4 Light Game BC Кастинг въдица','**Savage Gear SG4 Light Game BC** е серия въдици, предназначени за малки до\nсредни примамки. Перфектно балансирана, бърза и много чуствителна бланка,\nкоято сработва отлично при улов, така че рибата да не се откача по време на\nвадене или да се разкъсва нейната уста. Страхотна въдица подходяща за риболов\nна костур, бяла риба и щука с всякакъв вид примамки. Въдицата има достатъчно\nмощ, за да се справи с улов и на по-едри хищници.\n\n  * Японска Toray бланка\n  * Seaguide CCS водачи с SIN ринг\n  * Seaguide Alien заключване на макародържача\n  * Вградена закачалка за примамки\n  * Страхотен дизайн\n\n',239.00),(41,'Savage Gear SGS4 Precision Lure Specialist Спининг въдица','**SGS4** **Precision Lure Specialist** е прецизно настроена за прецизно\nзамятане с примамки от брега. Въдиците имат бързи, отзивчиви действия, за да\nусетите всяко действие на вашата примамка и с лекота да приложите оживени\nдвижения към нея. Едно добро решение за морски риболов на лаврак и други хищни\nриби.\n\n**SGS4** **Precision Lure Specialist** е прецизно настроена за прецизно\nзамятане с примамки от брега. Въдиците имат бързи, отзивчиви действия, за да\nусетите всяко действие на вашата примамка и с лекота да приложите оживени\nдвижения към нея. Едно добро решение за морски риболов на лаврак и други хищни\nриби.\n\n**Savage Gear SGS4 Precision Lure Specialist 9ft2inch 2.79m 8-44g**\n\n  * Дължина: 279см\n  * Акция: 8-44гр\n  * Брой секции: 2\n  * Транспортна дължина: 144см\n  * Тегло: 175гр\n  * Строй: Fast\n\n**Savage Gear SGS4 Precision Lure Specialist 9ft 2.74m Fast 7-35g**\n\n  * Дължина: 274см\n  * Акция: 7-35гр\n  * Брой секции: 2\n  * Транспортна дължина: 142см\n  * Тегло: 164гр\n  * Строй: Fast\n\n**Savage Gear SGS4 Precision Lure Specialist 9ft6inch/2.90m Fast 7-35g**\n\n  * Дължина: 290см\n  * Акция: 7-35гр\n  * Брой секции: 2\n  * Транспортна дължина: 150см\n  * Тегло: 181гр\n  * Строй: Fast\n\n**Savage Gear SGS4 Precision Lure Specialist 9ft6inch/2.90m Fast 10-45g**\n\n  * Дължина: 290см\n  * Акция: 10-45гр\n  * Брой секции: 2\n  * Транспортна дължина: 150см\n  * Тегло: 192гр\n  * Строй: Fast\n\n',279.00),(42,'Savage Gear SG4 Fast Game Спининг въдица','**SG4 FAST GAME** са въдици, предназначени за риболов както от брега, така и\nот лодка със леки до средно тежки примамки. Перфектно балансирана, бърза и\nмного чуствителна бланка, която сработва отлично при улов, така че рибата да\nне се откача по време на вадене или да се разкъсва нейната уста. Страхотна\nвъдица подходяща за риболов на щука, бяла риба и сом с всякакъв вид примамки.\n\n  * Японска Toray бланка\n  * Seaguide CCS водачи с SIN ринг \n  * Страхотен дизайн\n\n**Въдица Savage Gear SG4 Fast Game 8ft6inch 2.59m 35-90g**\n\n  * Дължина: 2.59 m / 8\'6’’\n  * Секции: 2\n  * Транспортна дължина: 134 cm\n  * Тегло: 199 g\n  * Работен диапазон: 35-90 g\n\n**Въдица Savage Gear** **SG4 Fast Game 8ft6inch 2.59m 30-80g**\n\n  * Дължина: 2.59 m / 8\'6’’\n  * Секции: 2\n  * Транспортна дължина: 134 cm\n  * Тегло: 192 g\n  * Работен диапазон: 30-80 g\n\n**Въдица Savage Gear** **SG4 Fast Game 8ft 2.43m 15-50g**\n\n  * Дължина: 2.43 m / 8’’\n  * Секции: 2\n  * Транспортна дължина: 126 cm\n  * Тегло: 162 g\n  * Работен диапазон: 15-50 g\n\n**Въдица Savage Gear** **SG4 Fast Game 8ft 2.43m 20-60g**\n\n  * Дължина: 2.43 m / 8’’\n  * Секции: 2\n  * Транспортна дължина: 126 cm\n  * Тегло: 175 g\n  * Работен диапазон: 20-60 g\n\n**Въдица Savage Gear** **SG4 Fast Game 7ft3inch 2.21m 25-70g**\n\n  * Дължина: 2.21 m / 7\'3’’\n  * Секции: 2\n  * Транспортна дължина: 114 cm\n  * Тегло: 168 g\n  * Работен диапазон: 25-70 g\n\n**Въдица Savage Gear SG4 Fast Game 8ft6inch 2.59m 25-70g**\n\n  * Дължина: 2.59 m / 8\'6’’\n  * Секции: 2\n  * Транспортна дължина: 134 cm\n  * Тегло: 196 g\n  * Работен диапазон: 25-70 g\n\n',245.00),(43,'Savage Gear SG4 Distance Game Спининг въдица','**SG4 DISTANCE GAME** са въдици, предназначени за риболов от брега със средно\nлеки до тежки примамки. Перфектно балансирана, бърза и много чуствителна\nбланка, която сработва отлично при улов, така че рибата да не се откача по\nвреме на вадене или да се разкъсва нейната уста. Страхотна въдица подходяща за\nриболов на бяла риба, щука и сом с всякакъв вид примамки.\n\n  * Японска Toray бланка\n  * Seaguide CCS водачи с SIN ринг \n  * Страхотен дизайн\n\n',279.00),(44,'Tailwalk Outback Beyond Въдица','**Транспортна дължина:**\n\n  * **S514L** \\- 48см - 4 секции\n  * **S645L** \\- 49см - 5 секции\n  * **S756L** \\- 49см - 6 секции\n  * **S756ML** \\- 49см - 6 секции\n\n',660.00),(45,'Tailwalk Silverna Taki TZ Спининг въдица','**Въдица Tailwalk Silverna Taki TZ 57 Limited**\n\n  * Дължина: 1.72 m / 5\' 7\'\'\n  * Едноделна\n  * Транспортна дължина: 172 cm\n  * Тегло: 58 g\n  * Работен диапазон: MAX 4g\n  * Тест по влакно: MAX 4 lb\n  * Водачи: Fuji SiC\n  * Макародържач: Fuji\n\n**Въдица Tailwalk Silverna Taki TZ 61 Limited**\n\n  * Дължина: 1.86 m / 6\' 1\'\'\n  * Едноделна\n  * Транспортна дължина: 186 cm\n  * Тегло: 59 g\n  * Работен диапазон: MAX 4g\n  * Тест по влакно: MAX 4 lb\n  * Водачи: Fuji SiC\n  * Макародържач: Fuji\n\n**Въдица Tailwalk Silverna Taki TZ 62 Limited**\n\n  * Дължина: 1.89 m / 6\' 2\'\'\n  * Едноделна\n  * Транспортна дължина: 189 cm\n  * Тегло: 61 g\n  * Работен диапазон: MAX 7g\n  * Тест по влакно: MAX 4 lb\n  * Водачи: Fuji SiC\n  * Макародържач: Fuji\n\n**Въдица Tailwalk Silverna Taki TZ 64 Limited**\n\n  * Дължина: 1.95 m / 6\' 4\'\'\n  * Едноделна\n  * Транспортна дължина: 195 cm\n  * Тегло: 57 g\n  * Работен диапазон: MAX 4g\n  * Тест по влакно: MAX 4 lb\n  * Водачи: Fuji SiC\n  * Макародържач: Fuji\n\n',880.00),(46,'Tailwalk Bay Mixx SSD Спининг въдица','Въдица Tailwalk Bay Mixx SSD S69L\n\n  * Дължина: 2.10 m / 6\' 9\'\'\n  * Двуделна\n  * Транспортна дължина: 106 cm\n  * Тегло: 85 g\n  * Работен диапазон: 3.5 g - 21 g\n  * Тест по влакно: 0.4 – 0.8 PE\n\n',360.00),(47,'Tailwalk Backhoo Tres Casting Кастинг въдица','**Въдица Tailwalk Backhoo Tres Casting C652M**\n\n  * Дължина: 1.98 m / 6\' 5\'\'\n  * Двуделна\n  * Транспортна дължина: 102 cm\n  * Тегло: 110 g\n  * Работен диапазон: 5 g - 21 g\n  * Тест по влакно: 6 lb - 14 lb\n  * Водачи: Fuji SiC\n  * Макародържач: Fuji\n\n**Въдица Tailwalk Backhoo Tres Casting C652ML**\n\n  * Дължина: 1.98 m / 6\' 5\'\'\n  * Двуделна\n  * Транспортна дължина: 102 cm\n  * Тегло: 100 g\n  * Работен диапазон: 3.5 g - 11 g\n  * Тест по влакно: 6 lb - 12 lb\n  * Водачи: Fuji SiC\n  * Макародържач: Fuji\n\n**Въдица Tailwalk Backhoo Tres Casting C682MH**\n\n  * Дължина: 2.07 m / 6\' 8\'\'\n  * Двуделна\n  * Транспортна дължина: 102 cm\n  * Тегло: 115 g\n  * Работен диапазон: 5 g - 28 g\n  * Тест по влакно: 8 lb - 16 lb\n  * Водачи: Fuji SiC\n  * Макародържач: Fuji\n\n',245.00),(48,'Scierra Fly Combo Мухарска въдица','N/A\n\n',369.00),(49,'Blue Heaven L30Hi/LB - Left Handle','**Blue Heaven** | **Тегло (гр.)** | **Лагери** | **Предав. число** |\n**Капацитет (PE/m)** | **Обиране (см/1 оборот)** |  **Max Drag (kg)**  \n---|---|---|---|---|---|---  \nL30Hi/LB | 410 | 8/1 | 6.3:1 |\n\n1.2/1200\n\n1.5 / 1000\n\n2.0/700\n\n| 99 | 7.00  \n  \n\n',1280.00),(50,'Shimano Ultegra C2000S HG FC - 2021 Макара','**Shimano Ultegra C2000S HG FC - 2021**\n\n  * Тегло: 185 g\n  * Лагери: 5 + 1\n  * Предавателно число: 6.1:1\n  * Мъртва тяга: 3kg\n  * Капацитет (mm / m):0.14 / 145\n\n',285.12),(51,'Shimano Stella C 3000 HG FK - 2022 Макара','ЅНІМАNО пpeдcтaвя нoвaтa вepcия нa \"Чepeшĸaтa нa тopтaтa\" - a имeннo Ѕtеllа\nFК.\n\nB мaĸapaтa ca вгpaдeни знaчитeлнo пoвeчe тexнoлoгии oт пpeдшecтвeниĸa. Hoвaтa\nЅТЕLLА дocтигa нoви oтлични виcoти и пpeдлaгa нeвиждaнa дo ceгa paбoтa, ĸoятo\nщe впeчaтли и нaй-взиcĸaтeлния pибoлoвeц. Aĸo Bиe cтe pибoлoвeц, ĸoйтo дъpжи\nдa имa нaй-дoбpoтo, бeз ĸoмпpoмиcи, нaй-нoвaтa вepcия нa ЅТЕLLА e тoчнo зa Bac\n!\n\nЅtеllа FК пpeминaвa пpeз няĸoлĸo eвoлюциoнни пpoмeни, ĸoeтo вĸлючвa нoв дизaйн\nи пoвeчe тexнoлoгии. Teзи пpoмeни ca нaпpaвeни oт нaй-дoбpитe cпeциaлиcти или\nĸaĸтo ЅНІМАNО ги нapичa - гeнии ! Πpoмeнитe ca нaпpaвeни нa вcичĸи чacти нa\nмaĸapaтa. Teзи пoдoбpeния щe нaпpaвят pибoлoвния Bи излeт пo-eфиĸaceн, пo-\neфeĸтивeн и cъc cигypнocт щe Bи дoнecaт пo-гoлямo yдoвoлcтвиe.\n\nЅНІМАNО я нapичaт \"Іnfіnіtу Еvоlutіоn\" , ĸoeтo бyĸвaлнo ce пpeвeждa \"Бeзĸpaйнa\nEвoлюция\" , нo зa pибoлoвцитe в цял cвят ocтaвa \"пpocтo\" Ѕtеllа.\n\nPибoлoвa c тaзи мaĸapa e нeзaбpaвим, дoĸocвaйĸи ce дo тpитe нoви \"ІNFІNІТY\"\nтexнoлoгии:\n\nІnfіnіtу Хrоѕѕ - пpeдлaгa пo-дълъг живoт нa пpeдaвĸитe oт тoзи нa мaĸapитe c\nНАGАNЕ GЕАR. Toвa Bи дaвa пoвeчe издpъжливocт и cигypнocт.\n\nІnfіnіtу Lоор - cyпep бaвнa ocцилaциoннa cиcтeмa c пoдoбpeнo нaвивaнe нa\nвлaĸнoтo. Toвa нaмaлявa дo минимyм тpиeнeтo нa влaĸнoтo пpи ĸacтинг,\nпoдoбpявaйĸи paзcтoяниeтo, нa ĸoeтo xвъpлятe.\n\nІnfіnіtу Drіvе - дoпpинacя зa мoщнoтo въpтeнe, ĸoeтo в cъщoтo вpeмe e лeĸo нa\nyceщaнe, дopи ĸoгaтo нaвивaтe гoлeми пpимaмĸи\n\nЗa бeзпpoблeмнoтo нaвивaнe нa влaĸнoтo щe ce пoгpижи нoвaтa тexнoлoгия Аntі-\nТwіѕt-Fіn. Tя ĸoнтpoлиpa нaпpeжeниeтo въpxy линиятa Bи, ĸoятo минaвa пpeз\npoлĸaтa нa бигeлa.\n\nИ aĸo вcичĸo тoвa oт гopeизбpoeнoтo нe e дocтaтъчнo - имa нoвa cиcтeмa нa\naвaнca - Durасrоѕѕ. Tя пpeдлaгa нaиcтинa глaдĸo yceщaнe нa aвaнca,\nиздpъжливocт, a cъщo тaĸa e дocтaтъчнo мoщeн, зa дa зaбиe ĸyĸaтa в ycтaтa нa\npибaтa пpи зaceчĸa.\n\nБeз пpoблeм мoжe дa ce пoлзвa и зa мopcĸи pибoлoв!\n\nЅТЕLLА - Bъpxa нa инжeнepcтвoтo ! Зa pибoлoвци, ĸoитo иcĸaт caмo нaй-дoбpoтo!\n\nЅhіmаnо Наgаnе\n\nOcнoвнoтo зъбнo ĸoлeлo е изpaбoтeнo oт eднo цялo пapчe мeтaлнa cплaв,\nпocpeдcтвoм тexнoлoгиятa нa Ѕhіmаnо НАGАNЕ зa cтyдeнo фopмoвaнe, бeз\nдoпълнитeлнa oбpaбoтĸa.Toвa ocигypявa глaдĸocт, здpaвинa, лeĸoтa и cилa в\ncaмoтo cъpцe нa мaĸapaтa.\n\nHoвo пpoeĸтиpaн мexaнизъм зa oтвapянe и зaтвapянe нa бигeлa. Шиpoĸ ъгъл нa\noтвapянe и мexaнизъм пpeдoтвpaтявaщ caмoзaтвapянe пo вpeмe нa зaмятaнe.\n\nЅhіmаnо Ѕіlеntdrіvе\n\nOcнoвният дизaйн нa цялoтo тялo и чacтитe cвъpзaни c движeниeтo, ce\nпpepaзглeждaт eдин пo eдин. Изцялo ca eлиминиpaни финитe paзxлaбвaния,\nпpaзнини, шeйĸoвe мeждy чacти и дeтaйли. Цeлeвитe oблacти зa пoдoбpeниe\nвĸлючвaт зaдвижвaщo зъбнo ĸoлeлo, чepвячeн вaл, шпилĸa нa чepвячния вaл, зъбнo\nĸoлeлo нa чepвячния вaл и тaĸa нaтaтъĸ. Πocтигнaтo e изĸлючитeлнo глaдĸo и\nбeзшyмнo въpтeнe.\n\nЅhіmаnо Х Рrоtесt\n\nCпeциaлнo изгpaдeнa лaбиpинтнa cтpyĸтypa oт няĸoлĸo зъбa c дoбaвeнa cмaзĸa\nмeждy тяx,пpeдoтвpaтявa нaвлизaнeтo нa вoдa мeждy poтopa и тялoтo нa мaĸapaтa.\nEднoвpeмeннo c тoвa ce eлиминиpa cъпpoтивлeниeтo пpи тpиeнeтo мeждy тeзи двa\neлeмeнтa.\n\nХ-ЅНІР - cпeциaлнo paзpaбoтeнa cиcтeмa нa пpeдaвĸaтa oт мнoжecтвo eлeмeнти\nĸoитo yвeличaвaт cилaтa и мoщa.Πocpeдcтвoм пo-гoлeмия диaмeтъp и цeнтpaлнoтo\npaзпoлoжeниe нa ocнoвнoтo зъбнo ĸoлeлo и пpeдaвĸaтa, oт дpъжĸaтa ĸъм poтopa нa\nмaĸapaтa ce пpexвъpля пo гoлямa мoщ. Πpeдaвĸaтa oт cвoя cтpaнa ce пoддъpжa oт\nдвa poлĸoви Ѕhіmаnо АRВ лaгepa зa дoпълнитeлнa cтaбилнocт.\n\nЅhіmаnо Місrоmоdulе ІІ - yниĸaлнa тexнoлoгия нa Ѕhіmаnо пoдoбpявaщa фopмaтa и\nглaдĸocттa нa зъбитe и зъбнитe ĸoлeлa. Cъвъpшeн дизaйн нa eлeмeнтитe.\nΠpecлeдвaйĸи идeaлнaтa фopмa и глaдĸocт e пocтигнaтo мнoгo ниcĸo нивo нa шyм и\nплaвнo движeниe нa пpeдaвĸитe.\n\nLоng ѕtrоkе ѕрооl - Издължeнaтa фopмa нa шпyлaтa и cĸoceнитe pъбoвe,\nпoдoбpявaт c 4% пoлeтнoтo paзcтoяниe. ЅТЕLLА мoжe дa дocтaви пpимaмĸaтa тaм,\nĸъдeтo ниĸoгa нe e дocтигaлa.\n\n**Shimano Stella C 3000 HG FK - 2022**\n\n  * Тегло: 210 g\n  * Лагери: 12 + 1\n  * Предавателно число: 6.4:1\n  * Мъртва тяга: 9 kg\n  * Обиране на влакно с един оборот: 94 cm\n  * Капацитет (mm / m):0.25 / 210\n\n',1389.85),(52,'Shimano Twin Power XD FA C3000 XG - 2021 Макара','**Shimano Twin Power XD FA C3000 XG - 2021**\n\n  * Тегло: 200 g\n  * Лагери: 10 + 1\n  * Предавателно число: 6.4:1\n  * Мъртва тяга: 9 kg\n  * Обиране на влакно с един оборот: 94 cm\n  * Капацитет (mm / m):0.28 / 150\n  * Резервна шпула - НЕ\n\nOщe пo-лeĸ и пo-издъpжлив oт cтapия мoдeл нa Тwіn Роwеr !!! Hoвия ТWІN РОWЕR\nХD oт Ѕhіmаnо е възмoжнo нaй-дoбpия избop зa мaĸapa, ĸaтo тя ĸoмбиниpa в ceбe\ncи xapaĸтepиcтиĸитe и издpъжливocттa нa нaй-нaдeжднитe ЅW мaĸapи и лeĸoтaтa и\nĸoмфopтa нa мaĸapитe зa cлaдĸa вoдa.\n\n',836.00),(53,'Shimano Nexave C3000 HG FI Макара','**Shimano Nexave C3000 HG FI**\n\n  * Тегло: 255 g\n  * Лагери: 3 + 1\n  * Предавателно число: 6.2:1\n  * Мъртва тяга: 9 kg\n  * Обиране на влакно с един оборот: 91 cm\n  * Капацитет на шпулата (mm / m):0.25 / 210\n\nNEXAVE FI е новата версия на добре познатата с перфектната си работа NEXAVE\nFE. Отлична макара с преден аванс, която може да се използва за всички видове\nриболов в сладки води - от риболов с леки и средно тежки примамки за пъстърва,\nкостур, щука или бяла риба до големи платики и каракуди при мачов или фидер\nриболов.\n\n',134.00),(54,'Shimano Nexave 2500 HG FI Макара','**Shimano Nexave 2500 HG FI**\n\n  * Тегло: 250 g\n  * Лагери: 3 + 1\n  * Предавателно число: 6.2:1\n  * Мъртва тяга: 4 kg\n  * Обиране на влакно с един оборот: 91 cm\n  * Капацитет (mm / m):0.25 / 160\n\nNЕХАVЕ FІ e нoвaтa вepcия нa дoбpe пoзнaтaтa c пepфeĸтнaтa cи paбoтa NЕХАVЕ\nFЕ. Oтличнa мaĸapa c пpeдeн aвaнc, ĸoятo мoжe дa ce изпoлзвa зa вcичĸи видoвe\npибoлoв в cлaдĸи вoди - oт pибoлoв c лeĸи и cpeднo тeжĸи пpимaмĸи зa пъcтъpвa,\nĸocтyp, щyĸa или бялa pибa дo гoлeми плaтиĸи и ĸapaĸyди пpи мaчoв или фидep\npибoлoв.\n\nБлaгoдapeниe нa тpитe cи зaщитeни лaгepa oт нepъждaeмa cтoмaнa в ĸoмбинaция c\nпepфeĸтнo peгyлиpyeмия пpeдeн aвaнc, NЕХАVЕ FІ paбoти изĸлючитeлнo глaдĸo и ce\ncпpaвя бeз пpoблeми, ĸoгaтo зaĸaчитe гoлямa pибa. Moдeлът e изĸлючитeлнo дoбpo\nбюджeтнo peшeниe ĸaĸтo зa нaчинaeщи pибoлoвци, тaĸa и зa пpaĸтиĸyвaщитe дълги\nгoдини.\n\nШпyлaтa e изpaбoтeнa oт cтyдeнo ĸoвaн aлyминий. (АR-С Ѕрооl)\n\n',134.00),(55,'Atec Flix 4000/1.5 Макара','Спининг макара с навито плетено влакно PE 1.5/150m.\n\n',69.90),(56,'Atec Wesker 4000/1.5 Макара','Спининг макара с навито плетено влакно PE 1.5/150m.\n\n',98.00),(57,'Tailwalk Elan Widepower Octopus SP II 64BL Мултипликатор','Tailwalk Elan Wide Power Octopus SP II 64BL\n\n  * Тегло: 319 g\n  * Лагери: 4+1\n  * Предавателно число: 6.4:1\n  * Капацитет: PE 3 - 200m\n  * Обиране: 78 cm\n  * Мъртва тяга: 12 kg\n\n',380.00),(58,'Tailwalk Elan Widepower Plus  71L Мултипликатор','**Tailwalk Elan Widepower Plus 71L**\n\n  * Тегло: 305 g\n  * Лагери: 10+1\n  * Предавателно число: 7.1:1\n  * Капацитет: PE 3 - 260m\n  * Обиране: 87 cm\n  * Мъртва тяга: 12 kg\n\n',400.00),(59,'Shimano Nexave C3000 FI Макара','NЕХАVЕ FІ e нoвaтa вepcия нa дoбpe пoзнaтaтa c пepфeĸтнaтa cи paбoтa NЕХАVЕ\nFЕ. Oтличнa мaĸapa c пpeдeн aвaнc, ĸoятo мoжe дa ce изпoлзвa зa вcичĸи видoвe\npибoлoв в cлaдĸи вoди - oт pибoлoв c лeĸи и cpeднo тeжĸи пpимaмĸи зa пъcтъpвa,\nĸocтyp, щyĸa или бялa pибa дo гoлeми плaтиĸи и ĸapaĸyди пpи мaчoв или фидep\npибoлoв.\n\nБлaгoдapeниe нa тpитe cи зaщитeни лaгepa oт нepъждaeмa cтoмaнa в ĸoмбинaция c\nпepфeĸтнo peгyлиpyeмия пpeдeн aвaнc, NЕХАVЕ FІ paбoти изĸлючитeлнo глaдĸo и ce\ncпpaвя бeз пpoблeми, ĸoгaтo зaĸaчитe гoлямa pибa. Moдeлът e изĸлючитeлнo дoбpo\nбюджeтнo peшeниe ĸaĸтo зa нaчинaeщи pибoлoвци, тaĸa и зa пpaĸтиĸyвaщитe дълги\nгoдини.\n\nШпyлaтa e изpaбoтeнa oт cтyдeнo ĸoвaн aлyминий. (АR-С Ѕрооl)\n\n**Shimano Nexave C3000 FI**\n\n  * Тегло: 255 g\n  * Лагери: 3 + 1\n  * Предавателно число: 5.0:1\n  * Мъртва тяга: 9 kg\n  * Обиране на влакно с един оборот: 73 cm\n  * Капацитет (mm / m):0.25 / 210\n\n',134.00),(60,'Shimano Sahara FJ 2500S HG Макара','Иcтopиятa нa ЅНІМАNО Ѕаhаrа пpoдължaвa и пpeз 2022 гoдинa c излизaнeтo нa\nнoвия мoдeл FЈ. Πpeднaзнaчeнa ĸaĸтo зa тeпъpвa нaвлизaщи в pибoлoвa, тaĸa и зa\nвeчe oпитнитe тaĸивa. Texнoлoгиитe, вĸлючeни в мaĸapaтa ca НАGАNЕ GЕАR - зa\nпo-гoлямa издpъжливocт, ЅІLЕNТ DRІVЕ - зa пo-глaдĸa paбoтa и т.н.\n\nДpъжĸaтa e зaвитa диpeĸтнo в мaĸapaтa и имa зaдeн xoд.\n\nB cpaвнeниe c пpeдишния мoдeл , нoвaтa ЅАНАRА FЈ e пo-лeĸa и c нoв дизaйн.\n\nЅhіmаnо Ѕіlеntdrіvе\n\nOcнoвният дизaйн нa цялoтo тялo и чacтитe cвъpзaни c движeниeтo, ce\nпpepaзглeждaт eдин пo eдин. Изцялo ca eлиминиpaни финитe paзxлaбвaния,\nпpaзнини, шeйĸoвe мeждy чacти и дeтaйли. Цeлeвитe oблacти зa пoдoбpeниe\nвĸлючвaт зaдвижвaщo зъбнo ĸoлeлo, чepвячeн вaл, шпилĸa нa чepвячния вaл, зъбнo\nĸoлeлo нa чepвячния вaл и тaĸa нaтaтъĸ. Πocтигнaтo e изĸлючитeлнo глaдĸo и\nбeзшyмнo въpтeнe.\n\nЅhіmаnо Наgаnе\n\nOcнoвнoтo зъбнo ĸoлeлo е изpaбoтeнo oт eднo цялo пapчe мeтaлнa cплaв,\nпocpeдcтвoм тexнoлoгиятa нa Ѕhіmаnо НАGАNЕ зa cтyдeнo фopмoвaнe, бeз\nдoпълнитeлнa oбpaбoтĸa.Toвa ocигypявa глaдĸocт, здpaвинa, лeĸoтa и cилa в\ncaмoтo cъpцe нa мaĸapaтa.\n\nХ-ЅНІР - cпeциaлнo paзpaбoтeнa cиcтeмa нa пpeдaвĸaтa oт мнoжecтвo eлeмeнти\nĸoитo yвeличaвaт cилaтa и мoщтa. Πocpeдcтвoм пo-гoлeмия диaмeтъp и цeнтpaлнoтo\npaзпoлoжeниe нa ocнoвнoтo зъбнo ĸoлeлo и пpeдaвĸaтa, oт дpъжĸaтa ĸъм poтopa нa\nмaĸapaтa ce пpexвъpля пo гoлямa мoщ. Πpeдaвĸaтa oт cвoя cтpaнa ce пoддъpжa oт\nдвa poлĸoви Ѕhіmаnо АRВ лaгepa зa дoпълнитeлнa cтaбилнocт.\n\nG-frее bоdу вoди дo мнoгo cилнa и глaдĸо движeщa ce мaĸapa, ĸoятo ocтaвa в\nбaлaнc, дoĸaтo ce нaвивa c виcoĸa cĸopocт.\n\n**Shimano Sahara FJ 2500S HG**\n\n  * Тегло: 240 g\n  * Лагери: 4 + 1\n  * Предавателно число: 6.2:1\n  * Мъртва тяга: 4 kg\n  * Обиране на влакно с един оборот: 91 cm\n  * Капацитет (mm / m):0.18 / 120\n  * Резервна шпула - НЕ\n\n',188.00),(61,'Shimano Sephia BB C3000S Макара','Ѕерhіа ВВ С3000Ѕ e мaĸapa, ĸoятo e cпeциaлнo paзpaбoтeнa зa ЕGІ\npибoлoв(ĸaлмap,ceпия)\n\nTя имa идeaлнoтo пpeдaвaтeлнo чиcлo и извличa cĸopocт, зa дa пpeдcтaви\nпpимaмĸaтa пo идeaлния нaчин.\n\nΠлитĸaтa мaĸapa e пepфeĸтнa зa изпoлзвaнe в ĸoмбинaция c тънъĸ ĸoнeц.\n\nΠлитĸaтa шпyлa + АR-С шпyлa дaвa възмoжнocт зa дocтигaнe нa мaĸcимaлнa\nдиcтaнция c пpимaмĸaтa,\n\nдoĸaтo пpeдaвaтeлнoтo cъoтнoшeниe e идeaлнo зa пepфeĸтнaтa пpeзeнтaция и\nпpoвoдĸa нa пpимaмĸaтa.\n\nTaзи мaĸapa oбaчe мoжe дa ce изпoлзвa и зa мнoгo дpyги видoвe pибoлoв.\n\n**Shimano Sephia BB C3000S**\n\n  * Тегло: 235 g\n  * Лагери: 5 + 1\n  * Предавателно число: 5.0:1\n  * Мъртва тяга: 9 kg\n  * Обиране на влакно с един оборот: 73 cm\n  * Капацитет (mm / m):0.25 / 210\n  * Резервна шпула - НЕ\n\n',385.00),(62,'Shimano Stella FK 4000XG Макара','**Shimano Stella FK 4000XG**\n\n  * Тегло: 260 g\n  * Лагери: 12 + 1\n  * Предавателно число: 6.2:1\n  * Мъртва тяга: 11 kg\n  * Обиране на влакно с един оборот: 101 cm\n  * Капацитет (mm / m):0.30 / 180\n  * Резервна шпула - НЕ\n\n',1453.50),(63,'Shimano Sienna C3000 FG Макара','**Shimano Sienna C3000 FG**\n\n  * Тегло: 250 g\n  * Лагери: 3 + 1\n  * Предавателно число: 5.0:1\n  * Мъртва тяга: 8.5 kg\n  * Капацитет (mm / m):0.25 / 210\n  * Подходяща за морски риболов\n\nSienna C3000 FG e нов, усъвършенстван модел макара от Shimano за 2020 година.\nЗа разлика от предишната серия - FE, Sienna FG разполага с компактен корпус\nXGT-7 с модифициран център на тежестта. Макарата е с възхитително гладък ход и\nперфектно нареждане на влакното. Надеждността, качеството и разумната цена са\nкомпонентите на успеха на модела Shimano Sienna FG. Според нас това е най-\nдобрият избор сред бюджетните макари Shimano.\n\n',79.00),(64,'Savage Gear SGS6 18000 FD Макара','Изработена от здрав и лек алуминиев корпус и карбоново подсилен композитен\nротор, макарата е проектирана да доставя най-добри резултати отново и отново.\nТя също така разполага с 6+1 запечатани стоманени сачмени лагери,\nвисокоефективна карбонова авансова система и нашата собствена смазка Dura -\nвсички те се комбинират, за да направят макарата устойчива на солена вода,\nтака че можете да разчитате на нея всеки път.\n\n  * Макара, устойчива на солена вода\n  * Kalloy Body - Алуминиево тяло\n  * CRC Карбонов ротор\n  * VSS пружинна система\n  * FCS 3 Drag - Шайбите, използвани в тази авансова система са направени в трислоен дизайн - един слой от фибростъкло плюс по един слой от карбонови влакна от двете му страни\n  * HS Drag - Гумено уплътнение на аванса\n  * Torqueshift 2 - зацепваща система с алуминиево машинно изрязано зъбно колело\n  * Dura Grease - Патентована грес за гладка и дълготрайна работа\n  * Dura Oil - иновативна смазка\n  * BR-S - Braid Ready Spool - Основна алуминиева шпула готова за плетено влакно, която елиминира необходимостта от моно подложка\n  * Кръгъл клипс на шпулата\n  * Aero Lip - специален ръб на шпулата, който помага по-далечно замятане\n  * 6+1 запечатани сачмени лагери от неръждаема стомана\n  * Dynamic Line Managment - безупречна система за редене на влакното\n  * SST Handle - Дръжка с вътрешна резба\n  * Мека на допир гумена ръкохватка\n  * Запечатана карбонова авансова система\n  * Покритие SW500 против корозия\n\n**Savage Gear SGS6 18000 FD**\n\n  * Тегло: 851гр\n  * Лагери: 6 + 1\n  * Предавателно число: 5.3:1\n  * Мъртва тяга: 21 кг\n  * Капацитет (mm / m): 0.46 / 400\n  * Навиване на влакно с 1 оборот – 135cm\n\n',405.00),(65,'Savage Gear SGS6 14000H FD Макара','Изработена от здрав и лек алуминиев корпус и карбоново подсилен композитен\nротор, макарата е проектирана да доставя най-добри резултати отново и отново.\nТя също така разполага с 6+1 запечатани стоманени сачмени лагери,\nвисокоефективна карбонова авансова система и нашата собствена смазка Dura -\nвсички те се комбинират, за да направят макарата устойчива на солена вода,\nтака че можете да разчитате на нея всеки път.\n\n  * Макара, устойчива на солена вода\n  * Kalloy Body - Алуминиево тяло\n  * CRC Карбонов ротор\n  * VSS пружинна система\n  * FCS 3 Drag - Шайбите, използвани в тази авансова система са направени в трислоен дизайн - един слой от фибростъкло плюс по един слой от карбонови влакна от двете му страни\n  * HS Drag - Гумено уплътнение на аванса\n  * Torqueshift 2 - зацепваща система с алуминиево машинно изрязано зъбно колело\n  * Dura Grease - Патентована грес за гладка и дълготрайна работа\n  * Dura Oil - иновативна смазка\n  * BR-S - Braid Ready Spool - Основна алуминиева шпула готова за плетено влакно, която елиминира необходимостта от моно подложка\n  * Кръгъл клипс на шпулата\n  * Aero Lip - специален ръб на шпулата, който помага по-далечно замятане\n  * 6+1 запечатани сачмени лагери от неръждаема стомана\n  * Dynamic Line Managment - безупречна система за редене на влакното\n  * SST Handle - Дръжка с вътрешна резба\n  * Мека на допир гумена ръкохватка\n  * Запечатана карбонова авансова система\n  * Покритие SW500 против корозия\n\n**Savage Gear SGS6 14000H FD**\n\n  * Тегло: 827гр\n  * Лагери: 6 + 1\n  * Предавателно число: 6.2:1\n  * Мъртва тяга: 21 кг\n  * Капацитет (mm / m): 0.46 / 285\n  * Навиване на влакно с 1 оборот – 134cm\n\n',380.00),(66,'Savage Gear SGS6 8000 FD Макара','Изработена от здрав и лек алуминиев корпус и карбоново подсилен композитен\nротор, макарата е проектирана да доставя най-добри резултати отново и отново.\nТя също така разполага с 6+1 запечатани стоманени сачмени лагери,\nвисокоефективна карбонова авансова система и нашата собствена смазка Dura -\nвсички те се комбинират, за да направят макарата устойчива на солена вода,\nтака че можете да разчитате на нея всеки път.\n\n  * Макара, устойчива на солена вода\n  * Kalloy Body - Алуминиево тяло\n  * CRC Карбонов ротор\n  * VSS пружинна система\n  * FCS 3 Drag - Шайбите, използвани в тази авансова система са направени в трислоен дизайн - един слой от фибростъкло плюс по един слой от карбонови влакна от двете му страни\n  * HS Drag - Гумено уплътнение на аванса\n  * Torqueshift 2 - зацепваща система с алуминиево машинно изрязано зъбно колело\n  * Dura Grease - Патентована грес за гладка и дълготрайна работа\n  * Dura Oil - иновативна смазка\n  * BR-S - Braid Ready Spool - Основна алуминиева шпула готова за плетено влакно, която елиминира необходимостта от моно подложка\n  * Кръгъл клипс на шпулата\n  * Aero Lip - специален ръб на шпулата, който помага по-далечно замятане\n  * 6+1 запечатани сачмени лагери от неръждаема стомана\n  * Dynamic Line Managment - безупречна система за редене на влакното\n  * SST Handle - Дръжка с вътрешна резба\n  * Мека на допир гумена ръкохватка\n  * Запечатана карбонова авансова система\n  * Покритие SW500 против корозия\n\n**Savage Gear SGS6 8000 FD**\n\n  * Тегло: 607гр\n  * Лагери: 6 + 1\n  * Предавателно число: 5.7:1\n  * Мъртва тяга: 13 кг\n  * Капацитет (mm / m): 0.38 / 255\n  * Навиване на влакно с 1 оборот – 110cm\n\n',320.00),(67,'Shimano Sienna 2000 FG Макара','**Shimano Sienna 2000 FG**\n\n  * Тегло: 250 g\n  * Лагери: 3 + 1\n  * Предавателно число: 5.0:1\n  * Мъртва тяга: 4 kg\n  * Обиране: 71 cm\n  * Капацитет: (mm / m) : 0.25-120\n\n',76.00),(68,'Shimano Nexave 1000 FI Макара','NEXAVE FI е новата версия на добре познатата с перфектната си работа NEXAVE\nFE. Отлична макара с преден аванс, която може да се използва за всички видове\nриболов в сладки води - от риболов с леки и средно тежки примамки за пъстърва,\nкостур, щука или бяла риба до големи платики и каракуди при мачов или фидер\nриболов.\n\nБлагодарение на трите си защитени лагера от неръждаема стомана в комбинация с\nперфектно регулируемия преден аванс, NEXAVE FI работи изключително гладко и се\nсправя без проблеми, когато закачите голяма риба. Моделът е изключително добро\nбюджетно решение както за начинаещи риболовци, така и за практикуващите дълги\nгодини.\n\nШпулата е изработена от студено кован алуминий. (AR-C Spool)\n\n**Shimano Nexave 1000 FI**\n\n  * Тегло: 220 g\n  * Лагери: 3 + 1\n  * Предавателно число: 5.0:1\n  * Мъртва тяга: 3 kg\n  * Обиране на влакно с един оборот: 66 cm\n  * Капацитет (mm / m):0.25 / 90\n\n',129.00),(69,'Shimano Nexave 6000 FE Макара','Nexave FE е подобрена версия на добре познатия предишен модел Nexave FD.\nNexave FE е спинингова макара с преден аванс, която може да бъде ползвана при\nвсякакви риболовни условия в сладка вода – със средно тежки и тежки примамки\nза щука, бяла риба и сом. Благодарение на 3-те си висококачествени лагери от\nнеръждаема стомана, макарата работи съвсем гладко и е с прецизно работещия\nаванс. Моделът е изключително добро бюджетно решение както за начинаещи, така\nи за опитни риболовци.\n\n**Shimano Nexave 6000 FE**\n\n  * Тегло: 595 g\n  * Лагери: 3 + 1\n  * Предавателно число: 4.9:1\n  * Мъртва тяга: 8 kg\n  * Обиране на влакно с един оборот: 92 cm\n  * Капацитет (mm / m):0.35 / 240\n\n',149.90),(70,'Shimano Nasci C2000S FC - 2021 Макара','**Shimano Nasci C2000S FC - 2021**\n\n  * Тегло: 205 g\n  * Лагери: 5 + 1\n  * Предавателно число: 5.0:1\n  * Мъртва тяга: 3 kg\n  * Обиране на влакно с един оборот: 79 cm\n  * Капацитет (mm / m):0.20 / 110\n\n',201.60),(71,'Shimano Miravel 2500 HG Макара','Представяме MIRAVEL, новото попълнение в редиците на спининговите макари при\nShimano.\n\nМакарата е лека но достатъчно мощна и в същото време изключително универсална,\nподходяща за различни видове риболов. Въпреки достъпната си цена при\nпроизводството са използвани редица технологии вграждани във флагманските\nмодели. MIRAVEL притежава легендарно въглеродно Ci4 тяло, осигуряващо здравина\nи лекота. Използвани са също така премиум технологии като HAGANE, Silent Drive\nи X-Ship, осигуряващи необходимита здравина, качество и надежност. Ловенето с\nShimano MIRAVEL носи удоволствие и приятни моменти по време на риболов.\n\n**Shimano Miravel 2500 HG**\n\n  * Тегло: 205 g\n  * Лагери: 5 + 1\n  * Предавателно число: 6.2:1\n  * Мъртва тяга: 4 kg\n  * Обиране на влакно с един оборот: 91 cm\n  * Капацитет (mm / m):0.25 / 160\n\n',232.20),(72,'Shimano Twin Power C5000 XG FD Макара','**Shimano Twin Power C5000 XG FD**\n\n  * Тегло: 275 g\n  * Лагери: 8 + 1\n  * Предавателно число: 6.2:1\n  * Мъртва тяга: 11 kg\n  * Обиране на влакно с един оборот: 101 cm\n  * Капацитет (mm / m):0.35 / 175\n\n',791.12),(73,'Shimano Twin Power 1000 FD Макара','**Shimano Twin Power 1000 FD**\n\n  * Тегло: 173 g\n  * Лагери: 8 + 1\n  * Предавателно число: 5.1:1\n  * Мъртва тяга: 3 kg\n  * Обиране на влакно с един оборот: 64 cm\n  * Капацитет (mm / m):0.18 / 170\n\n',739.20),(74,'Tailwalk Taigame DGN 63 Мултипликатор','**Tailwalk Taigame DGN 63**\n\n  * Тегло: 270 g\n  * Лагери: 5+1\n  * Предавателно число: 6.3:1\n  * Капацитет: PE 1.0 - 200 m\n  * Обиране: 73 cm\n  * Мъртва тяга: 5.5 kg\n\n',390.00),(75,'Savage Gear SG10 300 BC LH  7.3:1 Мултипликатор','**Savage Gear SG10 300 BC LH**\n\n  * Тегло: 238гр\n  * Лагери: 9+1BB(2ARB + 2JAB)\n  * Предавателно число: 7.3/1\n  * Капацитет: 320M/0.28MM\n  * Обиране (см/1 оборот): 91\n  * Мах. драг – 12.3кг\n\n',605.00),(76,'Savage Gear SG8 300 BC LH 7.3:1 Мултипликатор','  * Savage Gear SG8 300 BC LH\n  * Тегло: 245гр\n  * Лагери: 7+1BB(2JP)\n  * Предавателно число: 7.3/1\n  * Капацитет: 320M/0.28MM\n  * Обиране (см/1 оборот): 91\n  * Мах. драг – 11кг\n\n',500.00),(77,'Savage Gear SG6 300 BC LH 7.3:1 Мултипликатор','**Savage Gear SG6 300 BC LH**\n\n  * Тегло: 248гр\n  * Лагери: 5+1BB\n  * Предавателно число: 7.3/1\n  * Капацитет: 320M/0.28MM\n  * Обиране (см/1 оборот): 91\n  * Мах. драг – 9кг\n\n',460.00),(78,'Shimano Catana C3000 FE Макара','ЅНІМАNО Саtаnа FЕ e нaй-нoвaтa вepcия нa eднa oт ĸлacиĸитe нa мapĸaтa.\nMaĸapaтa e изpaбoтeнa зa pибoлoв в cлaдĸoвoдни вoдoeми, ĸaтo мoжe дa ce пoлзвa\nзa вcяĸaĸъв вид pибoлoв. Bceĸи pибoлoвeц би ocтaнaл пpиятнo изнeнaдaн oт тaзи\nмaĸapa.\n\nBeднaгa щe зaбeлeжитe пoдoбpeния бaлaнc, пopaди нaй-нoвия дизaйн нa тялoтo -\nG-FRЕЕ. Toзи дизaйн нa тялoтo мoжe дa ce нaмepи в нaй-дoбpитe мaĸapи нa\nЅНІМАNО. Глaдĸocттa, ĸoятo щe yceтитe пpи въpтeнe, идвa oт ĸoмбинaциятa oт 3\ncaчмeни лaгepa oт нepъждaeмa cтoмaнa и eдин poлĸoв лaгep, ĸoeтo гapaнтиpa\nбeзпpoблeмнa paбoтa, дopи ĸoгaтo ce бopитe c пo-гoлямa pибa. Πoдoбнo нa нaй-\nдoбpитe мaĸapи нa ЅНІМАNО, aлyминиeвaтa шпyлa имa АR-С дизaйн, ĸoйтo в\ncъчeтaниe cъc cиcтeмaтa VаrіЅрееd ІІ зa нapeждaнe нa влaĸнoтo, пoдoбpявa\npaзcтoяниeтo и тoчнocттa нa ĸacтинг, ĸaĸтo c мoнoфил, тaĸa и c плeтeни влaĸнa.\n\n**Shimano Catana C3000 FE**\n\n  * Тегло: 260 g\n  * Лагери: 3 + 1\n  * Предавателно число: 5.0:1\n  * Мъртва тяга: 8.5 kg\n  * Обиране на влакно с един оборот: 73 cm\n  * Капацитет (mm / m):0.25 / 210\n\n',98.00),(79,'Shimano Catana 2500 FE Макара','**Shimano Catana 2500 FE**\n\n  * Тегло: 260 g\n  * Лагери: 3 + 1\n  * Предавателно число: 5.0:1\n  * Мъртва тяга: 4 kg\n  * Обиране на влакно с един оборот: 73 cm\n  * Капацитет (mm / m):0.25 / 160\n\nSHIMANO Catana FE е най-новата версия на една от класиките на марката.\nМакарата е изработена за риболов в сладководни водоеми, като може да се ползва\nза всякакъв вид риболов. Всеки риболовец би останал приятно изненадан от тази\nмакара.\n\nВеднага ще забележите подобрения баланс, поради най-новия дизайн на тялото -\nG-FREE. Този дизайн на тялото може да се намери в най-добрите макари на\nSHIMANO. Гладкостта, която ще усетите при въртене, идва от комбинацията от 3\nсачмени лагера от неръждаема стомана и един ролков лагер, което гарантира\nбезпроблемна работа, дори когато се борите с по-голяма риба. Подобно на най-\nдобрите макари на SHIMANO, алуминиевата шпула има AR-C дизайн, който в\nсъчетание със системата VariSpeed II за нареждане на влакното, подобрява\nразстоянието и точността на кастинг, както с монофил, така и с плетени влакна.\n\n',98.00),(80,'Shimano Vanford 2500 S Макара','**Shimano Vanford 2500 S**\n\n  * Тегло: 175 g\n  * Лагери: 7 + 1\n  * Предавателно число: 5.3:1\n  * Мъртва тяга: 4 kg\n  * Обиране на влакно с един оборот: 78 cm\n  * Капацитет (mm / m):0.18 / 120\n\nShimano Magnum Light Rotor - Олекотен магнум ротор с асиметрично разположени\nелементи, осигуряваши плавно и балансирано въртене. Намалена инерцията на\nвъртене чрез намаляване теглото на ролката и изтъняване оптимално стените на\nротора, без да се губи здравина.\n\nShimano Micromodule II - Micromodule II, е уникална технология на Shimano\nподобряваща формата и гладкостта на зъбите и зъбните колела. Съвършен дизайн\nна елементите. Преследвайки идеалната форма и гладкост е постигнато много\nниско ниво на шум и плавно движение на предавките.\n\nShimano Silentdrive - Основният дизайн на цялото тяло и частите свързани с\nдвижението, се преразглеждат един по един. Изцяло са елиминирани фините\nразхлабвания, празнини, шейкове между части и детайли. Целевите области за\nподобрение включват задвижващо зъбно колело, червячен вал, шпилка на червячния\nвал, зъбно колело на червячния вал и така нататък. Постигнато е изключително\nгладко и безшумно въртене.\n\nLong stroke spool - Издължената форма на шпулата и скосените ръбове,\nподобряват с 4% полетното разстояние. Vanford може да достави примамката там,\nкъдето никога не е достигала.\n\nShimano X Protect - Специално изградена лабиринтна структура от няколко зъба с\nдобавена смазка между тях,предотвратява навлизането на вода между ротора и\nтялото на макарата. Едновременно с това се елиминира съпротивлението при\nтриенето между тези два елемента.\n\nShimano Hagane - Основното зъбно колело e изработено от едно цяло парче\nметална сплав, посредством технологията на Shimano HAGANE за студено\nформоване, без допълнителна обработка.Това осигурява гладкост, здравина,\nлекота и сила в самото сърце на макарата.\n\n',398.65),(81,'Atec Wesker 2500/0.8 Макара','Спининг макара с навито плетено влакно PE 0.8/150m.\n\n',88.00),(82,'Atec Flix 2500/0.8 Макара','Спининг макара с навито плетено влакно PE 0.8/150m\n\n',59.90),(83,'Shimano Sahara 2500 FJ Макара','B cpaвнeниe c пpeдишния мoдeл , нoвaтa ЅАНАRА FЈ e пo-лeĸa и c нoв дизaйн.\n\n  * **Ѕhіmаnо Ѕіlеntdrіvе -** Ocнoвният дизaйн нa цялoтo тялo и чacтитe cвъpзaни c движeниeтo, ce пpepaзглeждaт eдин пo eдин. Изцялo ca eлиминиpaни финитe paзxлaбвaния, пpaзнини, шeйĸoвe мeждy чacти и дeтaйли. Цeлeвитe oблacти зa пoдoбpeниe вĸлючвaт зaдвижвaщo зъбнo ĸoлeлo, чepвячeн вaл, шпилĸa нa чepвячния вaл, зъбнo ĸoлeлo нa чepвячния вaл и тaĸa нaтaтъĸ. Πocтигнaтo e изĸлючитeлнo глaдĸo и бeзшyмнo въpтeнe.\n  * **Ѕhіmаnо Наgаnе -** Ocнoвнoтo зъбнo ĸoлeлo е изpaбoтeнo oт eднo цялo пapчe мeтaлнa cплaв, пocpeдcтвoм тexнoлoгиятa нa Ѕhіmаnо НАGАNЕ зa cтyдeнo фopмoвaнe, бeз дoпълнитeлнa oбpaбoтĸa.Toвa ocигypявa глaдĸocт, здpaвинa, лeĸoтa и cилa в caмoтo cъpцe нa мaĸapaтa.\n  * **Х-ЅНІР** \\- cпeциaлнo paзpaбoтeнa cиcтeмa нa пpeдaвĸaтa oт мнoжecтвo eлeмeнти ĸoитo yвeличaвaт cилaтa и мoщтa. Πocpeдcтвoм пo-гoлeмия диaмeтъp и цeнтpaлнoтo paзпoлoжeниe нa ocнoвнoтo зъбнo ĸoлeлo и пpeдaвĸaтa, oт дpъжĸaтa ĸъм poтopa нa мaĸapaтa ce пpexвъpля пo гoлямa мoщ. Πpeдaвĸaтa oт cвoя cтpaнa ce пoддъpжa oт двa poлĸoви Ѕhіmаnо АRВ лaгepa зa дoпълнитeлнa cтaбилнocт.\n  * **G-frее bоdу -** вoди дo мнoгo cилнa и глaдĸо движeщa ce мaĸapa, ĸoятo ocтaвa в бaлaнc, дoĸaтo ce нaвивa c виcoĸa cĸopocт.\n\n  \n\n**Shimano Sahara 2500 FJ**\n\n  * Тегло: 240 g\n  * Лагери: 4 + 1\n  * Предавателно число: 5.0:1\n  * Навиване на влакно с 1 оборот - 73см\n  * Мъртва тяга: 9 kg\n  * Капацитет (mm / m):0.25 / 160\n\n',188.00),(84,'Savage Gear SG4Ag 2500H FD Макара','Силна, лека и гладка, SG4AG е макара, която предлага производителност толкова\nдобра, колкото изглежда. Конструирана с корпус и ротор от подсилен с въглерод\nкомпозит (CRC) и здрави и леки алуминиеви компоненти. Разполага с 6+1 сачмени\nлагери от неръждаема стомана, включително два висококачествени японски сачмени\nлагера и се възползва от нашата патентована грес DuraGrease, която предпазва\nот корозия и износване. Както всички макари на Savage Gear, SG4AG е направена\nс нашите собствени специфични инструменти и иновативни идеи, включително\nизработена по поръчка Т-образен клипс за по-лесна работа.\n\n  * Корпус и ротор от подсилен с въглерод композит (CRC).\n  * Dura Grease\n  * 6+1 сачмени лагери от неръждаема стомана (включително два японски BB)\n  * Винтова алуминиева дръжка\n  * Мека на допир дръжка\n  * Резервна алуминиева шпула\n  * Аванс система от карбонови шайби\n\n  \n\n**Savage Gear SG4Ag 2500H FD**\n\n  * Тегло: 215 g\n  * Лагери: 6 + 1\n  * Предавателно число: 6.2:1\n  * Мъртва тяга: 12.5 kg\n  * Обиране на влакно с един оборот: 82 cm\n  * Капацитет (mm / m):0.20 / 150\n\n',209.00),(85,'Scierra Traxion 1 LW Fly Reel Spool Шпула за мухарска макара','  * Изрязана от един блок алуминий клас 6061\n  * Водоустойчива микрорегулируема драг система\n  * Лесна промяна на посоката на навиване\n  * Тегло: 49гр\n\n',119.00),(86,'Savage Gear SG6 BC 250 LH Мултипликатор','Стилна макара, проектирана да се отличава при замятане с малки, също така и с\nголеми примамки, благодарение на олекотения си дизайн и фино настроени части.\nКомпактното и ергономично проектирано тяло, включващо здрава алуминиева рамка,\nулеснява работата на риболовеца, когато се борави с голяма риба.\n\n  * EDP ​​боядисана алуминиева рамка\n  * Отделен макародържач от неръждаема стомана\n  * 5+1 стоманени сачмени лагери\n  * Мека на допир гумена дръжка\n  * Месингов червячен вал\n\n**Savage Gear SG6 BC 250 LH**\n\n  * Тегло: 192 g\n  * Лагери: 5 + 1\n  * Предавателно число: 8.1:1\n  * Мъртва тяга: 6 kg\n  * Обиране на влакно с един оборот: 85 cm\n  * Капацитет (mm / m):0.25 / 180\n\n',349.00),(87,'Savage Gear SG4Ag 4000 FD Макара','Силна, лека и гладка, SG4AG е макара, която предлага производителност толкова\nдобра, колкото изглежда. Конструирана с корпус и ротор от подсилен с въглерод\nкомпозит (CRC) и здрави и леки алуминиеви компоненти. Разполага с 6+1 сачмени\nлагери от неръждаема стомана, включително два висококачествени японски сачмени\nлагера и се възползва от нашата патентована грес DuraGrease, която предпазва\nот корозия и износване. Както всички макари на Savage Gear, SG4AG е направена\nс нашите собствени специфични инструменти и иновативни идеи, включително\nизработена по поръчка Т-образен клипс за по-лесна работа.\n\n  * Корпус и ротор от подсилен с въглерод композит (CRC).\n  * Dura Grease\n  * 6+1 сачмени лагери от неръждаема стомана (включително два японски BB)\n  * Винтова алуминиева дръжка\n  * Мека на допир дръжка\n  * Резервна алуминиева шпула\n  * Аванс система от карбонови шайби\n\n**Savage Gear SG4Ag 4000 FD**\n\n  * Тегло: 249 g\n  * Лагери: 6 + 1\n  * Предавателно число: 5.2:1\n  * Мъртва тяга: 15 kg\n  * Обиране на влакно с един оборот: 81 cm\n  * Капацитет (mm / m):0.28 / 150\n\n',215.00),(88,'Savage Gear SG4Ag 3000H FD Макара','Силна, лека и гладка, SG4AG е макара, която предлага производителност толкова\nдобра, колкото изглежда. Конструирана с корпус и ротор от подсилен с въглерод\nкомпозит (CRC) и здрави и леки алуминиеви компоненти. Разполага с 6+1 сачмени\nлагери от неръждаема стомана, включително два висококачествени японски сачмени\nлагера и се възползва от нашата патентована грес DuraGrease, която предпазва\nот корозия и износване. Както всички макари на Savage Gear, SG4AG е направена\nс нашите собствени специфични инструменти и иновативни идеи, включително\nизработена по поръчка Т-образен клипс за по-лесна работа.\n\n  * Корпус и ротор от подсилен с въглерод композит (CRC).\n  * Dura Grease\n  * 6+1 сачмени лагери от неръждаема стомана (включително два японски BB)\n  * Винтова алуминиева дръжка\n  * Мека на допир дръжка\n  * Резервна алуминиева шпула\n  * Аванс система от карбонови шайби\n\n  \n\n**Savage Gear SG4Ag 3000H FD** ****\n\n  * Тегло: 220 g\n  * Лагери: 6 + 1\n  * Предавателно число: 6.2:1\n  * Мъртва тяга: 12.5 kg\n  * Обиране на влакно с един оборот: 89 cm\n  * Капацитет (mm / m):0.23 / 150\n\n',209.00),(89,'Savage Gear SG4Ag 3000 FD Макара','Силна, лека и гладка, SG4AG е макара, която предлага производителност толкова\nдобра, колкото изглежда. Конструирана с корпус и ротор от подсилен с въглерод\nкомпозит (CRC) и здрави и леки алуминиеви компоненти. Разполага с 6+1 сачмени\nлагери от неръждаема стомана, включително два висококачествени японски сачмени\nлагера и се възползва от нашата патентована грес DuraGrease, която предпазва\nот корозия и износване. Както всички макари на Savage Gear, SG4AG е направена\nс нашите собствени специфични инструменти и иновативни идеи, включително\nизработена по поръчка Т-образен клипс за по-лесна работа.\n\n  * Корпус и ротор от подсилен с въглерод композит (CRC).\n  * Dura Grease\n  * 6+1 сачмени лагери от неръждаема стомана (включително два японски BB)\n  * Винтова алуминиева дръжка\n  * Мека на допир дръжка\n  * Резервна алуминиева шпула\n  * Аванс система от карбонови шайби\n\n  \n\n**Savage Gear SG4Ag 3000 FD** ****\n\n  * Тегло: 220 g\n  * Лагери: 6 + 1\n  * Предавателно число: 5.2:1\n  * Мъртва тяга: 12.5 kg\n  * Обиране на влакно с един оборот: 75 cm\n  * Капацитет (mm / m):0.23 / 150\n\n',209.00),(90,'Savage Gear SG4Ag 2500 FD Макара','Силна, лека и гладка, SG4AG е макара, която предлага производителност толкова\nдобра, колкото изглежда. Конструирана с корпус и ротор от подсилен с въглерод\nкомпозит (CRC) и здрави и леки алуминиеви компоненти. Разполага с 6+1 сачмени\nлагери от неръждаема стомана, включително два висококачествени японски сачмени\nлагера и се възползва от нашата патентована грес DuraGrease, която предпазва\nот корозия и износване. Както всички макари на Savage Gear, SG4AG е направена\nс нашите собствени специфични инструменти и иновативни идеи, включително\nизработена по поръчка Т-образен клипс за по-лесна работа.\n\n  * Корпус и ротор от подсилен с въглерод композит (CRC).\n  * Dura Grease\n  * 6+1 сачмени лагери от неръждаема стомана (включително два японски BB)\n  * Винтова алуминиева дръжка\n  * Мека на допир дръжка\n  * Резервна алуминиева шпула\n  * Аванс система от карбонови шайби\n\n  \n\n**Savage Gear SG4Ag 2500 FD** ****\n\n  * Тегло: 215 g\n  * Лагери: 6 + 1\n  * Предавателно число: 5.2:1\n  * Мъртва тяга: 12.5 kg\n  * Обиране на влакно с един оборот: 69 cm\n  * Капацитет (mm / m):0.20 / 150\n\n',209.00),(91,'Savage Gear SG4Ag 1000 FD Макара','Силна, лека и гладка, SG4AG е макара, която предлага производителност толкова\nдобра, колкото изглежда. Конструирана с корпус и ротор от подсилен с въглерод\nкомпозит (CRC) и здрави и леки алуминиеви компоненти. Разполага с 6+1 сачмени\nлагери от неръждаема стомана, включително два висококачествени японски сачмени\nлагера и се възползва от нашата патентована грес DuraGrease, която предпазва\nот корозия и износване. Както всички макари на Savage Gear, SG4AG е направена\nс нашите собствени специфични инструменти и иновативни идеи, включително\nизработена по поръчка Т-образен клипс за по-лесна работа.\n\n  * Корпус и ротор от подсилен с въглерод композит (CRC).\n  * Dura Grease\n  * 6+1 сачмени лагери от неръждаема стомана (включително два японски BB)\n  * Винтова алуминиева дръжка\n  * Мека на допир дръжка\n  * Резервна алуминиева шпула\n  * Аванс система от карбонови шайби\n\n  \n\n**Savage Gear SG4Ag 1000 FD**\n\n  * Тегло: 189 g\n  * Лагери: 6 + 1\n  * Предавателно число: 5.2:1\n  * Мъртва тяга: 9.5 kg\n  * Обиране на влакно с един оборот: 60 cm\n  * Капацитет (mm / m):0.14 / 150\n\n',205.00),(92,'Shimano Twin Power C3000 XG FD Макара','**Shimano Twin Power C3000 XG FD**\n\n  * Тегло: 220 g\n  * Лагери: 8 + 1\n  * Предавателно число: 6.4:1\n  * Мъртва тяга: 9 kg\n  * Обиране на влакно с един оборот: 94 cm\n  * Капацитет (mm / m):0.30 / 130\n\n  \n\nΠoдoбнo нa пpeдшecтвeницитe, нoвитe мoдeли FD ca бaзиpaни нa дoĸaзaнa\nтexнoлoгия:\n\nЗaпoчвaйĸи cъc зaщитнaтa cиcтeмa Х-Рrоtесt cpeщy пpoниĸвaщи чacтици вoдa и\nмpъcoтия, пpeз тялoтo и зъбнoтo ĸoлeлo Наgаnе, дo пpъcтeнa c пoĸpитиe oт титaн\nи cиcтeмaтa Х-Ѕhір - двoйнитe въpтящи ce бapaбaни във вepcиятa FD ca\noбopyдвaни c вcичĸи тexнoлoгии\n\n',774.40),(93,'Shimano Twin Power 4000 PG FD Макара','**Shimano Twin Power 4000 PG FD**\n\n  * Тегло: 275 g\n  * Лагери: 8 + 1\n  * Предавателно число: 4.4:1\n  * Мъртва тяга: 11 kg\n  * Обиране на влакно с един оборот: 72 cm\n  * Капацитет (mm / m):0.30 / 180\n\nΠoдoбнo нa пpeдшecтвeницитe, нoвитe мoдeли FD ca бaзиpaни нa дoĸaзaнa\nтexнoлoгия:\n\nЗaпoчвaйĸи cъc зaщитнaтa cиcтeмa Х-Рrоtесt cpeщy пpoниĸвaщи чacтици вoдa и\nмpъcoтия, пpeз тялoтo и зъбнoтo ĸoлeлo Наgаnе, дo пpъcтeнa c пoĸpитиe oт титaн\nи cиcтeмaтa Х-Ѕhір - двoйнитe въpтящи ce бapaбaни във вepcиятa FD ca\noбopyдвaни c вcичĸи тexнoлoгии\n\n',791.12),(94,'Shimano Nexave 4000 FI Макара','**Shimano Nexave 4000 FI**\n\n  * Тегло: 305 g\n  * Лагери: 3 + 1\n  * Предавателно число: 5.2:1\n  * Мъртва тяга: 11 kg\n  * Обиране на влакно с един оборот: 83 cm\n  * Капацитет (mm / m):0.30 / 180\n\n  \n\nОтлична макара с преден аванс, която може да се използва за всички видове\nриболов в сладки води - от риболов с леки и средно тежки примамки.\n\nБлагодарение на трите си защитени лагера от неръждаема стомана в комбинация с\nперфектно регулируемия преден аванс, NEXAVE FI работи изключително гладко и се\nсправя без проблеми, когато закачите голяма риба.\n\n',139.00),(95,'Shimano Nexave 2500 S FI Макара','**Shimano Nexave 2500 S FI**\n\n  * Тегло: 265 g\n  * Лагери: 3 + 1\n  * Предавателно число: 5.0:1\n  * Мъртва тяга: 4 kg\n  * Обиране на влакно с един оборот: 73 cm\n  * Капацитет (mm / m):0.18 / 120\n\n  \n\nОтлична макара с преден аванс, която може да се използва за всички видове\nриболов в сладки води - от риболов с леки и средно тежки примамки.\n\nБлагодарение на трите си защитени лагера от неръждаема стомана в комбинация с\nперфектно регулируемия преден аванс, NEXAVE FI работи изключително гладко и се\nсправя без проблеми, когато закачите голяма риба.\n\n',134.00),(96,'Savage Gear SGS8 18000 FD Макара','Това е нашият нов SGS8, напълно покрита с SW500. Макарата е устойчива на\nсолена вода и по други начини, включително нейните запечатани 8+1 стоманени\nсачмени лагери, запечатана система за аванса и лек и здрав алуминиев корпус и\nротор от композитен материал, подсилен с карбон.\n\nВъзможността да издържате на постоянни нападения от солена вода обаче не е\nединственото качество на тази макара. Тя също така разполага с нашата система\nза плъзгане на триенето FCS 3, която съдържа шайби, направени в трислоен\nдизайн – слой от фибростъкло със слой от въглеродни влакна от двете страни.\nТова придава на шайбите ненадмината твърдост, което води до ултра-гладко и\nмощно съпротивление, спиращо рибата – това също така означава, че могат да се\nобръщат и да се използват от двете страни, за да се удължи живота им.\n\n  * Макара, устойчива на солена вода\n  * Kalloy Body - Алуминиево тяло\n  * CRC Карбонов ротор\n  * VSS пружинна система\n  * FCS 3 Drag - Шайбите, използвани в тази авансова система са направени в трислоен дизайн - един слой от фибростъкло плюс по един слой от карбонови влакна от двете му страни\n  * HS Drag - Гумено уплътнение на аванса\n  * Torqueshift 2 - зацепваща система с алуминиево машинно изрязано зъбно колело\n  * Dura Grease - Патентована грес за гладка и дълготрайна работа\n  * Dura Oil - иновативна смазка\n  * BR-S - Braid Ready Spool - Основна алуминиева шпула готова за плетено влакно, която елиминира необходимостта от моно подложка\n  * Кръгъл клипс на шпулата\n  * Aero Lip - специален ръб на шпулата, който помага по-далечно замятане\n  * 8+1 запечатани сачмени лагери от неръждаема стомана\n  * Dynamic Line Managment - безупречна система за редене на влакното\n  * SST Handle - Дръжка с вътрешна резба\n  * Кръгла голяма ръкохватка за удобство и сила\n  * Запечатана карбонова авансова система\n  * Покритие SW500 против корозия\n\n  \n\n**Savage Gear SGS8 18000 FD**\n\n  * Тегло: 851гр\n  * Лагери: 8 + 1\n  * Предавателно число: 5.3:1\n  * Мъртва тяга: 21 кг\n  * Капацитет (mm / m): 0.46 / 400\n  * Навиване на влакно с 1 оборот – 135cm\n\n',475.00),(97,'Savage Gear Sticklebait Spinner #3 9.1g Въртяща блесна','Тази въртяща се блесна е създадена въз основа на 3D сканиране на малкa рибка -\nбодливка (sticklebait). Блесната развърта моментално, без значение дали ловите\nпо течението или задържате срещу него. Подходящa е за риболов на костур, бяла\nриба и щука.\n\n  * 3D сканирани детайли\n  * Моментално завъртане\n  * Тегло: 9.1гр\n  * Куки: 1 брой SGY 1X тройна кука номер #6 и 1 брой GPS единична кука номер #2\n\n',12.80),(98,'Savage Gear Grub Spinners #2 5.8g Въртяща блесна','Тяло с форма на ларва, съчетано с уникално действие, тази блесна гарантирано\nще примамва гладните хищници. Блесната развърта моментално, без значение дали\nловите по течението или задържате срещу него.\n\n  * 3D сканирани детайли\n  * Моментално завъртане\n  * Тегло: 5.8гр\n  * Куки: 1 брой SGY 1X тройна кука номер #8 и 1 брой GPS единична кука номер #4\n\n',9.10),(99,'Savage Gear Sticklebait Spinner #2 7.3g Въртяща блесна','Тази въртяща се блесна е създадена въз основа на 3D сканиране на малкa рибка -\nбодливка (sticklebait). Блесната развърта моментално, без значение дали ловите\nпо течението или задържате срещу него. Подходящa е за риболов на костур, бяла\nриба и щука.\n\n  * 3D сканирани детайли\n  * Моментално завъртане\n  * Тегло: 7.3гр\n  * Куки: 1 брой SGY 1X тройна кука номер #8 и 1 брой GPS единична кука номер #4\n\n',12.30),(100,'Savage Gear Sticklebait Spinner #1 4.5g Въртяща блесна','Тази въртяща се блесна е създадена въз основа на 3D сканиране на малкa рибка -\nбодливка (sticklebait). Блесната развърта моментално, без значение дали ловите\nпо течението или задържате срещу него. Подходящa е за риболов на костур, бяла\nриба и щука.\n\n  * 3D сканирани детайли\n  * Моментално завъртане\n  * Тегло: 4.5гр\n  * Куки: 1 брой SGY 1X тройна кука номер #12 и 1 брой GPS единична кука номер #6\n\n',11.80),(101,'Savage Gear Grub Spinners #0 2.2g Въртяща блесна','Тяло с форма на ларва, съчетано с уникално действие, тази блесна гарантирано\nще примамва гладните хищници. Блесната развърта моментално, без значение дали\nловите по течението или задържате срещу него.\n\n  * 3D сканирани детайли\n  * Моментално завъртане\n  * Тегло: 2.2гр\n  * Куки: 1 брой SGY 1X тройна кука номер #12 и 1 брой GPS единична кука номер #8\n\n',8.80),(102,'Savage Gear Grub Spinners #1 3.8g Въртяща блесна','Тяло с форма на ларва, съчетано с уникално действие, тази блесна гарантирано\nще примамва гладните хищници. Блесната развърта моментално, без значение дали\nловите по течението или задържате срещу него.\n\n  * 3D сканирани детайли\n  * Моментално завъртане\n  * Тегло: 3.8гр\n  * Куки: 1 брой SGY 1X тройна кука номер #10 и 1 брой GPS единична кука номер #6\n\n',8.90),(103,'Rodio Craft Noa-L 0.7g Блесна клатушка','Noa вероятно са най-популярните клатушки на Rodio Craft. Подходящи са за\nизползване като пилотна примамка, когато ловим на ново място. Рибите бързо\nзабелязват нейното присъствие и следват удари. Новият модел Noa-L (Noa Little)\nноси характерните особености на серията, с размер по-голям от Noa-M и по-малък\nот Noa-Jr.\n\n  * Дължина: 1.8см\n  * Тегло: 0.7гр\n\n',13.90),(104,'Rodio Craft Cha2 2.8g Блесна клатушка','Rodio Craft Cha2 е колебаеща се блесна с японско качество. Благодарение на\nфизическите си параметри и съотношението на площта към масата, тя има отлични\nполетни възможности. Подходяща е за проводки близо до дъното и за места с по-\nголяма дълбочина.\n\n  * Тегло: 2.8гр\n\n',13.90),(105,'Rodio Craft Cha2 2.2g Блесна клатушка','Rodio Craft Cha2 е колебаеща се блесна с японско качество. Благодарение на\nфизическите си параметри и съотношението на площта към масата, тя има отлични\nполетни възможности. Подходяща е за проводки близо до дъното и за места с по-\nголяма дълбочина.\n\n  * Тегло: 2.2гр\n\n',13.90),(106,'Rodio Craft Jekyll Jr. 0.7g Блесна клатушка','Rodio Craft е японска компания, която произвежда висококачествени клатушки,\nпредназначени основно за риболов на пъстърва. При пълен цикъл на производство\nв Япония, прецизно подбрани размер и тегло, избор между различни модели,\nполучаваме като резултат страхотна примамка, която може да се води ефективно\nдори с много ниска скорост. Rodio Craft залагат на уникална цветова гама,\nразработена съвместно с биолози, създадена за всеки сезон от годината, за\nвсяко време от деня, за специфичните особености на различни водоеми.\n\n  * Тегло: 0.7гр\n\n',13.90),(107,'Rodio Craft Jekyll Jr. 0.9g Блесна клатушка','Rodio Craft е японска компания, която произвежда висококачествени клатушки,\nпредназначени основно за риболов на пъстърва. При пълен цикъл на производство\nв Япония, прецизно подбрани размер и тегло, избор между различни модели,\nполучаваме като резултат страхотна примамка, която може да се води ефективно\nдори с много ниска скорост. Rodio Craft залагат на уникална цветова гама,\nразработена съвместно с биолози, създадена за всеки сезон от годината, за\nвсяко време от деня, за специфичните особености на различни водоеми.\n\n  * Тегло: 0.9гр\n\n',13.90),(108,'Rodio Craft Jekyll Jr. 1.1g Блесна клатушка','Rodio Craft е японска компания, която произвежда висококачествени клатушки,\nпредназначени основно за риболов на пъстърва. При пълен цикъл на производство\nв Япония, прецизно подбрани размер и тегло, избор между различни модели,\nполучаваме като резултат страхотна примамка, която може да се води ефективно\nдори с много ниска скорост. Rodio Craft залагат на уникална цветова гама,\nразработена съвместно с биолози, създадена за всеки сезон от годината, за\nвсяко време от деня, за специфичните особености на различни водоеми.\n\n  * Тегло: 1.1гр\n\n',13.90),(109,'Rodio Craft Jekyll 1.8g Блесна клатушка','Rodio Craft е японска компания, която произвежда висококачествени клатушки,\nпредназначени основно за риболов на пъстърва. При пълен цикъл на производство\nв Япония, прецизно подбрани размер и тегло, избор между различни модели,\nполучаваме като резултат страхотна примамка, която може да се води ефективно\nдори с много ниска скорост. Rodio Craft залагат на уникална цветова гама,\nразработена съвместно с биолози, създадена за всеки сезон от годината, за\nвсяко време от деня, за специфичните особености на различни водоеми.\n\n  * Тегло: 1.8гр\n\n',13.90),(110,'Rodio Craft Noa-S 1.4g Блесна клатушка','Клатушките от серията Noa на Rodio Craft имат равномерно извита форма на\nтялото, с малки, противоположно извити части в горната и долната част. Ясно\nизразената капковидна форма е друга отличителна черта на модела като в края е\nмалко по-дебела, което позволява да променя движението си във водата\nнеконтролируемо. Noa-S са идеални за равномерно водене или с кратки паузи.\n\n  * Тегло:1.4гр\n\n',13.90),(111,'Rodio Craft Noa 1.5g Блесна клатушка','Клатушките от серията Noa на Rodio Craft са силно привлекателни за активните и\nсредно активни риби в периметъра, така че скоро след замятане можете да\nочаквате удар. Предлагат се в широка гама от цветове, между които можете да\nизбирате според конкретните условия на водоема.\n\n  * Тегло: 1.5гр\n\n',13.90),(112,'Rodio Craft Noa 2.1g Блесна клатушка','Клатушките от серията Noa на Rodio Craft са силно привлекателни за активните и\nсредно активни риби в периметъра, така че скоро след замятане можете да\nочаквате удар. Предлагат се в широка гама от цветове, между които можете да\nизбирате според конкретните условия на водоема.\n\n  * Тегло: 2.1гр\n\n',13.90),(113,'Rodio Craft Noa Jr. 0.9g Блесна клатушка','Noa Jr. са изключително атрактивни блесни клатушки от японския производител\nRodio Craft. Моделът Jr e с най-малки размери сред разновидностите на Noa,\nкато запазва характерната капковидна форма без остри ръбове и неповторимото\nдвижение.\n\n  * Тегло:0.9гр\n\n',13.90),(114,'Rodio Craft Noa Jr. 1.4g Блесна клатушка','Noa са изключително атрактивни блесни клатушки от японския производител Rodio\nCraft. Моделът Jr e с най-малки размери сред разновидностите на Noa, като\nзапазва характерната капковидна форма без остри ръбове и неповторимото\nдвижение.\n\n  * Тегло:1.4гр\n\n',13.90),(115,'Rodio Craft Noa-S 1.0g Блесна клатушка','Клатушките от серията Noa на Rodio Craft имат равномерно извита форма на\nтялото, с малки, противоположно извити части в горната и долната част. Ясно\nизразената капковидна форма е друга отличителна черта на модела като в края е\nмалко по-дебела, което позволява да променя движението си във водата\nнеконтролируемо. Noa-S са идеални за равномерно водене или с кратки паузи.\n\n  * Тегло:1.0гр\n\n',13.90),(116,'Rodio Craft Noa Jr. 1.2g Блесна клатушка','Noa Jr e най-малката клатушка сред разновидностите на Noa, създадени за\nриболов на пъстърва. Тя е по-тясна и по-къса от останалите модели, но запазва\nхарактерната капковидна форма без остри ръбове и неповторимото си движение.\nОборудвана е с единична кука без контра\n\n  * Тегло:1.2гр\n\n',13.90),(117,'Rodio Craft Noa 1.8g Блесна клатушка','Клатушките от серията Noa на Rodio Craft са силно привлекателни за активните и\nсредно активни риби в периметъра, така че скоро след замятане можете да\nочаквате удар. Предлагат се в широка гама от цветове, между които можете да\nизбирате според конкретните условия на водоема.\n\n  * Тегло:1.8гр\n\n',13.90),(118,'Rodio Craft QM 3.3g Блесна клатушка','QM са ефективни клатушки за риболов на пъстърва на компанията Rodio Craft. Има\nдобър кастинг, което позволява с него да се облавят и по-далечни участъци.\n\n  * Дължина:3.2см\n  * Тегло:3.3гр\n\n',13.90),(119,'Rodio Craft QM 2.8g Блесна клатушка','QM са ефективни клатушки за риболов на пъстърва на компанията Rodio Craft. Има\nдобър кастинг, което позволява с него да се облавят и по-далечни участъци.\n\n  * Дължина:3.2см\n  * Тегло:2.8гр\n\n',13.90),(120,'Shimano Cardiff Search Swimmer 1.8g Блесна клатушка','Kлaтyшĸa oт ЅНІМАNО c xибpиднa фopмa, ĸoятo paбoти мнoгo дoбpe c paзлични\nпpoвoдĸи. Изĸлючитeлнo пoдxoдящa ĸлaтyшĸa зa pибoлoв нa вoдoeми, в ĸoитo\npибитe ca в лeтapгия.\n\n  * Teглo: 1.8гp\n\n',9.70),(121,'Shimano Cardiff Search Swimmer 2.5g Блесна клатушка','Kлaтyшĸa oт ЅНІМАNО c xибpиднa фopмa, ĸoятo paбoти мнoгo дoбpe c paзлични\nпpoвoдĸи. Изĸлючитeлнo пoдxoдящa ĸлaтyшĸa зa pибoлoв нa вoдoeми, в ĸoитo\npибитe ca в лeтapгия.\n\n  * Teглo: 2.5гp\n\n',9.70),(122,'Shimano Cardiff Search Swimmer 3.5g Блесна клатушка','Kлaтyшĸa oт ЅНІМАNО c xибpиднa фopмa, ĸoятo paбoти мнoгo дoбpe c paзлични\nпpoвoдĸи. Изĸлючитeлнo пoдxoдящa ĸлaтyшĸa зa pибoлoв нa вoдoeми, в ĸoитo\npибитe ca в лeтapгия.\n\n  * Teглo: 3.5гp\n\n',10.80),(123,'Shimano Cardiff Roll Swimmer Premium 1.5g Блесна клатушка','С малко по-малък и по-компактен силует от конвенционалните ролкови клатушки,\nRoll Swimmer \"захапва\" водата, когато се движи, за да създаде по-широко\nклатещо действие, особено когато се изтегля много бавно.\n\n  * Тегло: 1.5гр\n\n',13.60),(124,'Shimano Cardiff Roll Swimmer Premium 2.5g Блесна клатушка','С малко по-малък и по-компактен силует от конвенционалните ролкови клатушки,\nRoll Swimmer \"захапва\" водата, когато се движи, за да създаде по-широко\nклатещо действие, особено когато се изтегля много бавно.\n\n  * Тегло: 2.5гр\n\n',13.60),(125,'Shimano Cardiff Wobble Swimmer 1.5g Блесна клатушка','Фopмaтa нa ЅНІМАNО Саrdіff Wоbblе Ѕwіmmеr e пoдxoдящa зa мaлĸo пo-бъpзa\nпpoвoдĸa, ĸoeтo e мнoгo eфeĸтивнo, aĸo pибитe ce xpaнят в пo-гopнитe cлoeвe нa\nвoдaтa. Πo-бaвнaтa пpoвoдĸa пpeдизвиĸвa cилнo ĸлaтyшĸaнe и тaĸa пpивличa\nдoпълнитeлнo xищнитe pиби.\n\n  * Дължинa: 28мм\n  * Teглo: 2.5гp\n\n',11.60),(126,'Shimano Cardiff Wobble Swimmer 2.5g Блесна клатушка','Фopмaтa нa ЅНІМАNО Саrdіff Wоbblе Ѕwіmmеr e пoдxoдящa зa мaлĸo пo-бъpзa\nпpoвoдĸa, ĸoeтo e мнoгo eфeĸтивнo, aĸo pибитe ce xpaнят в пo-гopнитe cлoeвe нa\nвoдaтa. Πo-бaвнaтa пpoвoдĸa пpeдизвиĸвa cилнo ĸлaтyшĸaнe и тaĸa пpивличa\nдoпълнитeлнo xищнитe pиби.\n\n  * Дължинa: 30мм\n  * Teглo: 2.5гp\n\n',11.60),(127,'Shimano Cardiff Slim Swimmer 3.6g Блесна клатушка','Tънĸия пpoфил нa клатушката ЅНІМАNО Саrdіff Ѕlіm Ѕwіmmеr дoпpинacя зa дaлeчeн\nĸacтинг. Paвнoтo paзпpeдeлeниe нa тeглoтo зaбaвя пaдaнeтo нa ĸлaтyшĸaтa и тaĸa\nпepфeĸтнo oблaвятe пo-гopнитe cлoeвe нa вoдaтa.\n\n  * Teглo - 3.6гp\n\n',10.80),(128,'Shimano Cardiff Slim Swimmer 2.0g Блесна клатушка','Tънĸия пpoфил нa клатушката ЅНІМАNО Саrdіff Ѕlіm Ѕwіmmеr дoпpинacя зa дaлeчeн\nĸacтинг. Paвнoтo paзпpeдeлeниe нa тeглoтo зaбaвя пaдaнeтo нa ĸлaтyшĸaтa и тaĸa\nпepфeĸтнo oблaвятe пo-гopнитe cлoeвe нa вoдaтa.\n\n  * Teглo - 2.0гp\n\n',9.70),(129,'Shimano Cardiff Roll Swimmer Camo 1.5g Блесна клатушка','С малко по-малък и по-компактен силует от конвенционалните ролкови клатушки,\nRoll Swimmer \"захапва\" водата, когато се движи, за да създаде по-широко\nклатещо действие, особено когато се изтегля много бавно.\n\nТегло: 1.5гр\n\n',11.60),(130,'Shimano Cardiff Roll Swimmer Camo 2.5g Блесна клатушка','С малко по-малък и по-компактен силует от конвенционалните ролкови клатушки,\nRoll Swimmer \"захапва\" водата, когато се движи, за да създаде по-широко\nклатещо действие, особено когато се изтегля много бавно.\n\n  * Тегло: 2.5гр\n\n',12.70),(131,'Shimano Cardiff Roll Swimmer Camo 3.5g Блесна клатушка','С малко по-малък и по-компактен силует от конвенционалните ролкови клатушки,\nRoll Swimmer \"захапва\" водата, когато се движи, за да създаде по-широко\nклатещо действие, особено когато се изтегля много бавно.\n\nТегло: 3.5гр\n\n',13.60),(132,'Yarie Blender 1.5g Блесна','**Yarie Blender** е въртяща блесна, създадена за риболов на пъстърва, но\nотлично се представя и в риболова на кефал и костур.\n\nТрапецовидното тяло на утежнението и интегрираното листо на самата ос\nпредотвратяват усукването на линията, което позволява ползването на фини\nлинии. Блесната развърта моментално, без значение дали ловите по течението или\nзадържате срещу него.\n\nПроизведена с изключителна японска прецизност и внимание в Япония.\n\n  * Тегло: 1.5гр\n\n',14.50),(133,'Yarie Dove WF 20g Блесна клатушка','N/A\n\n',24.00),(134,'Savage Gear Nails Micro Spoon Kit 1 Комплект клатушки','Ултра реалистични клатушки проектирани с съвършенство във всеки малък детайл.\n\n  * Истинско сребърно и медно покритие\n  * Ръчно боядисана и тествана\n  * Японска тройна кука\n  * 10 броя в 5 различни цвята\n  * 2 размера: #1C са с тегло 2,5 грама и дължина 24 мм; #2С са с тегло 3,5 грама и дължина 28 мм;\n\n',47.90),(135,'Savage Gear Micro Skipper 6cm 9g','  * Снабдена с декорирана тройна кука\n  * Перфектен дизайн\n  * Дължина:6см\n  * Тегло: 9гр\n\n',16.90),(136,'Savage Gear Micro Skipper 4cm 5g','  * Снабдена с декорирана тройна кука\n  * Перфектен дизайн\n  * Дължина:4см\n  * Тегло: 5гр\n  * Тип: потъващ\n\n',16.70),(137,'Yarie T-Fresh EVO 0.8g Блесна клатушка','T-Fresh Evo 0.8g е малка блесна клатушка която има много активна игра,\nпровокираща най-мнителните пъстърви. Подходяща е както за начинаещи, така и за\nнапреднали риболовци. Много успешна за риболов на пъстърва и кефал! Клатушката\nима активна игра при бавно водене, и много активна игра при по-бързо водене.\nПрепоръчително е използването и на затворени водоеми и участъци на реки с по-\nбавно течение.\n\n  * Тегло: 0.8гр\n\n',11.90),(138,'Yarie Pirica more 0.5g Блесна клатушка','Yarie Pirica More e блесна тип клатушка,произведена в Япония и е създадена за\nриболов на пъстърви в спокойни и течащи води, която работи ефективно при бавно\nи бързо изтегляне. Проектирана е да пропада бавно и да има игра по време на\nпропадане. Също така ефективно се справя с потока на вода срещу нея, което я\nправи изключително подходяща за риболов на река водейки я срещу течението.\nДори в най-бързите води, блесната остава под вода. Pirica, която е призната за\nстабилното и поведение, дава възможност на рибарите да контролират действията\nна блесната, така че да могат да предизвикат атака на риба във всякакви\nобстоятелства. Позволява да се лови с нея и по течението, като има активна\nигра, водейки я със скоростта на водата. Блесната Yarie Pirica More e\nизключително успешна при риболов пъстърви и кефал на река.\n\n  * Тегло: 0.5гр\n\n',11.90),(139,'Yarie T-roll 0.6g Блесна клатушка','Yarie T-roll 0.6g е японска блесна, тип клатушка, която прави улавянето дори\nнай-мнителните и пресирани риби лесна задача. Благодарение на формата, размера\nи теглото си, тя се превръща в една невероятно примамка, с която може да се\nборави по множество начини. Позволява водене както на бърза, така и на бавна\nпроводка, създавайки атрактивна и неустоима за рибите игра. Най-подходяща за\nоблавяне на горните водни слоеве. Изключително стабилно поведение не само при\nриболов на пъстърва в затворен водоем, но и при риболов на диви пъстърви и\nкефали в реки със слабо течение.\n\n  * Тегло: 0.6 гр\n\n',11.90),(140,'Yarie Ringo midi 1.3g Блесна клатушка','Yaire Ringo Мidi е блесна тип клатушка, произведена в Япония и е създадена за\nриболов на пъстърви \"area fishing\"(риболов на американки на платено).\nКлатушката е проектирана така, че водейки я да не изплува към повърхността, а\nда се движи в избраният от риболовеца воден слой. Ringo Midi e супер успешна\nблесна тип клатушка и при риболов на река. На участъци с умерено силно течение\nможе да се води по течението със скоростта на водата. Така има ясно изразена\nигра и пъстървите не и устояват, а на места с по-бавно течение, може да се\nводи срещу течението. Изключително успешна блесна тип клатушка за риболов на\nпъстърва и кефал на затворени водоеми и реки!\n\n  * Тегло: 1.3гр\n\nYaire Ringo Мidi е блесна тип клатушка, произведена в Япония и е създадена за\nриболов на пъстърви \"area fishing\"(риболов на американки на платено).\nКлатушката е проектирана така, че водейки я да не изплува към повърхността, а\nда се движи в избраният от риболовеца воден слой. Ringo Midi e супер успешна\nблесна тип клатушка и при риболов на река. На участъци с умерено силно течение\nможе да се води по течението със скоростта на водата. Така има ясно изразена\nигра и пъстървите не и устояват, а на места с по-бавно течение, може да се\nводи срещу течението. Изключително успешна блесна тип клатушка за риболов на\nпъстърва и кефал на затворени водоеми и реки!\n\n  * Тегло: 1.3гр\n\n',11.90),(141,'Yarie T-spoon 1.1g Блесна клатушка','Клатушката Yarie T-spoon е една изключително успешна блесна, в ситуаците,\nкогато е нужно да облавяме по-ниските водни слоеве с малка по размер и активна\nпримамка, но същевременно стабилна игра при бавно обиране. Този модел блесна\nпозволява замятане на далечна дистанция, въпреки теглото си, благодарение на\nсвоята форма с изнесен център на тежестта. Подходяща за риболов на пъстърва и\nкефал, както в затворени водоеми, така и в реки с умерено течение.\n\n  * Тегло: 1.1 гр\n\n',11.90),(142,'Yarie Ringo Midi 1.5g Блесна клатушка','**Yaire Ringo Мidi** е блесна тип клатушка, произведена в Япония и е създадена\nза риболов на пъстърви \"area fishing\"(риболов на американки на платено). Ringo\nmidi e по-малкият брат на модела Ringo. Клатушката е проектирана така, че\nводейки я да не изплува към повърхността, а да се движи в избраният от\nриболовеца воден слой. Така Ringo Midi, може да се води близко до дъното, дори\nи на по-дълбоки водоеми. Ringo Midi e супер успешна блесна тип клатушка и при\nриболов на река. На участъци с умерено силно течение може да се води по\nтечението със скоростта на водата. Така има ясно изразена игра и пъстървите не\nи устояват, а на места с по-бавно течение, може да се води срещу течението.\nИзключително успешна блесна тип клатушка за риболов на пъстърва и кефал на\nзатворени водоеми и реки!\n\n  * Тегло:1.5гр\n\n',11.90),(143,'Yarie T-Roll 0.8g Блесна клатушка','Yarie T-roll 0.8g е японска блесна, тип клатушка, която прави улавянето дори\nнай-мнителните и пресирани риби лесна задача. Благодарение на формата, размера\nи теглото си, тя се превръща в една невероятно примамка, с която може да се\nборави по множество начини. Позволява водене както на бърза, така и на бавна\nпроводка, създавайки атрактивна и неустоима за рибите игра. Най-подходяща за\nоблавяне на горните и средни водни слоеве. Изключително стабилно поведение не\nсамо при риболов на пъстърва в затворен водоем, но и при риболов на диви\nпъстърви и кефали в реки със слабо до умерено течение.\n\n  * тегло: 0.8гр\n\n',11.90),(144,'Savage Gear Da Bush Spinnerbait 14cm 21g Limited colors Спинербайт','Серията спинербайти Da Bush е наистина уникална по качество и дизайн.Внесена е\nиновация в един много традиционен тип примамка по забележителен начин с\nнесравними качествени компоненти и цветове.Хищниците атакуват тази примамка с\nбрутална сила.Едно от най-големите предимства на Da Bush е това, че може да се\nлови на силно обрасли и затворени места.\n\n',18.90),(145,'Savage Gear Super Hard Fluorocarbon 50m Флуорокарбон','  * 100% супер твърд флуорокарбон\n  * Невидим във водата\n  * Превъзходна здравина на възела\n  * Устойчив на UV\n  * Устойчив на износване\n  * Препоръчително е при направата на поводи с размер по-голям от 0.50mm да се кримпват\n\n',32.90),(146,'Unitika Eging Super III 150 m White Плетено влакно','Unitika Eging Super III 150 m White - плетено 4 нишково риболовно влакно,\nпроизведено в Япония.\n\nОцветено е в бял цвят за по-добра видимост. Има PD processing защита на\nвлакното против обезцветяване и избледняване на цвета и на всеки 25 метра има\nмаркер в лилаво.\n\n',36.00),(147,'Savage Gear Pro Peg Blade Rig 2pcs Стингер','Страхотен стингер с тел от неръждаема стомана, острие и вирбел, за перфектната\nиздръжливост и здравина. Монтирайте острието в центъра на примамката откъм\nноса или под корема и използвайте клечките за зъби, за да закрепите\nдопълнително задържането. Оборудван със супер здрава тел Carbon49 и остри\nтройни куки SGY 1X BN.\n\n  * Острие от неръждаема стомана\n  * Множество опции за монтаж\n  * SGY 1X BN Тройни куки\n\n',17.90),(148,'Unitika Compact Shock Leader FC 20 m Флуорокарбон','Флуoрокарбон на бранда Unitika в разчлини размери, произведен в Япония. Всеки\nразмер е в различен цвят, за по-лесно различаване.\n\n',12.50),(149,'Scierra Fly Line Loop Connectors Конектор','**Scierra Fly Line Loop Connectors** \\- безвъзлов конектор за мухарски\nшнурове.Подходящи за шнурове с размер от 3 до 6.\n\n  * Прозрачен\n  * Дължина: 22 см\n  * Плаващ\n\n  \n\n**Scierra Fly Line Loop Connectors** \\- безвъзлов конектор за мухарски\nшнурове.Подходящи за шнурове с размер от 3 до 6.\n\n  * Прозрачен\n  * Дължина: 22 см\n  * Плаващ\n\n',5.00),(150,'Scierra Aerial Шнур','  * Индикация с лазерен печат.\n  * Дължина: 27,50м\n\n',75.00),(151,'Scierra Tippet Material Fluorocarbon Флуорокарбон','Онези от вас, които ловят в бистра вода, ще харесат този тип влакно, тъй като\nматериалът, от който е направен е практически невидим под водата. Поради\nтеглото на флуорокарбона, това влакно потъва три пъти по-бързо от найлоновите.\nНе остарява и има невероятно висока якост на възела.Scierra Tippet Material за\n2017 г. е разработен от идеята за оптимално съчетание на сила, видимост и\nтвърдост. Силата на възлите на различните диаметри на найлон и флуорокарбон са\nизключителни и се работи усилено, за да се намери перфектния баланс на\nдиаметъра и твърдостта.\n\n  * Изработени от японски колимерни материали\n  * Оптимална якост на възела\n  * Използвали сме различни степени на твърдост за различни диаметри, най-тънките диаметри изискват по-твърди материали, за да се избегне пречупване при риболов с обемни сухи мухи\n  * Флуорокарбонът е невидим под водата\n\n',18.90),(152,'Scierra The Trout Leader Повод','В **Scierra** разработиха пълна гама от лидери за мухи, които да отговарят на\nвсякакви условия, по целия свят. Тези лидери са изработени от най-добрите\nсъполимерни материали, а конусният дизайн осигурява перфектно връщане и\nпрецизна точност при всяко замятане. Хвърлете с един от тях и ще се насладите\nна безпроблемно връщане и балансиран кастинг. В същото време лидерът е\nдостатъчно гъвкав, за да осигури реалистична презентация. Перфектен за риболов\nс мокри, сухи мухи или нимфи.\n\n',8.50),(153,'Savage Gear Semi Soft Fluorocarbon Seabass 30m Флуорокарбон','Semi Soft Seabass Leader ви предлага оптималната комбинация от мекота и здрава\nустойчивост на абразия.Флуорокарбонът е достатъчно мек, за да позволи\nделикатно представяне на примамките, като същевременно е достатъчно жилав, за\nда устои на наранявания.\n\n  * 100% флуорокарбон\n  * Невидим във вода\n  * Перфектна комбинация от мекота и устойчивост на износване\n  * Устойчив на UV и химикали\n  * Специализиран за риболов на лаврак\n\n',9.90),(154,'Savage Gear Semi Soft Fluorocarbon 30m Флуорокарбон','Semi Soft Micro Leader ви предлага оптималната комбинация от мекота и здрава\nустойчивост на абразия.Флуорокарбонът е достатъчно мек, за да позволи\nделикатно представяне на примамките, като същевременно е достатъчно жилав, за\nда устои на наранявания.\n\n  * 100% флуорокарбон\n  * Невидим във вода\n  * Перфектна комбинация от мекота и устойчивост на износване\n  * Устойчив на UV и химикали\n\n  \n\nSemi Soft Micro Leader ви предлага оптималната комбинация от мекота и здрава\nустойчивост на абразия.Флуорокарбонът е достатъчно мек, за да позволи\nделикатно представяне на примамките, като същевременно е достатъчно жилав, за\nда устои на наранявания.\n\n  * 100% флуорокарбон\n  * Невидим във вода\n  * Перфектна комбинация от мекота и устойчивост на износване\n  * Устойчив на UV и химикали\n\n',9.90),(155,'Unitika Silver Thread Shock Leader Nylon 50m Влакно','N/A\n\n',32.00),(156,'Unitika Aiger ||| Super 50m Флуорокарбон','N/A\n\n',24.00),(157,'Unitika Area Game Ester 150m Влакно','N/A\n\n',26.50),(158,'Unitika Silver Thread Shoregame 150 m Плетено влакно','N/A\n\n',29.90),(159,'Unitika Univenture 1 Power Jigging Deluxe 300 m Плетено влакно','N/A\n\n',59.00),(160,'Savage Gear Silencer Mono 150m Монофилно влакно','Супер тихо, меко, и с ниска разтегливост. Това е монофилната линия Savage Gear\nSilencer Mono с висока якост на възел и устойчивост на скъсване. Страхотно\nприложение при риболов с изкуствени примамки.\n\n  \n\nСупер тихо, меко, и с ниска разтегливост. Това е монофилната линия Savage Gear\nSilencer Mono с висока якост на възел и устойчивост на скъсване. Страхотно\nприложение при риболов с изкуствени примамки.\n\n',7.80),(161,'Unitika Night Game the Super PE Плетено влакно за риболов','Качествен, японски 4-жилен брейд, специално разработен за леки и ултралеки\nприложения. Първоначално създаден за LRF(Light Rock Fishing), този брейд е със\nстегната оплетка, кръгло сечение и повишена устойчивост на протриване. Бял на\nцвят, с лилава белязка на всеки 25м и специфично тегло близко до неутралното -\n0.98. Повишен кастинг, невероятна чувствителност, изключително подходящ за\nмикро джиг риболов на костур, area риболов на зарибени американки, както и\nstream риболов на пъстърва и кефал на по-малки реки. Предлага се в разфасовки\nпо 150м.  \n\n  * PE 0.2 - 4.8 lb / 2.2 kg\n  * PE 0.3 - 6.4 lb / 2.9 kg\n  * PE 0.4 - 8.4 lb / 3.8 kg\n\n  \n\n',49.00),(162,'Unitika Univenture X8 200 m Плетено 8-нишково влакно','Висококачествено 8-нишково влакно,специално обработено, за да запазва цвета си\nпо-дълго.5 цвята на всеки 10 метра (с маркировка от 1 м на всеки 5 метра)\n\n  * PE 0.8 - 16 lb / 7.00 kg\n  * PE 1.0 - 20 lb / 9.00 kg\n  * PE 1.2 - 25 lb 11.00 kg\n  * PE 1.5 - 30 lb / 14.00 kg\n  * PE 2.0 - 35 lb / 16.00 kg\n  * PE 2.5 - 45 lb 20.00 kg\n  * PE 3.0 - 50 lb / 23.00 kg\n  * PE 4.0 - 60 lb / 27.00kg\n  * PE 5.0 - 70 lb / 32.00 kg\n  * PE 6.0 - 80 lb / 36.00 kg\n  * PE 8.0 - 100 lb / 45.00 kg\n  * PE 10.0 - 120 lb / 54.00 kg\n  * PE 12.0 - 140 lb / 64.00 kg\n  * PE 15.0 - 170 lb / 77.00 kg\n  * PE 20.0 - 200 lb / 91.00 kg\n\n',66.00),(163,'Unitika Silver Thread Shock Leader 100 m Флуорокарбон','Unitika Silver Thread FC е много здраво флуорокарбоново влакно за шок лидер\nповоди. Неговите свойства позволяват по-добро представяне и работа както в\nсладки, така и в солни води. Одобрено от IGFA.\n\n  * dia (mm) 0.405 - test lb 20 / 10.0 kg\n  * dia (mm) 0.435 - test lb 25 / 12.5 kg\n  * dia (mm) 0.470 - test lb 30 / 15.0 kg\n  * dia (mm) 0.520 - test lb 35 / 17.5 kg\n  * dia (mm) 0.570 - test lb 40 / 20.0 kg\n  * dia (mm) 0.620 - test lb 50 / 25.0 kg\n  * dia (mm) 0.660 - test lb 60 / 30.0 kg\n  * dia (mm) 0.700 - test lb 70 / 35.0 kg\n  * dia (mm) 0.740 - test lb 80 / 40.0 kg\n\n',46.00),(164,'Unitika Casline Eging Leader 50m Флуорокарбон','  * ​Наличен във варианти от 30 м и 50 м\n  * Трислойна структура за по-висока устойчивост и здравина на възела\n  * Ластичен стопер на шпулата\n\nПредлага се следните размери:\n\n  * PE 1.5 – dia (mm) 0.205\n  * PE 1.75 – dia (mm) 0.220\n  * PE 2.0 – dia (mm) 0.235\n  * PE2.5 – dia (mm) 0.260\n  * PE3.0 – dia (mm) 0.285\n\n',26.00),(165,'Unitika Casline Eging Leader 30m Флуорокарбон','  * Трислойна структура за по-висока устойчивост и здравина на възела\n  * Ластичен стопер на шпулата\n  * Наличен във варианти от 30 м и 50 м\n\nПредлага се следните размери:\n\n  * PE 1.5 – dia (mm) 0.205\n  * PE 1.75 – dia (mm) 0.220\n  * PE 2.0 – dia (mm) 0.235\n  * PE2.5 – dia (mm) 0.260\n  * PE3.0 – dia (mm) 0.285\n\n',19.00),(166,'Unitika Silver Thread FC 150 m Флуорокарбон','**Unitika Silver FC** е изключително здраво флуорокарбоново влакно. Неговите\nплаващи свойства позволяват по-добро представяне и работа с повърхностни\nпримамки както в сладки, така и в солни води. Това влакно е също толкова\nвпечатляващо, че се използва направо като влакно за намотаване на макара.\nОдобрено от IGFA.\n\n  * #1 - 0.165 mm - 1.81 kg - 4.00 lb\n  * #1.2 - 0.179 mm - 2.27 kg - 5.00 lb\n  * #1.5 - 0.205 mm - 2.72 kg - 6.00 lb\n  * #2 - 0.235 mm - 3.62 kg - 8.00 lb\n\n  \n\n**Unitika Silver FC** е изключително здраво флуорокарбоново влакно. Неговите\nплаващи свойства позволяват по-добро представяне и работа с повърхностни\nпримамки както в сладки, така и в солни води. Това влакно е също толкова\nвпечатляващо, че се използва направо като влакно за намотаване на макара.\nОдобрено от IGFA.\n\n  * #1 - 0.165 mm - 1.81 kg - 4.00 lb\n  * #1.2 - 0.179 mm - 2.27 kg - 5.00 lb\n  * #1.5 - 0.205 mm - 2.72 kg - 6.00 lb\n  * #2 - 0.235 mm - 3.62 kg - 8.00 lb\n\n',26.00),(167,'Savage Gear 1x7 Titanium Spin Trace 35cm 0.40mm 15kg  Титаниев повод','  * Мек, изключително гъвкав и здрав 7 нишков титаниев повод \n  * Подходящ за използване с всякакъв вид примамки\n  * Много здрави вирбели и карабинка\n  * 2 броя в опаковка \n\n',32.70),(168,'Savage Gear Raw49 Trace 20cm 0.27mm 7kg  Метален повод','  * Фин 49 нишков (7х7) метален повод от мека въглеродна стомана\n  * Предназначен за използаване с малки твърди и меки примамки\n  * 3 броя в опаковка \n\n',7.30),(169,'Savage Gear Soft Fluoro Carbon Флуорокарбон','Флуорокарбонът е много по-малко видим под водата от обикновения монофил и\nпочти невидим за рибата. Този 100% мек флуорокарбон и супер меката му формула\nдава перфектно представяне и действие във водата на примамките!\n\n  * Невидим във водата\n  * Супер мек\n  * Висока устойчивост на възел\n  * 100% флуорокарбон\n\n  \n  \n\n  \n\nФлуорокарбонът е много по-малко видим под водата от обикновения монофил и\nпочти невидим за рибата. Този 100% мек флуорокарбон и супер меката му формула\nдава перфектно представяне и действие във водата на примамките!\n\n  * Невидим във водата\n  * Супер мек\n  * Висока устойчивост на възел\n  * 100% флуорокарбон\n\n',13.60),(170,'Savage Gear Raw49 10m Метален повод','Meк метален повод от 49 нишки (7х7) подходящ за направа на поводи чрез възли\nили кримпване\n\n  * Неръждаеми нишки от високо въглеродна стомана \n  * 49 прекфектно сплетени нишки 7х7\n  * Мек и гъвкав\n  * Подходящ за възел и кримпване \n\n  \n\n',26.50),(171,'Savage Gear Carbon49 10m Метален повод','Супер здрав, мек и гъвкав метален повод от 49 нишки (7х7) от неръждаема\nстомана с покритие от въглероден съполимер за превъзходна устойчивост!\n\n  * Перфектно за кримпване и възли\n  * Мек и гъвкав повод\n  * 49 нишки 7х7\n  * 10 метра\n\n  \n\n',29.00),(172,'Savage Gear Regenerator Mono 30m Повод от кополимер за щука','Регенераторът е мека практически невидима монолиния, направена от много здрав,\nабразивоустойчив и устойчив на прорези кополимер. Супер меката формула на\nматериала предава гъвкавост, което позволява използването на всякакъв тип\nпримамки.\n\n  * Изключителна устойчивост на прорези от острите зъби на щуките\n  * Супер здрава, гъвкава и еластична линия\n  * Препоръчително е при направата на поводи с размер по-голям от 0.50mm да се кримпват  \n\n  \n\nРегенераторът е мека практически невидима монолиния, направена от много здрав,\nабразивоустойчив и устойчив на прорези кополимер. Супер меката формула на\nматериала предава гъвкавост, което позволява използването на всякакъв тип\nпримамки.\n\n  * Изключителна устойчивост на прорези от острите зъби на щуките\n  * Супер здрава, гъвкава и еластична линия\n  * Препоръчително е при направата на поводи с размер по-голям от 0.50mm да се кримпват\n\n',7.90),(173,'Savage Gear Regenerator Trace 50cm 1.00mm 25kg  Повод от кополимер за щука','Регенераторът е мека практически невидима монолиния, направена от много здрав,\nабразивоустойчив и устойчив на прорези кополимер. Супер меката формула на\nматериала предава гъвкавост, което позволява използването на всякакъв тип\nпримамки.\n\n  * Перфектно кримпване\n  * Устойчив на прорязвания и зъби на щука\n  * Невероятна здравина и еластичност\n  * Супер здрав вирбел и карабинка\n  * 3 броя в опаковка \n\n',6.80),(174,'Savage Gear Regenerator Trace  100cm 0.85mm 20kg Повод от кополимер за щука','Регенераторът е мека практически невидима монолиния, направена от много здрав,\nабразивоустойчив и устойчив на прорези кополимер. Супер меката формула на\nматериала предава гъвкавост, което позволява използването на всякакъв тип\nпримамки.\n\n  * Перфектно кримпване\n  * Устойчив на прорязвания и зъби на щука\n  * Невероятна здравина и еластичност\n  * Супер здрав вирбел и карабинка\n  * 3 броя в опаковка \n\n',7.10),(175,'Savage Gear Regenerator Trace  60cm 1.20mm 34kg Повод от кополимер за щука','Регенераторът е мека практически невидима монолиния, направена от много здрав,\nабразивоустойчив и устойчив на прорези кополимер. Супер меката формула на\nматериала предава гъвкавост, което позволява използването на всякакъв тип\nпримамки.\n\n  * Перфектно кримпване\n  * Устойчив на прорязвания и зъби на щука\n  * Невероятна здравина и еластичност\n  * Супер здрав вирбел и карабинка\n  * 3 броя в опаковка \n\n',10.10),(176,'Savage Gear Regenerator Trace  60cm 1.0mm 25kg  Повод от кополимер за щука','Регенераторът е мека практически невидима монолиния, направена от много здрав,\nабразивоустойчив и устойчив на прорези кополимер. Супер меката формула на\nматериала предава гъвкавост, което позволява използването на всякакъв тип\nпримамки.\n\n  * Перфектно кримпване\n  * Устойчив на прорязвания и зъби на щука\n  * Невероятна здравина и еластичност\n  * Супер здрав вирбел и карабинка\n  * 3 броя в опаковка \n\n  \n\nРегенераторът е мека практически невидима монолиния, направена от много здрав,\nабразивоустойчив и устойчив на прорези кополимер. Супер меката формула на\nматериала предава гъвкавост, което позволява използването на всякакъв тип\nпримамки.\n\n  * Перфектно кримпване\n  * Устойчив на прорязвания и зъби на щука\n  * Невероятна здравина и еластичност\n  * Супер здрав вирбел и карабинка\n  * 3 броя в опаковка \n\n',10.10),(177,'Savage Gear Carbon49 Trace 40cm 0.60mm 16kg Метален повод','  * Супер здрав,мек и гъвкав 49 нишков метален повод (7х7)\n  * Покритие от въглероден съполимер за превъзходна устойчивост\n  * Двойно кримпнат \n  * Много здрави вирбел и карабинка   \n\n  \n\n',10.10),(178,'Savage Gear Titanium Trace 30cm 0.6mm 25kg Титаниев повод','  * Изключително здрав еднонишков титаниев повод \n  * Двойно кримпнат \n  * Здрава метална халка и карабинка от въглеродна стомана \n  * Подходящ за използване с големи воблери, джъркове или по-големи силиконови примамки\n  * 2 броя в опаковка \n\n  \n\n',8.90),(179,'Savage Gear Titanium Trace 22cm 0.5mm 20kg Титаниев повод','  * Изключително здрав еднонишков титаниев повод \n  * Двойно кримпнат \n  * Здрава метална халка и карабинка от въглеродна стомана \n  * Подходящ за използване с големи воблери, джъркове или по-големи силиконови примамки\n  * 2 броя в опаковка \n\n',8.90),(180,'Savage Gear 1x7 Titanium Traces 30cm 0.60mm 23kg  Титаниев повод','  * Мек, супер гъвкав и изключително здрав 7 нишков титаниев повод \n  * Подходящ за използване с всякакъв вид примамки\n  * Много здрави вирбели и карабинка\n  * 2 броя в опаковка \n\n  \n\n',24.00),(181,'Savage Gear 1x7 Titanium Traces 20cm 0.30mm 7kg  Титаниев повод','  * Мек, супер гъвкав и изключително здрав 7 нишков титаниев повод \n  * Подходящ за използване с всякакъв вид примамки\n  * Много здрави вирбели и карабинка\n  * 2 броя в опаковка \n\n  \n\n',18.90),(182,'Savage Gear Black7 Trace 50cm 0.60mm 25kg Метален повод','  * Супер здрав повод от неръждаема стомана\n  * 7 нишки, покрити със здрав черен кополимер, за превъзходна абразивоустойчивост\n  * Много здрави вирбел с лагер и карабинка\n  * 3 броя в опаковка \n\n  \n\n',13.20),(183,'Savage Gear Black7 Trace 40cm 0.60mm 25kg Метален повод','  * Супер здрав повод от неръждаема стомана\n  * 7 нишки, покрити със здрав черен кополимер, за превъзходна абразивоустойчивост\n  * Много здрави вирбел и карабинка\n  * 3 броя в опаковка \n\n  \n\n',7.40),(184,'Savage Gear Black7 Trace 20cm 0.35mm 7kg  Метален повод','  * Супер здрав повод от неръждаема стомана\n  * 7 нишки, покрити със здрав черен кополимер, за превъзходна абразивоустойчивост\n  * Много здрави вирбел и карабинка\n  * 3 броя в опаковка \n\n',6.90),(185,'Unitika Silver Thread Mini Shock Leader FC Флуорокарбон','**Unitika Silver Thread Mini Shock Leader FC** е много здраво флуорокарбоново\nвлакно за поводи. Неговите свойства позволяват по-добро представяне и работа\nкакто в сладки, така и в солени води. Одобрено от IGFA.\n\n  * dia (mm) 0.285 - test lb 12 / 6 kg – 30m\n  * dia (mm) 0.330 - test lb 16 / 8 kg – 30m\n  * dia (mm) 0.370 - test lb 20 / 10 kg – 30m\n  * dia (mm) 0.430 – test lb 25 / 12.5 kg – 25m\n  * dia (mm) 0.470 - test lb 30 / 15 kg – 25m\n\n',17.00),(186,'Unitika Eging Super III X8 150 m Плетено влакно','8 нишково плетено влакно произведено в Япония. Цветно метрирано - на всеки 10м\nцвета се променя, а на всеки метър има черен маркер.\n\nПредлага се в опаковка от 150м в следните размери:\n\n  * PE 0.5 - 5 kg\n  * PE 0.6 - 5.5 kg\n  * PE 0.7 - 6 kg\n  * PE 0.8 - 6.5 kg\n\n',51.00),(187,'Unitika Eging Super PE III 150 m Плетено влакно','_**Unitika Eging Super PE III**_ \\- плетено 4 нишково риболовно влакно,\nпроизведено в Япония.\n\n  \n* PD - prevent discoloration технология, запазва цвета на влакното по-дълго;  \n* плуващо  \n* оцветено на всеки десет метра, три цвата, които се повтарят, с маркировка на всеки 5 метра в лилав цвят;  \n* относително тегло 0.98;\n\n  * PE 0.4 - 3.2 kg\n  * PE 0.5 - 4 kg\n  * PE 0.6 - 4.8 kg\n  * PE 0.7 - 5.5 kg\n  * PE 0.8 - 6 kg\n  * PE 1.0 - 7.5 kg\n\n  \n\n',36.00),(188,'Unitika Silver Thread Trout Clear 150m Монофилно влакно','**Trout Clear** |  **Diameter (mm)** | **Test LB** | **KG**  \n---|---|---|---  \n0.7 | 0.138 | 2.5 | 1.25  \n0.8 | 0.145 | 3 | 1.5  \n1.0 | 0.160 | 4 | 2  \n1.2 | 0.175 | 5 | 2.5  \n1.5 | 0.200 | 6 | 3  \n2.5 | 0.250 | 10 | 5  \n3.0 | 0.285 | 12 | 6  \n  \n\n',17.30),(189,'Unitika Silver Thread Trout Leader FC 30m Флуорокарбон','  * PE 0.5 – dia (mm) 0.117 - test lb 2 / 1 kg\n  * PE 0.6 – dia (mm) 0.135 - test lb 2.5 / 1.25 kg\n  * PE 0.8 – dia (mm) 0.150 - test lb 3 / 1.5 kg\n  * PE 1.0 – dia (mm) 0.170 - test lb 4 / 2 kg\n  * PE 1.2 – dia (mm) 0.190 - test lb 5 / 2.5 kg\n  * PE 1.5 – dia (mm) 0.210 - test lb 6 / 3 kg\n  * PE 2.0 – dia (mm) 0.235 - test lb 8 / 4 kg\n\n',17.00),(190,'Unitika Shoregame X8 - японско плетено влакно от най-висок клас','**Unitika Shoregame X8** е 8-нишково плетено влакно от следващо поколение.\nСъпротивлението на триене е намалено до минимум. Оцветено е в бял цвят за по-\nдобра видимост. Има PD processing защита на влакното против обезцветяване и\nизбледняване на цвета и на всеки 25 метра има маркер в лилаво.\n\n  * PE 0.6 - test 14 lb\n  * PE 0.8 - test 16 lb\n  * PE 1.0 - test 22 lb\n  * PE 1.2 - test 25 lb\n  * PE 1.5 - test 30 lb\n  * PE 2.0 - test 40 lb\n\n',44.00),(191,'Unitika Univenture X8 100m x 12 свързани ролки','Висококачествено 8-нишково влакно,специално обработено, за да запазва цвета си\nпо-дълго.\n\n5 цвята на всеки 10 метра (с маркировка от 1 м на всеки 5 метра)\n\nЦената е за 1 ролка х 100 м.\n\n  * PE 0.8 – 16 lb / 7.00 kg\n  * PE 1.0 – 20 lb / 9.00 kg\n  * PE 1.2 – 25 lb / 11.00 kg\n  * PE 1.5 – 30 lb / 14.00 kg\n  * PE 2.0 – 35 lb / 16.00 kg\n  * PE 2.5 – 45 lb / 20.00 kg\n  * PE 3.0 – 50 lb / 23.00 kg\n  * PE 4.0 – 60 lb / 27.00 kg\n  * PE 5.0 – 70 lb / 32.00 kg\n  * PE 6.0 – 80 lb / 36.00 kg\n  * PE 8.0 – 100 lb / 45.00 kg\n  * PE 10.0 – 120 lb / 54.00 kg\n  * PE 12.0 – 140 lb / 64.00 kg\n  * PE 15.0 – 170 lb / 77.00 kg\n  * PE 20.0 – 200 lb / 91.00 kg\n\n',29.90),(192,'Unitika Silver Thread Eye Catch || 150 m Плетено влакно','**Eye Catch ll** | **Test LB** |  **KG**  \n---|---|---  \nPE 0.2 | 2 | 1.00  \nPE 0.3 | 3 | 1.50  \nPE 0.4 | 4 | 2.00  \nPE 0.6 | 6 | 3.00\n\n',39.00);
/*!40000 ALTER TABLE `products` ENABLE KEYS */;
UNLOCK TABLES;

--
-- Table structure for table `products_has_tags`
--

DROP TABLE IF EXISTS `products_has_tags`;
/*!40101 SET @saved_cs_client     = @@character_set_client */;
/*!50503 SET character_set_client = utf8mb4 */;
CREATE TABLE `products_has_tags` (
  `products_id` int NOT NULL,
  `tags_id` int NOT NULL,
  PRIMARY KEY (`products_id`,`tags_id`),
  KEY `fk_products_has_tags_tags1_idx` (`tags_id`),
  KEY `fk_products_has_tags_products_idx` (`products_id`),
  CONSTRAINT `fk_products_has_tags_products` FOREIGN KEY (`products_id`) REFERENCES `products` (`id`),
  CONSTRAINT `fk_products_has_tags_tags1` FOREIGN KEY (`tags_id`) REFERENCES `tags` (`id`)
) ENGINE=InnoDB DEFAULT CHARSET=utf8mb4 COLLATE=utf8mb4_0900_ai_ci;
/*!40101 SET character_set_client = @saved_cs_client */;

--
-- Dumping data for table `products_has_tags`
--

LOCK TABLES `products_has_tags` WRITE;
/*!40000 ALTER TABLE `products_has_tags` DISABLE KEYS */;
INSERT INTO `products_has_tags` VALUES (1,1),(2,1),(3,1),(4,1),(5,1),(6,1),(7,1),(8,1),(9,1),(10,1),(11,1),(12,1),(13,1),(14,1),(15,1),(16,1),(17,1),(18,1),(19,1),(20,1),(21,1),(22,1),(23,1),(24,1),(25,1),(26,1),(27,1),(28,1),(29,1),(30,1),(31,1),(32,1),(33,1),(34,1),(35,1),(36,1),(37,1),(38,1),(39,1),(40,1),(41,1),(42,1),(43,1),(44,1),(45,1),(46,1),(47,1),(48,1),(49,2),(50,2),(51,2),(52,2),(53,2),(54,2),(55,2),(56,2),(57,2),(58,2),(59,2),(60,2),(61,2),(62,2),(63,2),(64,2),(65,2),(66,2),(67,2),(68,2),(69,2),(70,2),(71,2),(72,2),(73,2),(74,2),(75,2),(76,2),(77,2),(78,2),(79,2),(80,2),(81,2),(82,2),(83,2),(84,2),(85,2),(86,2),(87,2),(88,2),(89,2),(90,2),(91,2),(92,2),(93,2),(94,2),(95,2),(96,2),(97,3),(98,3),(99,3),(100,3),(101,3),(102,3),(103,3),(104,3),(105,3),(106,3),(107,3),(108,3),(109,3),(110,3),(111,3),(112,3),(113,3),(114,3),(115,3),(116,3),(117,3),(118,3),(119,3),(120,3),(121,3),(122,3),(123,3),(124,3),(125,3),(126,3),(127,3),(128,3),(129,3),(130,3),(131,3),(132,3),(133,3),(134,3),(135,3),(136,3),(137,3),(138,3),(139,3),(140,3),(141,3),(142,3),(143,3),(144,3),(145,4),(146,4),(147,4),(148,4),(149,4),(150,4),(151,4),(152,4),(153,4),(154,4),(155,4),(156,4),(157,4),(158,4),(159,4),(160,4),(161,4),(162,4),(163,4),(164,4),(165,4),(166,4),(167,4),(168,4),(169,4),(170,4),(171,4),(172,4),(173,4),(174,4),(175,4),(176,4),(177,4),(178,4),(179,4),(180,4),(181,4),(182,4),(183,4),(184,4),(185,4),(186,4),(187,4),(188,4),(189,4),(190,4),(191,4),(192,4);
/*!40000 ALTER TABLE `products_has_tags` ENABLE KEYS */;
UNLOCK TABLES;

--
-- Table structure for table `tags`
--

DROP TABLE IF EXISTS `tags`;
/*!40101 SET @saved_cs_client     = @@character_set_client */;
/*!50503 SET character_set_client = utf8mb4 */;
CREATE TABLE `tags` (
  `id` int NOT NULL AUTO_INCREMENT,
  `tag` varchar(45) NOT NULL,
  PRIMARY KEY (`id`),
  UNIQUE KEY `tag_UNIQUE` (`tag`)
) ENGINE=InnoDB AUTO_INCREMENT=5 DEFAULT CHARSET=utf8mb4 COLLATE=utf8mb4_0900_ai_ci;
/*!40101 SET character_set_client = @saved_cs_client */;

--
-- Dumping data for table `tags`
--

LOCK TABLES `tags` WRITE;
/*!40000 ALTER TABLE `tags` DISABLE KEYS */;
INSERT INTO `tags` VALUES (3,'Блесна'),(4,'Влакно'),(1,'Въдица'),(2,'Макара');
/*!40000 ALTER TABLE `tags` ENABLE KEYS */;
UNLOCK TABLES;

--
-- Table structure for table `users`
--

DROP TABLE IF EXISTS `users`;
/*!40101 SET @saved_cs_client     = @@character_set_client */;
/*!50503 SET character_set_client = utf8mb4 */;
CREATE TABLE `users` (
  `id` int NOT NULL AUTO_INCREMENT,
  `first_name` varchar(45) NOT NULL,
  `last_name` varchar(45) NOT NULL,
  `phone` varchar(45) NOT NULL,
  `email` varchar(45) NOT NULL,
  `password` char(64) NOT NULL,
  `picture` varchar(45) DEFAULT NULL,
  `role` enum('admin','user') NOT NULL DEFAULT 'user',
  PRIMARY KEY (`id`),
  UNIQUE KEY `email_UNIQUE` (`email`)
) ENGINE=InnoDB AUTO_INCREMENT=2 DEFAULT CHARSET=utf8mb4 COLLATE=utf8mb4_0900_ai_ci;
/*!40101 SET character_set_client = @saved_cs_client */;

--
-- Dumping data for table `users`
--

LOCK TABLES `users` WRITE;
/*!40000 ALTER TABLE `users` DISABLE KEYS */;
INSERT INTO `users` VALUES (1,'Admin','Admin','0876280048','admin@admin.admin','60fe74406e7f353ed979f350f2fbb6a2e8690a5fa7d1b0c32983d1d8b3f95f67','1.jpg','admin');
/*!40000 ALTER TABLE `users` ENABLE KEYS */;
UNLOCK TABLES;
/*!40103 SET TIME_ZONE=@OLD_TIME_ZONE */;

/*!40101 SET SQL_MODE=@OLD_SQL_MODE */;
/*!40014 SET FOREIGN_KEY_CHECKS=@OLD_FOREIGN_KEY_CHECKS */;
/*!40014 SET UNIQUE_CHECKS=@OLD_UNIQUE_CHECKS */;
/*!40101 SET CHARACTER_SET_CLIENT=@OLD_CHARACTER_SET_CLIENT */;
/*!40101 SET CHARACTER_SET_RESULTS=@OLD_CHARACTER_SET_RESULTS */;
/*!40101 SET COLLATION_CONNECTION=@OLD_COLLATION_CONNECTION */;
/*!40111 SET SQL_NOTES=@OLD_SQL_NOTES */;

-- Dump completed on 2023-05-27 23:35:15
