-- MySQL dump 10.13  Distrib 8.0.30, for Win64 (x86_64)
--
-- Host: localhost    Database: course_work
-- ------------------------------------------------------
-- Server version	8.0.30

/*!40101 SET @OLD_CHARACTER_SET_CLIENT=@@CHARACTER_SET_CLIENT */;
/*!40101 SET @OLD_CHARACTER_SET_RESULTS=@@CHARACTER_SET_RESULTS */;
/*!40101 SET @OLD_COLLATION_CONNECTION=@@COLLATION_CONNECTION */;
/*!50503 SET NAMES utf8 */;
/*!40103 SET @OLD_TIME_ZONE=@@TIME_ZONE */;
/*!40103 SET TIME_ZONE='+00:00' */;
/*!40014 SET @OLD_UNIQUE_CHECKS=@@UNIQUE_CHECKS, UNIQUE_CHECKS=0 */;
/*!40014 SET @OLD_FOREIGN_KEY_CHECKS=@@FOREIGN_KEY_CHECKS, FOREIGN_KEY_CHECKS=0 */;
/*!40101 SET @OLD_SQL_MODE=@@SQL_MODE, SQL_MODE='NO_AUTO_VALUE_ON_ZERO' */;
/*!40111 SET @OLD_SQL_NOTES=@@SQL_NOTES, SQL_NOTES=0 */;

--
-- Table structure for table `images`
--

DROP TABLE IF EXISTS `images`;
/*!40101 SET @saved_cs_client     = @@character_set_client */;
/*!50503 SET character_set_client = utf8mb4 */;
CREATE TABLE `images` (
  `id` int NOT NULL AUTO_INCREMENT,
  `products_id` int NOT NULL,
  `path` varchar(45) NOT NULL,
  PRIMARY KEY (`id`),
  KEY `fk_images_products1_idx` (`products_id`),
  CONSTRAINT `products_id` FOREIGN KEY (`products_id`) REFERENCES `products` (`id`)
) ENGINE=InnoDB AUTO_INCREMENT=1220 DEFAULT CHARSET=utf8mb4 COLLATE=utf8mb4_0900_ai_ci;
/*!40101 SET character_set_client = @saved_cs_client */;

--
-- Dumping data for table `images`
--

LOCK TABLES `images` WRITE;
/*!40000 ALTER TABLE `images` DISABLE KEYS */;
INSERT INTO `images` VALUES (1,1,'1_0.jpg'),(2,1,'1_1.jpg'),(3,2,'2_0.jpg'),(4,2,'2_1.jpg'),(5,3,'3_0.jpg'),(6,3,'3_1.jpg'),(7,3,'3_2.jpg'),(8,3,'3_3.jpg'),(9,4,'4_0.jpg'),(10,4,'4_1.jpg'),(11,4,'4_2.jpg'),(12,4,'4_3.jpg'),(13,4,'4_4.jpg'),(14,4,'4_5.jpg'),(15,4,'4_6.jpg'),(16,5,'5_0.jpg'),(17,5,'5_1.jpg'),(18,6,'6_0.jpg'),(19,7,'7_0.jpg'),(20,7,'7_1.jpg'),(21,7,'7_2.jpg'),(22,7,'7_3.jpg'),(23,7,'7_4.jpg'),(24,7,'7_5.jpg'),(25,7,'7_6.jpg'),(26,8,'8_0.jpg'),(27,9,'9_0.jpg'),(28,9,'9_1.jpg'),(29,9,'9_2.jpg'),(30,9,'9_3.jpg'),(31,9,'9_4.jpg'),(32,9,'9_5.jpg'),(33,9,'9_6.jpg'),(34,9,'9_7.jpg'),(35,9,'9_8.jpg'),(36,10,'10_0.jpg'),(37,10,'10_1.jpg'),(38,10,'10_2.jpg'),(39,11,'11_0.jpg'),(40,12,'12_0.jpg'),(41,12,'12_1.jpg'),(42,12,'12_2.jpg'),(43,13,'13_0.jpg'),(44,13,'13_1.jpg'),(45,13,'13_2.jpg'),(46,13,'13_3.jpg'),(47,14,'14_0.jpg'),(48,15,'15_0.jpg'),(49,15,'15_1.jpg'),(50,16,'16_0.jpg'),(51,16,'16_1.jpg'),(52,16,'16_2.jpg'),(53,16,'16_3.jpg'),(54,16,'16_4.jpg'),(55,16,'16_5.jpg'),(56,16,'16_6.jpg'),(57,17,'17_0.jpg'),(58,17,'17_1.jpg'),(59,17,'17_2.jpg'),(60,17,'17_3.jpg'),(61,17,'17_4.jpg'),(62,17,'17_5.jpg'),(63,17,'17_6.jpg'),(64,17,'17_7.jpg'),(65,18,'18_0.jpg'),(66,18,'18_1.jpg'),(67,18,'18_2.jpg'),(68,18,'18_3.jpg'),(69,18,'18_4.jpg'),(70,18,'18_5.jpg'),(71,19,'19_0.jpg'),(72,19,'19_1.jpg'),(73,19,'19_2.jpg'),(74,20,'20_0.jpg'),(75,20,'20_1.jpg'),(76,20,'20_2.jpg'),(77,20,'20_3.jpg'),(78,20,'20_4.jpg'),(79,20,'20_5.jpg'),(80,20,'20_6.jpg'),(81,21,'21_0.jpg'),(82,22,'22_0.jpg'),(83,22,'22_1.jpg'),(84,22,'22_2.jpg'),(85,22,'22_3.jpg'),(86,22,'22_4.jpg'),(87,22,'22_5.jpg'),(88,22,'22_6.jpg'),(89,23,'23_0.jpg'),(90,23,'23_1.jpg'),(91,23,'23_2.jpg'),(92,23,'23_3.jpg'),(93,24,'24_0.jpg'),(94,24,'24_1.jpg'),(95,24,'24_2.jpg'),(96,24,'24_3.jpg'),(97,24,'24_4.jpg'),(98,25,'25_0.jpg'),(99,25,'25_1.jpg'),(100,25,'25_2.jpg'),(101,25,'25_3.jpg'),(102,25,'25_4.jpg'),(103,25,'25_5.jpg'),(104,25,'25_6.jpg'),(105,26,'26_0.jpg'),(106,26,'26_1.jpg'),(107,27,'27_0.jpg'),(108,27,'27_1.jpg'),(109,27,'27_2.jpg'),(110,27,'27_3.jpg'),(111,27,'27_4.jpg'),(112,27,'27_5.jpg'),(113,28,'28_0.jpg'),(114,28,'28_1.jpg'),(115,28,'28_2.jpg'),(116,29,'29_0.jpg'),(117,29,'29_1.jpg'),(118,29,'29_2.jpg'),(119,29,'29_3.jpg'),(120,30,'30_0.jpg'),(121,30,'30_1.jpg'),(122,30,'30_2.jpg'),(123,30,'30_3.jpg'),(124,30,'30_4.jpg'),(125,31,'31_0.jpg'),(126,31,'31_1.jpg'),(127,31,'31_2.jpg'),(128,31,'31_3.jpg'),(129,31,'31_4.jpg'),(130,31,'31_5.jpg'),(131,31,'31_6.jpg'),(132,32,'32_0.jpg'),(133,32,'32_1.jpg'),(134,32,'32_2.jpg'),(135,32,'32_3.jpg'),(136,32,'32_4.jpg'),(137,32,'32_5.jpg'),(138,32,'32_6.jpg'),(139,32,'32_7.jpg'),(140,33,'33_0.jpg'),(141,33,'33_1.jpg'),(142,33,'33_2.jpg'),(143,33,'33_3.jpg'),(144,33,'33_4.jpg'),(145,33,'33_5.jpg'),(146,34,'34_0.jpg'),(147,34,'34_1.jpg'),(148,34,'34_2.jpg'),(149,34,'34_3.jpg'),(150,34,'34_4.jpg'),(151,34,'34_5.jpg'),(152,35,'35_0.jpg'),(153,35,'35_1.jpg'),(154,35,'35_2.jpg'),(155,35,'35_3.jpg'),(156,35,'35_4.jpg'),(157,35,'35_5.jpg'),(158,36,'36_0.jpg'),(159,36,'36_1.jpg'),(160,36,'36_2.jpg'),(161,38,'38_0.jpg'),(162,38,'38_1.jpg'),(163,38,'38_2.jpg'),(164,38,'38_3.jpg'),(165,38,'38_4.jpg'),(166,38,'38_5.jpg'),(167,39,'39_0.jpg'),(168,40,'40_0.jpg'),(169,40,'40_1.jpg'),(170,41,'41_0.jpg'),(171,41,'41_1.jpg'),(172,41,'41_2.jpg'),(173,41,'41_3.jpg'),(174,41,'41_4.jpg'),(175,41,'41_5.jpg'),(176,41,'41_6.jpg'),(177,42,'42_0.jpg'),(178,42,'42_1.jpg'),(179,42,'42_2.jpg'),(180,42,'42_3.jpg'),(181,42,'42_4.jpg'),(182,42,'42_5.jpg'),(183,42,'42_6.jpg'),(184,43,'43_0.jpg'),(185,43,'43_1.jpg'),(186,43,'43_2.jpg'),(187,43,'43_3.jpg'),(188,43,'43_4.jpg'),(189,43,'43_5.jpg'),(190,43,'43_6.jpg'),(191,44,'44_0.jpg'),(192,44,'44_1.jpg'),(193,44,'44_2.jpg'),(194,44,'44_3.jpg'),(195,44,'44_4.jpg'),(196,44,'44_5.jpg'),(197,45,'45_0.jpg'),(198,46,'46_0.jpg'),(199,46,'46_1.jpg'),(200,47,'47_0.jpg'),(201,47,'47_1.jpg'),(202,47,'47_2.jpg'),(203,48,'48_0.jpg'),(204,49,'49_0.jpg'),(205,49,'49_1.jpg'),(206,49,'49_2.jpg'),(207,50,'50_0.jpg'),(208,51,'51_0.jpg'),(209,52,'52_0.jpg'),(210,52,'52_1.jpg'),(211,52,'52_2.jpg'),(212,53,'53_0.jpg'),(213,53,'53_1.jpg'),(214,53,'53_2.jpg'),(215,53,'53_3.jpg'),(216,54,'54_0.jpg'),(217,55,'55_0.jpg'),(218,56,'56_0.jpg'),(219,57,'57_0.jpg'),(220,58,'58_0.jpg'),(221,59,'59_0.jpg'),(222,59,'59_1.jpg'),(223,59,'59_2.jpg'),(224,59,'59_3.jpg'),(225,60,'60_0.jpg'),(226,60,'60_1.jpg'),(227,60,'60_2.jpg'),(228,61,'61_0.jpg'),(229,61,'61_1.jpg'),(230,61,'61_2.jpg'),(231,61,'61_3.jpg'),(232,62,'62_0.jpg'),(233,62,'62_1.jpg'),(234,62,'62_2.jpg'),(235,62,'62_3.jpg'),(236,62,'62_4.jpg'),(237,62,'62_5.jpg'),(238,62,'62_6.jpg'),(239,63,'63_0.jpg'),(240,63,'63_1.jpg'),(241,64,'64_0.jpg'),(242,64,'64_1.jpg'),(243,64,'64_2.jpg'),(244,64,'64_3.jpg'),(245,64,'64_4.jpg'),(246,64,'64_5.jpg'),(247,64,'64_6.jpg'),(248,65,'65_0.jpg'),(249,65,'65_1.jpg'),(250,65,'65_2.jpg'),(251,65,'65_3.jpg'),(252,65,'65_4.jpg'),(253,65,'65_5.jpg'),(254,65,'65_6.jpg'),(255,66,'66_0.jpg'),(256,66,'66_1.jpg'),(257,66,'66_2.jpg'),(258,66,'66_3.jpg'),(259,66,'66_4.jpg'),(260,66,'66_5.jpg'),(261,66,'66_6.jpg'),(262,67,'67_0.jpg'),(263,67,'67_1.jpg'),(264,67,'67_2.jpg'),(265,67,'67_3.jpg'),(266,68,'68_0.jpg'),(267,68,'68_1.jpg'),(268,68,'68_2.jpg'),(269,69,'69_0.jpg'),(270,69,'69_1.jpg'),(271,69,'69_2.jpg'),(272,69,'69_3.jpg'),(273,70,'70_0.jpg'),(274,70,'70_1.jpg'),(275,70,'70_2.jpg'),(276,70,'70_3.jpg'),(277,70,'70_4.jpg'),(278,71,'71_0.jpg'),(279,71,'71_1.jpg'),(280,71,'71_2.jpg'),(281,71,'71_3.jpg'),(282,71,'71_4.jpg'),(283,71,'71_5.jpg'),(284,71,'71_6.jpg'),(285,72,'72_0.jpg'),(286,72,'72_1.jpg'),(287,73,'73_0.jpg'),(288,73,'73_1.jpg'),(289,74,'74_0.jpg'),(290,74,'74_1.jpg'),(291,75,'75_0.jpg'),(292,75,'75_1.jpg'),(293,75,'75_2.jpg'),(294,75,'75_3.jpg'),(295,75,'75_4.jpg'),(296,76,'76_0.jpg'),(297,76,'76_1.jpg'),(298,77,'77_0.jpg'),(299,77,'77_1.jpg'),(300,77,'77_2.jpg'),(301,77,'77_3.jpg'),(302,77,'77_4.jpg'),(303,77,'77_5.jpg'),(304,78,'78_0.jpg'),(305,78,'78_1.jpg'),(306,78,'78_2.jpg'),(307,79,'79_0.jpg'),(308,79,'79_1.jpg'),(309,79,'79_2.jpg'),(310,79,'79_3.jpg'),(311,80,'80_0.jpg'),(312,80,'80_1.jpg'),(313,80,'80_2.jpg'),(314,81,'81_0.jpg'),(315,82,'82_0.jpg'),(316,83,'83_0.jpg'),(317,83,'83_1.jpg'),(318,83,'83_2.jpg'),(319,83,'83_3.jpg'),(320,84,'84_0.jpg'),(321,84,'84_1.jpg'),(322,84,'84_2.jpg'),(323,84,'84_3.jpg'),(324,85,'85_0.jpg'),(325,85,'85_1.jpg'),(326,85,'85_2.jpg'),(327,86,'86_0.jpg'),(328,86,'86_1.jpg'),(329,86,'86_2.jpg'),(330,87,'87_0.jpg'),(331,87,'87_1.jpg'),(332,87,'87_2.jpg'),(333,87,'87_3.jpg'),(334,88,'88_0.jpg'),(335,88,'88_1.jpg'),(336,88,'88_2.jpg'),(337,88,'88_3.jpg'),(338,89,'89_0.jpg'),(339,89,'89_1.jpg'),(340,89,'89_2.jpg'),(341,89,'89_3.jpg'),(342,90,'90_0.jpg'),(343,90,'90_1.jpg'),(344,90,'90_2.jpg'),(345,90,'90_3.jpg'),(346,91,'91_0.jpg'),(347,91,'91_1.jpg'),(348,91,'91_2.jpg'),(349,91,'91_3.jpg'),(350,92,'92_0.jpg'),(351,93,'93_0.jpg'),(352,93,'93_1.jpg'),(353,93,'93_2.jpg'),(354,93,'93_3.jpg'),(355,94,'94_0.jpg'),(356,94,'94_1.jpg'),(357,94,'94_2.jpg'),(358,94,'94_3.jpg'),(359,95,'95_0.jpg'),(360,95,'95_1.jpg'),(361,96,'96_0.jpg'),(362,96,'96_1.jpg'),(363,96,'96_2.jpg'),(364,96,'96_3.jpg'),(365,96,'96_4.jpg'),(366,96,'96_5.jpg'),(367,97,'97_0.jpg'),(368,97,'97_1.jpg'),(369,97,'97_2.jpg'),(370,97,'97_3.jpg'),(371,97,'97_4.jpg'),(372,97,'97_5.jpg'),(373,97,'97_6.jpg'),(374,97,'97_7.jpg'),(375,97,'97_8.jpg'),(376,98,'98_0.jpg'),(377,98,'98_1.jpg'),(378,98,'98_2.jpg'),(379,98,'98_3.jpg'),(380,98,'98_4.jpg'),(381,98,'98_5.jpg'),(382,98,'98_6.jpg'),(383,98,'98_7.jpg'),(384,99,'99_0.jpg'),(385,99,'99_1.jpg'),(386,99,'99_2.jpg'),(387,99,'99_3.jpg'),(388,99,'99_4.jpg'),(389,99,'99_5.jpg'),(390,99,'99_6.jpg'),(391,99,'99_7.jpg'),(392,99,'99_8.jpg'),(393,100,'100_0.jpg'),(394,100,'100_1.jpg'),(395,100,'100_2.jpg'),(396,100,'100_3.jpg'),(397,100,'100_4.jpg'),(398,100,'100_5.jpg'),(399,100,'100_6.jpg'),(400,100,'100_7.jpg'),(401,101,'101_0.jpg'),(402,101,'101_1.jpg'),(403,101,'101_2.jpg'),(404,101,'101_3.jpg'),(405,102,'102_0.jpg'),(406,102,'102_1.jpg'),(407,102,'102_2.jpg'),(408,102,'102_3.jpg'),(409,102,'102_4.jpg'),(410,103,'103_0.jpg'),(411,103,'103_1.jpg'),(412,103,'103_2.jpg'),(413,103,'103_3.jpg'),(414,103,'103_4.jpg'),(415,103,'103_5.jpg'),(416,103,'103_6.jpg'),(417,103,'103_7.jpg'),(418,104,'104_0.jpg'),(419,104,'104_1.jpg'),(420,104,'104_2.jpg'),(421,104,'104_3.jpg'),(422,105,'105_0.jpg'),(423,105,'105_1.jpg'),(424,105,'105_2.jpg'),(425,105,'105_3.jpg'),(426,105,'105_4.jpg'),(427,105,'105_5.jpg'),(428,105,'105_6.jpg'),(429,105,'105_7.jpg'),(430,105,'105_8.jpg'),(431,105,'105_9.jpg'),(432,105,'105_10.jpg'),(433,106,'106_0.jpg'),(434,106,'106_1.jpg'),(435,106,'106_2.jpg'),(436,106,'106_3.jpg'),(437,106,'106_4.jpg'),(438,106,'106_5.jpg'),(439,106,'106_6.jpg'),(440,106,'106_7.jpg'),(441,106,'106_8.jpg'),(442,106,'106_9.jpg'),(443,106,'106_10.jpg'),(444,106,'106_11.jpg'),(445,106,'106_12.jpg'),(446,106,'106_13.jpg'),(447,107,'107_0.jpg'),(448,107,'107_1.jpg'),(449,107,'107_2.jpg'),(450,107,'107_3.jpg'),(451,107,'107_4.jpg'),(452,107,'107_5.jpg'),(453,107,'107_6.jpg'),(454,107,'107_7.jpg'),(455,107,'107_8.jpg'),(456,107,'107_9.jpg'),(457,107,'107_10.jpg'),(458,107,'107_11.jpg'),(459,107,'107_12.jpg'),(460,107,'107_13.jpg'),(461,108,'108_0.jpg'),(462,108,'108_1.jpg'),(463,108,'108_2.jpg'),(464,108,'108_3.jpg'),(465,108,'108_4.jpg'),(466,108,'108_5.jpg'),(467,108,'108_6.jpg'),(468,108,'108_7.jpg'),(469,108,'108_8.jpg'),(470,108,'108_9.jpg'),(471,108,'108_10.jpg'),(472,108,'108_11.jpg'),(473,108,'108_12.jpg'),(474,108,'108_13.jpg'),(475,108,'108_14.jpg'),(476,108,'108_15.jpg'),(477,108,'108_16.jpg'),(478,108,'108_17.jpg'),(479,108,'108_18.jpg'),(480,108,'108_19.jpg'),(481,109,'109_0.jpg'),(482,109,'109_1.jpg'),(483,109,'109_2.jpg'),(484,109,'109_3.jpg'),(485,109,'109_4.jpg'),(486,109,'109_5.jpg'),(487,109,'109_6.jpg'),(488,109,'109_7.jpg'),(489,109,'109_8.jpg'),(490,109,'109_9.jpg'),(491,109,'109_10.jpg'),(492,109,'109_11.jpg'),(493,109,'109_12.jpg'),(494,109,'109_13.jpg'),(495,109,'109_14.jpg'),(496,109,'109_15.jpg'),(497,109,'109_16.jpg'),(498,109,'109_17.jpg'),(499,109,'109_18.jpg'),(500,109,'109_19.jpg'),(501,110,'110_0.jpg'),(502,110,'110_1.jpg'),(503,110,'110_2.jpg'),(504,110,'110_3.jpg'),(505,110,'110_4.jpg'),(506,110,'110_5.jpg'),(507,110,'110_6.jpg'),(508,110,'110_7.jpg'),(509,110,'110_8.jpg'),(510,110,'110_9.jpg'),(511,110,'110_10.jpg'),(512,110,'110_11.jpg'),(513,110,'110_12.jpg'),(514,111,'111_0.jpg'),(515,111,'111_1.jpg'),(516,111,'111_2.jpg'),(517,111,'111_3.jpg'),(518,111,'111_4.jpg'),(519,111,'111_5.jpg'),(520,111,'111_6.jpg'),(521,111,'111_7.jpg'),(522,111,'111_8.jpg'),(523,111,'111_9.jpg'),(524,111,'111_10.jpg'),(525,111,'111_11.jpg'),(526,111,'111_12.jpg'),(527,111,'111_13.jpg'),(528,111,'111_14.jpg'),(529,111,'111_15.jpg'),(530,111,'111_16.jpg'),(531,111,'111_17.jpg'),(532,112,'112_0.jpg'),(533,112,'112_1.jpg'),(534,112,'112_2.jpg'),(535,112,'112_3.jpg'),(536,112,'112_4.jpg'),(537,112,'112_5.jpg'),(538,112,'112_6.jpg'),(539,112,'112_7.jpg'),(540,112,'112_8.jpg'),(541,112,'112_9.jpg'),(542,113,'113_0.jpg'),(543,113,'113_1.jpg'),(544,113,'113_2.jpg'),(545,113,'113_3.jpg'),(546,113,'113_4.jpg'),(547,113,'113_5.jpg'),(548,113,'113_6.jpg'),(549,113,'113_7.jpg'),(550,113,'113_8.jpg'),(551,113,'113_9.jpg'),(552,114,'114_0.jpg'),(553,114,'114_1.jpg'),(554,114,'114_2.jpg'),(555,114,'114_3.jpg'),(556,114,'114_4.jpg'),(557,114,'114_5.jpg'),(558,114,'114_6.jpg'),(559,114,'114_7.jpg'),(560,114,'114_8.jpg'),(561,114,'114_9.jpg'),(562,114,'114_10.jpg'),(563,114,'114_11.jpg'),(564,114,'114_12.jpg'),(565,115,'115_0.jpg'),(566,115,'115_1.jpg'),(567,115,'115_2.jpg'),(568,115,'115_3.jpg'),(569,115,'115_4.jpg'),(570,115,'115_5.jpg'),(571,115,'115_6.jpg'),(572,115,'115_7.jpg'),(573,115,'115_8.jpg'),(574,115,'115_9.jpg'),(575,115,'115_10.jpg'),(576,115,'115_11.jpg'),(577,115,'115_12.jpg'),(578,115,'115_13.jpg'),(579,115,'115_14.jpg'),(580,115,'115_15.jpg'),(581,116,'116_0.jpg'),(582,116,'116_1.jpg'),(583,116,'116_2.jpg'),(584,116,'116_3.jpg'),(585,116,'116_4.jpg'),(586,116,'116_5.jpg'),(587,116,'116_6.jpg'),(588,116,'116_7.jpg'),(589,116,'116_8.jpg'),(590,116,'116_9.jpg'),(591,116,'116_10.jpg'),(592,116,'116_11.jpg'),(593,116,'116_12.jpg'),(594,116,'116_13.jpg'),(595,116,'116_14.jpg'),(596,116,'116_15.jpg'),(597,116,'116_16.jpg'),(598,116,'116_17.jpg'),(599,116,'116_18.jpg'),(600,116,'116_19.jpg'),(601,117,'117_0.jpg'),(602,117,'117_1.jpg'),(603,117,'117_2.jpg'),(604,117,'117_3.jpg'),(605,117,'117_4.jpg'),(606,117,'117_5.jpg'),(607,117,'117_6.jpg'),(608,117,'117_7.jpg'),(609,117,'117_8.jpg'),(610,117,'117_9.jpg'),(611,117,'117_10.jpg'),(612,117,'117_11.jpg'),(613,117,'117_12.jpg'),(614,117,'117_13.jpg'),(615,117,'117_14.jpg'),(616,118,'118_0.jpg'),(617,118,'118_1.jpg'),(618,118,'118_2.jpg'),(619,118,'118_3.jpg'),(620,118,'118_4.jpg'),(621,118,'118_5.jpg'),(622,119,'119_0.jpg'),(623,119,'119_1.jpg'),(624,119,'119_2.jpg'),(625,119,'119_3.jpg'),(626,119,'119_4.jpg'),(627,119,'119_5.jpg'),(628,119,'119_6.jpg'),(629,119,'119_7.jpg'),(630,119,'119_8.jpg'),(631,119,'119_9.jpg'),(632,119,'119_10.jpg'),(633,119,'119_11.jpg'),(634,119,'119_12.jpg'),(635,119,'119_13.jpg'),(636,119,'119_14.jpg'),(637,119,'119_15.jpg'),(638,119,'119_16.jpg'),(639,120,'120_0.jpg'),(640,120,'120_1.jpg'),(641,120,'120_2.jpg'),(642,120,'120_3.jpg'),(643,120,'120_4.jpg'),(644,120,'120_5.jpg'),(645,120,'120_6.jpg'),(646,120,'120_7.jpg'),(647,120,'120_8.jpg'),(648,120,'120_9.jpg'),(649,120,'120_10.jpg'),(650,120,'120_11.jpg'),(651,120,'120_12.jpg'),(652,121,'121_0.jpg'),(653,121,'121_1.jpg'),(654,121,'121_2.jpg'),(655,121,'121_3.jpg'),(656,121,'121_4.jpg'),(657,121,'121_5.jpg'),(658,121,'121_6.jpg'),(659,121,'121_7.jpg'),(660,121,'121_8.jpg'),(661,121,'121_9.jpg'),(662,121,'121_10.jpg'),(663,121,'121_11.jpg'),(664,122,'122_0.jpg'),(665,122,'122_1.jpg'),(666,122,'122_2.jpg'),(667,122,'122_3.jpg'),(668,122,'122_4.jpg'),(669,122,'122_5.jpg'),(670,122,'122_6.jpg'),(671,122,'122_7.jpg'),(672,122,'122_8.jpg'),(673,122,'122_9.jpg'),(674,122,'122_10.jpg'),(675,122,'122_11.jpg'),(676,122,'122_12.jpg'),(677,123,'123_0.jpg'),(678,123,'123_1.jpg'),(679,123,'123_2.jpg'),(680,123,'123_3.jpg'),(681,123,'123_4.jpg'),(682,123,'123_5.jpg'),(683,123,'123_6.jpg'),(684,124,'124_0.jpg'),(685,124,'124_1.jpg'),(686,124,'124_2.jpg'),(687,124,'124_3.jpg'),(688,124,'124_4.jpg'),(689,124,'124_5.jpg'),(690,124,'124_6.jpg'),(691,125,'125_0.jpg'),(692,125,'125_1.jpg'),(693,125,'125_2.jpg'),(694,125,'125_3.jpg'),(695,125,'125_4.jpg'),(696,125,'125_5.jpg'),(697,125,'125_6.jpg'),(698,125,'125_7.jpg'),(699,125,'125_8.jpg'),(700,126,'126_0.jpg'),(701,126,'126_1.jpg'),(702,126,'126_2.jpg'),(703,126,'126_3.jpg'),(704,126,'126_4.jpg'),(705,126,'126_5.jpg'),(706,126,'126_6.jpg'),(707,126,'126_7.jpg'),(708,126,'126_8.jpg'),(709,127,'127_0.jpg'),(710,127,'127_1.jpg'),(711,127,'127_2.jpg'),(712,127,'127_3.jpg'),(713,127,'127_4.jpg'),(714,127,'127_5.jpg'),(715,127,'127_6.jpg'),(716,127,'127_7.jpg'),(717,127,'127_8.jpg'),(718,127,'127_9.jpg'),(719,127,'127_10.jpg'),(720,128,'128_0.jpg'),(721,128,'128_1.jpg'),(722,128,'128_2.jpg'),(723,128,'128_3.jpg'),(724,128,'128_4.jpg'),(725,128,'128_5.jpg'),(726,128,'128_6.jpg'),(727,128,'128_7.jpg'),(728,128,'128_8.jpg'),(729,128,'128_9.jpg'),(730,128,'128_10.jpg'),(731,129,'129_0.jpg'),(732,129,'129_1.jpg'),(733,129,'129_2.jpg'),(734,129,'129_3.jpg'),(735,130,'130_0.jpg'),(736,130,'130_1.jpg'),(737,130,'130_2.jpg'),(738,131,'131_0.jpg'),(739,131,'131_1.jpg'),(740,131,'131_2.jpg'),(741,131,'131_3.jpg'),(742,132,'132_0.jpg'),(743,132,'132_1.jpg'),(744,132,'132_2.jpg'),(745,132,'132_3.jpg'),(746,132,'132_4.jpg'),(747,132,'132_5.jpg'),(748,132,'132_6.jpg'),(749,132,'132_7.jpg'),(750,132,'132_8.jpg'),(751,132,'132_9.jpg'),(752,133,'133_0.jpg'),(753,133,'133_1.jpg'),(754,133,'133_2.jpg'),(755,133,'133_3.jpg'),(756,133,'133_4.jpg'),(757,133,'133_5.jpg'),(758,133,'133_6.jpg'),(759,133,'133_7.jpg'),(760,133,'133_8.jpg'),(761,134,'134_0.jpg'),(762,134,'134_1.jpg'),(763,135,'135_0.jpg'),(764,135,'135_1.jpg'),(765,135,'135_2.jpg'),(766,135,'135_3.jpg'),(767,135,'135_4.jpg'),(768,135,'135_5.jpg'),(769,136,'136_0.jpg'),(770,136,'136_1.jpg'),(771,136,'136_2.jpg'),(772,136,'136_3.jpg'),(773,136,'136_4.jpg'),(774,136,'136_5.jpg'),(775,137,'137_0.jpg'),(776,137,'137_1.jpg'),(777,137,'137_2.jpg'),(778,137,'137_3.jpg'),(779,137,'137_4.jpg'),(780,137,'137_5.jpg'),(781,137,'137_6.jpg'),(782,137,'137_7.jpg'),(783,137,'137_8.jpg'),(784,138,'138_0.jpg'),(785,138,'138_1.jpg'),(786,138,'138_2.jpg'),(787,138,'138_3.jpg'),(788,138,'138_4.jpg'),(789,139,'139_0.jpg'),(790,139,'139_1.jpg'),(791,139,'139_2.jpg'),(792,140,'140_0.jpg'),(793,140,'140_1.jpg'),(794,141,'141_0.jpg'),(795,141,'141_1.jpg'),(796,141,'141_2.jpg'),(797,141,'141_3.jpg'),(798,141,'141_4.jpg'),(799,141,'141_5.jpg'),(800,141,'141_6.jpg'),(801,141,'141_7.jpg'),(802,141,'141_8.jpg'),(803,141,'141_9.jpg'),(804,141,'141_10.jpg'),(805,141,'141_11.jpg'),(806,141,'141_12.jpg'),(807,141,'141_13.jpg'),(808,141,'141_14.jpg'),(809,141,'141_15.jpg'),(810,141,'141_16.jpg'),(811,141,'141_17.jpg'),(812,141,'141_18.jpg'),(813,141,'141_19.jpg'),(814,141,'141_20.jpg'),(815,142,'142_0.jpg'),(816,142,'142_1.jpg'),(817,143,'143_0.jpg'),(818,143,'143_1.jpg'),(819,143,'143_2.jpg'),(820,143,'143_3.jpg'),(821,143,'143_4.jpg'),(822,143,'143_5.jpg'),(823,143,'143_6.jpg'),(824,143,'143_7.jpg'),(825,143,'143_8.jpg'),(826,143,'143_9.jpg'),(827,143,'143_10.jpg'),(828,143,'143_11.jpg'),(829,143,'143_12.jpg'),(830,143,'143_13.jpg'),(831,143,'143_14.jpg'),(832,144,'144_0.jpg'),(833,144,'144_1.jpg'),(834,144,'144_2.jpg'),(835,144,'144_3.jpg'),(836,144,'144_4.jpg'),(837,144,'144_5.jpg'),(838,144,'144_6.jpg'),(839,145,'145_0.jpg'),(840,146,'146_0.jpg'),(841,147,'147_0.jpg'),(842,147,'147_1.jpg'),(843,148,'148_0.jpg'),(844,149,'149_0.jpg'),(845,150,'150_0.jpg'),(846,150,'150_1.jpg'),(847,150,'150_2.jpg'),(848,151,'151_0.jpg'),(849,151,'151_1.jpg'),(850,152,'152_0.jpg'),(851,153,'153_0.jpg'),(852,154,'154_0.jpg'),(853,155,'155_0.jpg'),(854,156,'156_0.jpg'),(855,157,'157_0.jpg'),(856,157,'157_1.jpg'),(857,158,'158_0.jpg'),(858,158,'158_1.jpg'),(859,158,'158_2.jpg'),(860,159,'159_0.jpg'),(861,160,'160_0.jpg'),(862,161,'161_0.jpg'),(863,161,'161_1.jpg'),(864,161,'161_2.jpg'),(865,161,'161_3.jpg'),(866,162,'162_0.jpg'),(867,162,'162_1.jpg'),(868,162,'162_2.jpg'),(869,163,'163_0.jpg'),(870,163,'163_1.jpg'),(871,164,'164_0.jpg'),(872,164,'164_1.jpg'),(873,164,'164_2.jpg'),(874,164,'164_3.jpg'),(875,165,'165_0.jpg'),(876,165,'165_1.jpg'),(877,165,'165_2.jpg'),(878,166,'166_0.jpg'),(879,167,'167_0.jpg'),(880,168,'168_0.jpg'),(881,168,'168_1.jpg'),(882,169,'169_0.jpg'),(883,170,'170_0.jpg'),(884,170,'170_1.jpg'),(885,171,'171_0.jpg'),(886,171,'171_1.jpg'),(887,171,'171_2.jpg'),(888,171,'171_3.jpg'),(889,172,'172_0.jpg'),(890,173,'173_0.jpg'),(891,173,'173_1.jpg'),(892,174,'174_0.jpg'),(893,174,'174_1.jpg'),(894,175,'175_0.jpg'),(895,175,'175_1.jpg'),(896,176,'176_0.jpg'),(897,176,'176_1.jpg'),(898,177,'177_0.jpg'),(899,178,'178_0.jpg'),(900,178,'178_1.jpg'),(901,179,'179_0.jpg'),(902,179,'179_1.jpg'),(903,180,'180_0.jpg'),(904,180,'180_1.jpg'),(905,181,'181_0.jpg'),(906,181,'181_1.jpg'),(907,182,'182_0.jpg'),(908,183,'183_0.jpg'),(909,184,'184_0.jpg'),(910,185,'185_0.jpg'),(911,185,'185_1.jpg'),(912,185,'185_2.jpg'),(913,186,'186_0.jpg'),(914,186,'186_1.jpg'),(915,186,'186_2.jpg'),(916,186,'186_3.jpg'),(917,187,'187_0.jpg'),(918,187,'187_1.jpg'),(919,187,'187_2.jpg'),(920,187,'187_3.jpg'),(921,188,'188_0.jpg'),(922,188,'188_1.jpg'),(923,188,'188_2.jpg'),(924,188,'188_3.jpg'),(925,189,'189_0.jpg'),(926,189,'189_1.jpg'),(927,189,'189_2.jpg'),(928,189,'189_3.jpg'),(929,190,'190_0.jpg'),(930,190,'190_1.jpg'),(931,190,'190_2.jpg'),(932,190,'190_3.jpg'),(933,190,'190_4.jpg'),(934,191,'191_0.jpg'),(935,191,'191_1.jpg'),(936,191,'191_2.jpg'),(937,192,'192_0.jpg'),(938,192,'192_1.jpg'),(939,192,'192_2.jpg'),(940,192,'192_3.jpg'),(941,193,'193_0.jpg'),(942,194,'194_0.jpg'),(943,194,'194_1.jpg'),(944,195,'195_0.jpg'),(945,195,'195_1.jpg'),(946,195,'195_2.jpg'),(947,195,'195_3.jpg'),(948,195,'195_4.jpg'),(949,196,'196_0.jpg'),(950,196,'196_1.jpg'),(951,197,'197_0.jpg'),(952,198,'198_0.jpg'),(953,198,'198_1.jpg'),(954,199,'199_0.jpg'),(955,199,'199_1.jpg'),(956,200,'200_0.jpg'),(957,201,'201_0.jpg'),(958,201,'201_1.jpg'),(959,201,'201_2.jpg'),(960,201,'201_3.jpg'),(961,202,'202_0.jpg'),(962,202,'202_1.jpg'),(963,203,'203_0.jpg'),(964,204,'204_0.jpg'),(965,204,'204_1.jpg'),(966,204,'204_2.jpg'),(967,205,'205_0.jpg'),(968,205,'205_1.jpg'),(969,205,'205_2.jpg'),(970,206,'206_0.jpg'),(971,206,'206_1.jpg'),(972,207,'207_0.jpg'),(973,208,'208_0.jpg'),(974,208,'208_1.jpg'),(975,209,'209_0.jpg'),(976,209,'209_1.jpg'),(977,210,'210_0.jpg'),(978,210,'210_1.jpg'),(979,211,'211_0.jpg'),(980,211,'211_1.jpg'),(981,211,'211_2.jpg'),(982,212,'212_0.jpg'),(983,212,'212_1.jpg'),(984,213,'213_0.jpg'),(985,213,'213_1.jpg'),(986,213,'213_2.jpg'),(987,214,'214_0.jpg'),(988,214,'214_1.jpg'),(989,215,'215_0.jpg'),(990,215,'215_1.jpg'),(991,216,'216_0.jpg'),(992,216,'216_1.jpg'),(993,217,'217_0.jpg'),(994,217,'217_1.jpg'),(995,218,'218_0.jpg'),(996,218,'218_1.jpg'),(997,218,'218_2.jpg'),(998,219,'219_0.jpg'),(999,219,'219_1.jpg'),(1000,220,'220_0.jpg'),(1001,220,'220_1.jpg'),(1002,220,'220_2.jpg'),(1003,221,'221_0.jpg'),(1004,221,'221_1.jpg'),(1005,222,'222_0.jpg'),(1006,222,'222_1.jpg'),(1007,223,'223_0.jpg'),(1008,223,'223_1.jpg'),(1009,223,'223_2.jpg'),(1010,224,'224_0.jpg'),(1011,225,'225_0.jpg'),(1012,225,'225_1.jpg'),(1013,226,'226_0.jpg'),(1014,227,'227_0.jpg'),(1015,227,'227_1.jpg'),(1016,227,'227_2.jpg'),(1017,227,'227_3.jpg'),(1018,227,'227_4.jpg'),(1019,227,'227_5.jpg'),(1020,228,'228_0.jpg'),(1021,228,'228_1.jpg'),(1022,229,'229_0.jpg'),(1023,229,'229_1.jpg'),(1024,230,'230_0.jpg'),(1025,230,'230_1.jpg'),(1026,231,'231_0.jpg'),(1027,232,'232_0.jpg'),(1028,232,'232_1.jpg'),(1029,233,'233_0.jpg'),(1030,233,'233_1.jpg'),(1031,234,'234_0.jpg'),(1032,235,'235_0.jpg'),(1033,235,'235_1.jpg'),(1034,236,'236_0.jpg'),(1035,236,'236_1.jpg'),(1036,236,'236_2.jpg'),(1037,237,'237_0.jpg'),(1038,237,'237_1.jpg'),(1039,237,'237_2.jpg'),(1040,237,'237_3.jpg'),(1041,237,'237_4.jpg'),(1042,237,'237_5.jpg'),(1043,237,'237_6.jpg'),(1044,237,'237_7.jpg'),(1045,237,'237_8.jpg'),(1046,237,'237_9.jpg'),(1047,237,'237_10.jpg'),(1048,237,'237_11.jpg'),(1049,237,'237_12.jpg'),(1050,237,'237_13.jpg'),(1051,237,'237_14.jpg'),(1052,237,'237_15.jpg'),(1053,237,'237_16.jpg'),(1054,237,'237_17.jpg'),(1055,238,'238_0.jpg'),(1056,238,'238_1.jpg'),(1057,238,'238_2.jpg'),(1058,239,'239_0.jpg'),(1059,239,'239_1.jpg'),(1060,239,'239_2.jpg'),(1061,240,'240_0.jpg'),(1062,240,'240_1.jpg'),(1063,240,'240_2.jpg'),(1064,241,'241_0.jpg'),(1065,242,'242_0.jpg'),(1066,242,'242_1.jpg'),(1067,243,'243_0.jpg'),(1068,243,'243_1.jpg'),(1069,244,'244_0.jpg'),(1070,244,'244_1.jpg'),(1071,244,'244_2.jpg'),(1072,244,'244_3.jpg'),(1073,244,'244_4.jpg'),(1074,244,'244_5.jpg'),(1075,244,'244_6.jpg'),(1076,244,'244_7.jpg'),(1077,245,'245_0.jpg'),(1078,245,'245_1.jpg'),(1079,246,'246_0.jpg'),(1080,246,'246_1.jpg'),(1081,247,'247_0.jpg'),(1082,247,'247_1.jpg'),(1083,248,'248_0.jpg'),(1084,248,'248_1.jpg'),(1085,249,'249_0.jpg'),(1086,249,'249_1.jpg'),(1087,249,'249_2.jpg'),(1088,249,'249_3.jpg'),(1089,250,'250_0.jpg'),(1090,250,'250_1.jpg'),(1091,250,'250_2.jpg'),(1092,250,'250_3.jpg'),(1093,251,'251_0.jpg'),(1094,251,'251_1.jpg'),(1095,252,'252_0.jpg'),(1096,252,'252_1.jpg'),(1097,253,'253_0.jpg'),(1098,253,'253_1.jpg'),(1099,254,'254_0.jpg'),(1100,254,'254_1.jpg'),(1101,254,'254_2.jpg'),(1102,254,'254_3.jpg'),(1103,254,'254_4.png'),(1104,254,'254_5.png'),(1105,255,'255_0.jpg'),(1106,255,'255_1.jpg'),(1107,255,'255_2.jpg'),(1108,255,'255_3.jpg'),(1109,256,'256_0.jpg'),(1110,256,'256_1.jpg'),(1111,256,'256_2.jpg'),(1112,256,'256_3.jpg'),(1113,256,'256_4.jpg'),(1114,257,'257_0.jpg'),(1115,257,'257_1.jpg'),(1116,257,'257_2.jpg'),(1117,258,'258_0.jpg'),(1118,258,'258_1.jpg'),(1119,258,'258_2.jpg'),(1120,258,'258_3.jpg'),(1121,258,'258_4.jpg'),(1122,259,'259_0.jpg'),(1123,259,'259_1.jpg'),(1124,259,'259_2.jpg'),(1125,259,'259_3.jpg'),(1126,259,'259_4.jpg'),(1127,260,'260_0.jpg'),(1128,260,'260_1.jpg'),(1129,260,'260_2.jpg'),(1130,261,'261_0.jpg'),(1131,261,'261_1.jpg'),(1132,261,'261_2.jpg'),(1133,261,'261_3.jpg'),(1134,262,'262_0.jpg'),(1135,262,'262_1.jpg'),(1136,263,'263_0.jpg'),(1137,263,'263_1.jpg'),(1138,264,'264_0.jpg'),(1139,264,'264_1.jpg'),(1140,264,'264_2.jpg'),(1141,264,'264_3.jpg'),(1142,264,'264_4.jpg'),(1143,265,'265_0.jpg'),(1144,265,'265_1.jpg'),(1145,266,'266_0.jpg'),(1146,266,'266_1.jpg'),(1147,267,'267_0.jpg'),(1148,267,'267_1.jpg'),(1149,268,'268_0.jpg'),(1150,268,'268_1.jpg'),(1151,269,'269_0.jpg'),(1152,269,'269_1.jpg'),(1153,270,'270_0.jpg'),(1154,270,'270_1.jpg'),(1155,270,'270_2.jpg'),(1156,271,'271_0.jpg'),(1157,271,'271_1.jpg'),(1158,271,'271_2.jpg'),(1159,272,'272_0.jpg'),(1160,272,'272_1.jpg'),(1161,272,'272_2.jpg'),(1162,273,'273_0.jpg'),(1163,273,'273_1.jpg'),(1164,274,'274_0.jpg'),(1165,275,'275_0.jpg'),(1166,275,'275_1.jpg'),(1167,275,'275_2.jpg'),(1168,275,'275_3.jpg'),(1169,275,'275_4.jpg'),(1170,276,'276_0.jpg'),(1171,276,'276_1.jpg'),(1172,276,'276_2.jpg'),(1173,276,'276_3.jpg'),(1174,276,'276_4.jpg'),(1175,277,'277_0.jpg'),(1176,277,'277_1.jpg'),(1177,277,'277_2.jpg'),(1178,277,'277_3.jpg'),(1179,278,'278_0.jpg'),(1180,278,'278_1.jpg'),(1181,278,'278_2.jpg'),(1182,278,'278_3.jpg'),(1183,278,'278_4.jpg'),(1184,278,'278_5.jpg'),(1185,279,'279_0.jpg'),(1186,279,'279_1.jpg'),(1187,279,'279_2.jpg'),(1188,279,'279_3.jpg'),(1189,279,'279_4.jpg'),(1190,280,'280_0.jpg'),(1191,280,'280_1.jpg'),(1192,280,'280_2.jpg'),(1193,280,'280_3.jpg'),(1194,280,'280_4.jpg'),(1195,281,'281_0.jpg'),(1196,281,'281_1.jpg'),(1197,281,'281_2.jpg'),(1198,281,'281_3.jpg'),(1199,281,'281_4.jpg'),(1200,281,'281_5.jpg'),(1201,282,'282_0.jpg'),(1202,282,'282_1.jpg'),(1203,282,'282_2.jpg'),(1204,283,'283_0.jpg'),(1205,283,'283_1.jpg'),(1206,283,'283_2.jpg'),(1207,284,'284_0.jpg'),(1208,284,'284_1.jpg'),(1209,284,'284_2.jpg'),(1210,284,'284_3.jpg'),(1211,284,'284_4.jpg'),(1212,284,'284_5.jpg'),(1213,285,'285_0.jpg'),(1214,285,'285_1.jpg'),(1215,286,'286_0.jpg'),(1216,286,'286_1.jpg'),(1217,287,'287_0.jpg'),(1218,288,'288_0.jpg'),(1219,288,'288_1.jpg');
/*!40000 ALTER TABLE `images` ENABLE KEYS */;
UNLOCK TABLES;

--
-- Table structure for table `orders`
--

DROP TABLE IF EXISTS `orders`;
/*!40101 SET @saved_cs_client     = @@character_set_client */;
/*!50503 SET character_set_client = utf8mb4 */;
CREATE TABLE `orders` (
  `id` int NOT NULL AUTO_INCREMENT,
  `user_id` int NOT NULL,
  `city` varchar(45) NOT NULL,
  `address` varchar(45) DEFAULT 'null',
  `date_ordered` datetime NOT NULL,
  PRIMARY KEY (`id`,`user_id`),
  KEY `fk_orders_user1_idx` (`user_id`),
  CONSTRAINT `fk_orders_user1` FOREIGN KEY (`user_id`) REFERENCES `users` (`id`)
) ENGINE=InnoDB AUTO_INCREMENT=37 DEFAULT CHARSET=utf8mb4 COLLATE=utf8mb4_0900_ai_ci;
/*!40101 SET character_set_client = @saved_cs_client */;

--
-- Dumping data for table `orders`
--

LOCK TABLES `orders` WRITE;
/*!40000 ALTER TABLE `orders` DISABLE KEYS */;
INSERT INTO `orders` VALUES (2,1,'A',NULL,'2023-06-08 10:35:57'),(3,1,'A',NULL,'2023-06-08 10:56:35'),(4,1,'A',NULL,'2023-06-08 11:28:39'),(5,1,'a',NULL,'2023-06-08 11:28:58'),(6,1,'A',NULL,'2023-06-08 11:29:48'),(7,1,'A',NULL,'2023-06-08 11:30:34'),(8,1,'da',NULL,'2023-06-08 18:38:14'),(9,1,'da',NULL,'2023-06-08 18:41:00'),(10,1,'dawe',NULL,'2023-06-08 18:42:06'),(11,1,'123',NULL,'2023-06-08 19:20:00'),(12,1,'123',NULL,'2023-06-08 19:20:01'),(13,1,'Pirdop',NULL,'2023-06-08 19:21:54'),(14,1,'da',NULL,'2023-06-08 19:22:31'),(15,1,'da',NULL,'2023-06-08 19:22:32'),(16,1,'Pirdop',NULL,'2023-06-08 19:23:29'),(17,1,'da',NULL,'2023-06-08 19:24:01'),(18,1,'da',NULL,'2023-06-12 10:18:11'),(19,1,'да',NULL,'2023-06-12 10:21:56'),(20,1,'da',NULL,'2023-06-12 10:33:16'),(21,1,'da',NULL,'2023-06-12 10:35:22'),(22,1,'da',NULL,'2023-06-12 10:35:24'),(23,1,'da',NULL,'2023-06-12 10:40:26'),(24,1,'da',NULL,'2023-06-12 10:43:32'),(25,1,'da',NULL,'2023-06-12 10:49:46'),(26,1,'da',NULL,'2023-06-12 10:52:06'),(27,1,'da',NULL,'2023-06-12 11:01:58'),(28,1,'123',NULL,'2023-06-12 11:04:19'),(29,1,'da',NULL,'2023-06-12 11:09:34'),(30,1,'1',NULL,'2023-06-12 11:12:14'),(31,1,'1',NULL,'2023-06-12 11:12:22'),(32,1,'DA',NULL,'2023-06-12 11:15:21'),(33,1,'da',NULL,'2023-06-12 11:33:50'),(34,1,'da',NULL,'2023-06-12 11:34:06'),(35,1,'s',NULL,'2023-06-12 11:35:23'),(36,1,'da',NULL,'2023-06-12 11:41:07');
/*!40000 ALTER TABLE `orders` ENABLE KEYS */;
UNLOCK TABLES;

--
-- Table structure for table `orders_has_products`
--

DROP TABLE IF EXISTS `orders_has_products`;
/*!40101 SET @saved_cs_client     = @@character_set_client */;
/*!50503 SET character_set_client = utf8mb4 */;
CREATE TABLE `orders_has_products` (
  `orders_id` int NOT NULL,
  `products_id` int NOT NULL,
  `number_of_product_ordered` int NOT NULL,
  PRIMARY KEY (`orders_id`,`products_id`),
  KEY `fk_orders_has_products_products1_idx` (`products_id`),
  KEY `fk_orders_has_products_orders1_idx` (`orders_id`),
  CONSTRAINT `fk_orders_has_products_orders1` FOREIGN KEY (`orders_id`) REFERENCES `orders` (`id`),
  CONSTRAINT `fk_orders_has_products_products1` FOREIGN KEY (`products_id`) REFERENCES `products` (`id`)
) ENGINE=InnoDB DEFAULT CHARSET=utf8mb4 COLLATE=utf8mb4_0900_ai_ci;
/*!40101 SET character_set_client = @saved_cs_client */;

--
-- Dumping data for table `orders_has_products`
--

LOCK TABLES `orders_has_products` WRITE;
/*!40000 ALTER TABLE `orders_has_products` DISABLE KEYS */;
INSERT INTO `orders_has_products` VALUES (2,1,3),(2,3,1),(2,4,4),(2,5,1),(2,7,3),(2,10,3),(2,12,3),(2,40,1),(2,42,1),(2,46,1),(2,48,1),(2,49,1),(2,85,1),(2,93,1),(2,155,1),(3,1,3),(3,3,1),(3,4,4),(3,5,1),(3,7,3),(3,10,3),(3,12,3),(3,40,1),(3,42,1),(3,46,1),(3,48,1),(3,49,1),(3,85,1),(3,93,1),(3,155,1),(4,1,3),(4,3,1),(4,4,4),(4,5,1),(4,7,3),(4,10,3),(4,12,3),(4,40,1),(4,42,1),(4,46,1),(4,48,1),(4,49,1),(4,85,1),(4,93,1),(4,155,1),(5,1,3),(5,3,1),(5,4,4),(5,5,1),(5,7,3),(5,10,3),(5,12,3),(5,40,1),(5,42,1),(5,46,1),(5,48,1),(5,49,1),(5,85,1),(5,93,1),(5,155,1),(6,1,3),(6,3,1),(6,4,4),(6,5,1),(6,7,3),(6,10,3),(6,12,3),(6,40,1),(6,42,1),(6,46,1),(6,48,1),(6,49,1),(6,85,1),(6,93,1),(6,155,1),(7,1,3),(7,3,1),(7,4,4),(7,5,1),(7,7,3),(7,10,3),(7,12,3),(7,40,1),(7,42,1),(7,46,1),(7,48,1),(7,49,1),(7,85,1),(7,93,1),(7,155,1),(8,1,3),(8,3,1),(8,4,4),(8,5,1),(8,7,3),(8,10,3),(8,12,3),(8,40,1),(8,42,1),(8,46,1),(8,48,1),(8,49,1),(8,85,1),(8,93,1),(8,155,1),(9,1,3),(9,3,1),(9,4,4),(9,5,1),(9,7,3),(9,10,3),(9,12,3),(9,40,1),(9,42,1),(9,46,1),(9,48,1),(9,49,1),(9,85,1),(9,93,1),(9,155,1),(10,1,3),(10,3,1),(10,4,4),(10,5,1),(10,7,3),(10,10,3),(10,12,3),(10,40,1),(10,42,1),(10,46,1),(10,48,1),(10,49,1),(10,85,1),(10,93,1),(10,155,1),(11,1,3),(11,3,1),(11,4,4),(11,5,1),(11,7,3),(11,10,3),(11,12,3),(11,40,1),(11,42,1),(11,46,1),(11,48,1),(11,49,1),(11,85,1),(11,93,1),(11,155,1),(13,2,1),(13,3,1),(13,5,1),(14,3,3),(16,4,1),(17,2,1),(18,1,1),(18,3,1),(18,9,1),(19,2,1),(20,1,1),(20,10,1),(21,1,1),(23,2,1),(24,1,1),(24,4,1),(25,1,1),(25,5,1),(26,1,1),(27,2,1),(28,3,1),(29,2,1),(30,49,1),(32,1,1),(33,1,1),(33,2,1),(33,3,2),(34,2,1),(35,2,1),(36,2,1);
/*!40000 ALTER TABLE `orders_has_products` ENABLE KEYS */;
UNLOCK TABLES;

--
-- Table structure for table `products`
--

DROP TABLE IF EXISTS `products`;
/*!40101 SET @saved_cs_client     = @@character_set_client */;
/*!50503 SET character_set_client = utf8mb4 */;
CREATE TABLE `products` (
  `id` int NOT NULL AUTO_INCREMENT,
  `name` varchar(255) NOT NULL,
  `description` text NOT NULL,
  `price` decimal(10,2) NOT NULL,
  PRIMARY KEY (`id`),
  UNIQUE KEY `name_UNIQUE` (`name`)
) ENGINE=InnoDB AUTO_INCREMENT=289 DEFAULT CHARSET=utf8mb4 COLLATE=utf8mb4_0900_ai_ci;
/*!40101 SET character_set_client = @saved_cs_client */;

--
-- Dumping data for table `products`
--

LOCK TABLES `products` WRITE;
/*!40000 ALTER TABLE `products` DISABLE KEYS */;
INSERT INTO `products` VALUES (1,'Tailwalk L-Jiggys SSD Джигинг въдица','**Въдица Tailwalk L-Jiggys SSD S6400/FSL**\n\n  * Дължина: 1.93 m / 6\'4\'\'\n  * Брой секции: 1&H\n  * Транспортна дължина: 125 cm\n  * Тегло: 112 g\n  * Работен диапазон: max 80 g\n  * Тест по влакно: max 1.0 PE\n\n',550.00),(2,'Tailwalk Salty Shape Dash Micro Gamer - 2023 Спининг въдица','**Въдица Tailwalk Salty Shape Dash Micro Gamer S66UL - 2023**\n\n  * Дължина: 1.98 m / 6\'6\'\'\n  * Двуделна\n  * Транспортна дължина: 102 cm\n  * Тегло: 85 g\n  * Работен диапазон: max 12 g\n  * Тест по влакно: max 0.6 PE\n\n**Въдица Tailwalk Salty Shape Dash Micro Gamer S610UL - 2023**\n\n  * Дължина: 2.08 m / 6\'10\'\'\n  * Двуделна\n  * Транспортна дължина: 107 cm\n  * Тегло: 88 g\n  * Работен диапазон: max 14 g\n  * Тест по влакно: max 0.6 PE\n\n**Въдица Tailwalk Salty Shape Dash Micro Gamer S74UL - 2023**\n\n  * Дължина: 2.24 m / 7\'4\'\'\n  * Двуделна\n  * Транспортна дължина: 115 cm\n  * Тегло: 93 g\n  * Работен диапазон: max 16 g\n  * Тест по влакно: max 0.6 PE\n\n',490.00),(3,'Shimano Lunamis Casting Inshore Кастинг въдица','Със своите подобрени характеристики, серията Lunamis на Shimano е тук, за да\nпредложи ново, по-добро изживяване за всички любители на риболова. При\nизработването на този модел е обърнато специално внимание на лекотата на\nбланката и високата чувствителност на върха.\n\n',829.00),(4,'Savage Gear SGS2 Light Game Спининг въдица','Savage Gear SGS2 Light Game е серия лайт въдици предназначени за риболов с\nмалки до средни примамки. Перфектно балансирана, бърза и много чуствителна\nбланка, която сработва отлично при улов, така че рибата да не се откача по\nвреме на вадене или да се разкъсва нейната уста. Страхотна лайт въдица\nподходяща за морски и сладководен риболов с всякакъв вид примамки. Въдицата\nима достатъчно мощ, за да се справи с улов и на по-едри хищници.\n\n',185.00),(5,'Tailwalk Namazon Травъл спининг въдица','**Въдица Tailwalk Namazon S674MH**\n\n  * Дължина: 2.00 m / 6\'7\'\'\n  * Четириделна\n  * Транспортна дължина: 54.50 cm\n  * Тегло: 150 g\n  * Работен диапазон: 5.30 g - 42.50 g\n  * Тест по влакно: 10 lb - 20 lb\n  * Водачи: Fuji \n  * Макародържач: Fuji\n\n**Въдица Tailwalk Namazon S765MH**\n\n  * Дължина: 2.28 m / 7\'6\'\'\n  * Петделна\n  * Транспортна дължина: 51.00 cm\n  * Тегло: 190 g\n  * Работен диапазон: 5.35 g - 42.50 g\n  * Тест по влакно: 10 lb - 20 lb\n  * Водачи: Fuji \n  * Макародържач: Fuji\n\n',420.00),(6,'Shimano Salty Advance Spinning Sea Bass Спининг въдица','Серия спининг въдици, разработени за Японския пазар (JDM). Бланките са изцяло\nкарбонови и са с акция \"medium-fast\" , което означава че имат отлични кастинг\nкачества. Въдицата е способна да \"изтреля\" примамката на много далечно\nразстояние. Бланката е перфектно балансирана - перфектни кастинг качества в\nкомбинация с чувствителен връх. Водачите са неръджаеми Fuji Alconite K-type ,\nа дръжката е от ергономичен EVA материал.\n\n',289.00),(7,'Shimano Sustain Spinning Спининг въдица','Ново попълнение в гамата на Shimano за тази година, Sustain е лека въдица с\nизключително бързо действие на върха за прецизно замятане и максимален контрол\nна примамката.\n\n',430.00),(8,'Atec Crazee Light Shore Jig Джигинг въдица','Crazee Light Shore Jig Game е лека и мощна въдица на японската компания Atec.\nБланката е здрава и лекота изстрелва примамките в далечината, а истинската\nсила на въдицата ще усетите, когато се боравяте с риби като лаврак, тон,\nдорадо, баракуда и други хищни риби.\n\n',225.00),(9,'Tailwalk Rize Shooter SSD Джигинг въдица','N/A\n\n',430.00),(10,'Tailwalk Campy II Комплект въдица и макара','С този комплект от Tailwalk получавате въдица, спинкаст макара и монофилно\nвлакно на достъпна цена и готови за употреба.\n\n',130.00),(11,'Atec Crazee Shore Jig Game Джигинг въдица','Моделът Crazee Shore Jig Game е лека и мощна въдица на японската компания\nAtec. Бланката е здрава и лекота изстрелва примамките в далечината, а\nистинската сила на въдицата ще усетите, когато се боравяте с риби като лаврак,\nтон, дорадо, баракуда и други.\n\n',235.00),(12,'Tailwalk Egist SSD Спининг въдица','Въдицата Egist SSD, разработена специално за сепии и калмари, съчетава\nчувствителност и лекота. Основен фактор за тази успешна комбинация е\nизработката от висококачествени материали.\n\n',380.00),(13,'Tailwalk Outback Травъл спининг въдица','Tailwalk Outback е серия спининг травел въдици, които са създадени да се\nнаслажавате на спининг риболова навсякъде където пътувате, било то по-работа\nили на почивка. Въдиците са многофункционални и подходящи за сладководен и\nморски риболов с всякакъв вид примамки до опоменатият тест по примамки на\nвъдицата, която може да бъде навсякъде с вас благодарение на компактната\nтранспортна дължина.\n\n',540.00),(14,'Shimano Cardiff AX Casting Кастинг въдица','**Въдица Shimano Cardiff AX Casting 1,93m 6\'4\" 1,5-8g**\n\n  * Дължина: 1.93м\n  * Двуделна\n  * Транспортна дължина: 100 cm\n  * Тегло: 93 g\n  * Акция: 1.5-8гр\n\n',621.00),(15,'Shimano Moonshot Spinning Inshore Спининг въдица','ЅНІМАNО Мооnѕhоt e cъздaдeн зa мopcĸи pибoлoв oт бpeгa, бeз знaчeниe дaли e oт\ncĸaли или нa пpиcтaнищe. C тaзи въдицa ce пoлзвaт cpeдни нa paзмep вoблepи,\ncилиĸoни или джигoвe. Heвepoятнa лeĸoтa, бaлaнc и чyвcтвитeлнocт, cъчeтaни c\nнeвepoятeн ĸacтинг.\n\nTaзи въдицa e пpoeĸтиpaнa в Япoния, изpaбoтeнa oт виcoĸoмoдyлнa ĸapбoнoвa\nблaнĸa c Ні-Роwеr Х тexнoлoгия, ĸoeтo я пpaви ycтoйчивa нa ycyĸвaния и бъpзo\nce възcтaнoвявa cтapтoвoтo пoлoжeниe нa въpxa.\n\nBoдaчитe ca FUЈІ К-Туре , зa дa мoжe влaĸнoтo дa ce изнизвa бъpзo пpи ĸacтинг,\nбeз знaчeниe дaли пoлзвaтe плeтeнo или мoнoфил.\n\nС тази въдица без проблем могат да се хвърлят метални джигове до 60 грама.\n\n',351.00),(16,'Savage Gear SGS6 Eging Спининг въдица','SGS6 EGING са въдици предназначени за риболов на калмари и сепия от\nпристанища, скалисти брегове или при газене. Въпреки невероятната си\nчувствителност, бланките в тези въдици предлагат много прогресивно бързо\nдействие. Също така ви позволяват да замятате по-далеч, отколкото бихте\nочаквали.\n\n  * Водачи Fuji от неръждаема стомана SiC K\n  * Макародържач Fuji\n  * Много чувствителни фини бланки\n  * Toray 40T карбон\n  * Висококачествена EVA дръжка\n  * Доставя се в луксозна чанта\n\n',435.00),(17,'Savage Gear SGS5 Precision Lure Specialist Спининг въдица','Перфектно балансирани въдици, създадени за далечно и прецизно замятане с\nпримамки от брега. Снабдени с конусни карбонови бланки Toray, водачи SeaGuide\nCoil Control и макародържачи Competition на Savage Gear, тези въдици\nосигуряват гладко замятане без усилие и изключително удобно боравене.\n\n  * 40T и 30T Toray карбонови бланки\n  * SeaGuide CCS водачи\n  * Savage Gear Competition макародържач\n  * Страхотен дизайн\n  * Удобна EVA дръжка\n  * Луксозна EVA чанта за носене\n\n',349.00),(18,'Savage Gear SG2 Fast Game Спининг въдица','SG2 FAST GAME са въдици, предназначени за риболов както от брега, така и от\nлодка със леки до средно тежки примамки. Перфектно балансирана, бърза и много\nчуствителна бланка, която сработва отлично при улов, така че рибата да не се\nоткача по време на вадене или да се разкъсва нейната уста. Страхотна въдица\nподходяща за риболов на щука, бяла риба и сом с всякакъв вид примамки.\n\n**Въдица Savage Gear SG2 Fast Game 8ft/2.43m F 20-60g**\n\n  * Дължина: 2.43 m / 8\'\n  * Секции: 2\n  * Транспортна дължина: 125 cm\n  * Тегло: 168 g\n  * Работен диапазон: 20-60 g\n\n**Въдица Savage Gear SG2 Fast Game 8ft11inch/2.71m F 20-60g**\n\n  * Дължина: 2.71 m / 8\'11’’\n  * Секции: 2\n  * Транспортна дължина: 140 cm\n  * Тегло: 193 g\n  * Работен диапазон: 20-60 g\n\n**Въдица Savage Gear SG2 Fast Game 8ft6inch/2.59m F 25-70g**\n\n  * Дължина: 2.59 m / 8\'6’’\n  * Секции: 2\n  * Транспортна дължина: 133 cm\n  * Тегло: 194 g\n  * Работен диапазон: 25-70 g\n\n**Въдица Savage Gear SG2 Fast Game 7ft3inch/2.21m F 25-70g**\n\n  * Дължина: 2.21 m / 7\'3’’\n  * Секции: 2\n  * Транспортна дължина: 114 cm\n  * Тегло: 170 g\n  * Работен диапазон: 25-70 g\n\n',189.00),(19,'Tailwalk Taigame SSD C Тайръбър въдица','Tailwalk Taigame SSD e изключителнo добра серия тайръбър въдици с цяла и\nплътна бланка. Оборудвани са с висококачествени Fuji Sic водачи, които са със\nспециална спираловидна подредба, направена за намаляване на броя на водачите,\nкоето води до намаляване на теглото на въдицата.\n\n**C61XXH/FSL**\n\n  * Дължина: 1.86м\n  * Транспортна дължина: 139см\n  * Тегло: 150 грама\n  * Тест по примамки: Мах 300g\n  * Драг: Max 4kg\n\n**C69H/FSL**\n\n  * Дължина: 2.10м\n  * Транспортна дължина: 159см\n  * Тегло: 155 грама\n  * Тест по примамки: Мах 280g\n  * Драг: Max 3kg\n\n**C69MH/FSL**\n\n  * Дължина: 2.10м\n  * Транспортна дължина: 159см\n  * Тегло: 15 грама\n  * Тест по примамки: Мах 240g\n  * Драг: Max 2.8kg\n\n',650.00),(20,'Savage Gear SG4 Crankbait Specialist BC Кастинг въдица','Мощна, добре балансирана и много здрава бланка в окомплектовка с удобна дръжка\nправят тази кастинг въдица отлична за риболов с малки до средно големи\nпримамки.\n\n**Въдица Savage Gear SG4 Crankbait Specialist BC 7ft6inch/2.28m M 10-27g**\n\n  * Дължина: 2.28 m / 7`6\'\'\n  * Секции: 2\n  * Транспортна дължина: 118 cm\n  * Тегло: 131 g\n  * Работен диапазон: 10-27 g\n\n**Въдица Savage Gear SG4 Crankbait Specialist BC 7ft/2.13m M 5-20g**\n\n  * Дължина: 2.13 m / 7`\n  * Секции: 2\n  * Транспортна дължина: 110 cm\n  * Тегло: 122 g\n  * Работен диапазон: 5-20 g\n\n',255.00),(21,'Savage Gear SGS2 Shore Game Спининг въдица','Savage Gear SGS2 Shore Game е серия въдици, които са създадени за риболов от\nбрега със средни до тежки примамки. Перфектно балансирани и с много\nчуствителна бланка. С тази въдица може да се постигат завидни дистанции, което\nя прави отлично решение както за риболов от брега на язовири така и за риболов\nот брега на големи реки.\n\n**Въдица Savage Gear SGS2 Shore Game 9ft3inch/2.82m M M 8-28g**\n\n  * Дължина: 2.82 m / 9\'\'3’\n  * Секции: 2\n  * Транспортна дължина: 148 cm\n  * Тегло: 179 g\n  * Работен диапазон: 8-28 g\n\n**Въдица Savage Gear SGS2 Shore Game 9ft/2.74m M ML 7-24g**\n\n  * Дължина: 2.74 m / 9\'\'\n  * Секции: 2\n  * Транспортна дължина: 145 cm\n  * Тегло: 161 g\n  * Работен диапазон: 7-24 g\n\n**Въдица Savage Gear SGS2 Shore Game 8ft/2.44m M ML 5-20g**\n\n  * Дължина: 2.44 m / 8\'\'\n  * Секции: 2\n  * Транспортна дължина: 132 cm\n  * Тегло: 140 g\n  * Работен диапазон: 5-20 g\n\n',185.00),(22,'Savage Gear SGS2 Inline Boat Game Въдица за морски риболов','SGS2 Inline Boat Game са спининг въдици, предназначени за риболов от лодка.\nВъдицате са с умерено бърз строй и са подходящи за риболов с големи примамки.\n\n**Savage Gear Sgs2 Inline Boat Game 7ft9ftft/2.36M Mf 200-600g**\n\n  * Дължина: 236см\n  * Акция: 200-600 g\n  * Брой секции: 2\n  * Транспортна дължина: 123см\n  * Тегло: 324гр\n\n**Savage Gear Sgs2 Sgs2 Inline Boat Game 7ft9ftft/2.36M Mf 150-400g**\n\n  * Дължина: 236см\n  * Акция: 150-400\n  * Брой секции: 2\n  * Транспортна дължина: 123см\n  * Тегло: 311гр\n\n**Savage Gear Sgs2 Inline Boat Game 7ft/2.13M Mf 150-400g**\n\n  * Дължина: 213см\n  * Акция: 150-400 g\n  * Брой секции: 2\n  * Транспортна дължина: 111см\n  * Тегло: 292гр\n\n**Savage Gear Sgs2 Inline Boat Game 6ft3ft/1.90m Mf 200-600g**\n\n  * Дължина: 190см\n  * Акция: 200-600 g\n  * Брой секции: 2\n  * Транспортна дължина: 100см\n  * Тегло: 290гр\n\n',198.00),(23,'Shimano Cardiff AX Spinning Спининг въдица','**Въдица Shimano Cardiff AX Spinning 1,83m 0,5-4,5g**\n\n  * Дължина: 1.83м\n  * Двуделна\n  * Транспортна дължина: 94 cm\n  * Тегло: 66 g\n  * Акция: 0.5-4.5гр\n\n**Въдица Shimano Cardiff AX Spinning 1,98m 0,7-6g**\n\n  * Дължина: 1.98м\n  * Двуделна\n  * Транспортна дължина: 102 cm\n  * Тегло: 70 g\n  * Акция: 0.7-6гр\n\n**Въдица Shimano Cardiff AX Spinning 1,83m 0,7-6g**\n\n  * Дължина: 1.83м\n  * Двуделна\n  * Транспортна дължина: 94 cm\n  * Тегло: 69 g\n  * Акция: 0.7-6гр\n\n',552.00),(24,'Yarie Shahrazad Спининг въдица','**Въдица Yarie Shahrazad SZ-632XUL KR Model**\n\n  * Дължина: 1.93 m\n  * Двуделна\n  * Транспортна дължина: 108 cm\n  * Тегло: 88 g\n  * Работен диапазон: 0.3-4 g\n\n',1100.00),(25,'Yarie Folgore FG-632UL Спининг въдица','N/A\n\n',890.00),(26,'Tailwalk SSD SLJ Кастинг въдица','**Въдица Tailwalk SSD SLJ C6300/FSL**\n\n  * Дължина: 1.92 m / 6\'3\'\'\n  * Двуделна\n  * Транспортна дължина: 144 cm\n  * Тегло: 115 g\n  * Работен диапазон: max 60 g\n\n',550.00),(27,'Atec Crazee Joy Stick Спининг въдица','**Въдица Atec Crazee Joy Stick 44GS/SB (Sky Blue)**\n\n  * Дължина: 1.34 m / 4\'4\'\'\n  * Едноделна\n  * Транспортна дължина: 134 cm\n  * Тегло: 91 g\n  * Работен диапазон: 1-7 g\n\n**Въдица Atec Crazee Joy Stick 44GS/OL (Orange Leaf)**\n\n  * Дължина: 1.34 m / 4\'4\'\'\n  * Едноделна\n  * Транспортна дължина: 134 cm\n  * Тегло: 91 g\n  * Работен диапазон: 1-7 g\n\n**Въдица Atec Crazee Joy Stick 44GS/GH (Green Hopper)**\n\n  * Дължина: 1.34 m / 4\'4\'\'\n  * Едноделна\n  * Транспортна дължина: 134 cm\n  * Тегло: 91 g\n  * Работен диапазон: 1-7 g\n\n',85.00),(28,'Tailwalk SSD SLJ Джигинг въдица','**Въдица Tailwalk SSD SLJ S631**\n\n  * Дължина: 1.92 m / 6\'3\'\'\n  * Едноделна\n  * Транспортна дължина: 192 cm\n  * Тегло: 110 g\n  * Работен диапазон: max 100 g\n\n**Въдица Tailwalk SSD SLJ S630**\n\n  * Дължина: 1.92 m / 6\'3\'\'\n  * Едноделна\n  * Транспортна дължина: 192 cm\n  * Тегло: 105 g\n  * Работен диапазон: max 80 g\n\n',480.00),(29,'Tailwalk Slow Bump SSD Джигинг въдица','**Въдица Tailwalk Slow Bump SSD 635**\n\n  * Дължина: 1.92 m / 6\'3\'\'\n  * Едноделна\n  * Транспортна дължина: 192 cm\n  * Тегло: 116 g\n  * Работен диапазон: max 500 g\n\n**Въдица Tailwalk Slow Bump SSD 638**\n\n  * Дължина: 1.92 m / 6\'3\'\'\n  * Едноделна\n  * Транспортна дължина: 192 cm\n  * Тегло: 134 g\n  * Работен диапазон: max 650 g\n\n**Въдица Tailwalk Slow Bump SSD 634/FSL**\n\n  * Дължина: 1.92 m / 6\'3\'\'\n  * Двуделна\n  * Транспортна дължина: 144 cm\n  * Тегло: 138 g\n  * Работен диапазон: max 380 g\n\n**Въдица Tailwalk Slow Bump SSD 634**\n\n  * Дължина: 1.92 m / 6\'3\'\'\n  * Едноделна\n  * Транспортна дължина: 192 cm\n  * Тегло: 110 g\n  * Работен диапазон: max 450 g\n\n**Въдица Tailwalk Slow Bump SSD 633**\n\n  * Дължина: 1.92 m / 6\'3\'\'\n  * Едноделна\n  * Транспортна дължина: 192 cm\n  * Тегло: 106 g\n  * Работен диапазон: max 350 g\n\n**Въдица Tailwalk Slow Bump SSD 632**\n\n  * Дължина: 1.92 m / 6\'3\'\'\n  * Едноделна\n  * Транспортна дължина: 192 cm\n  * Тегло: 102 g\n  * Работен диапазон: max 230 g\n\n',490.00),(30,'Shimano Zodias 2020 Спининг въдица','Усъвършенствана и по-чувствителна от всякога, Shimano Zodias 2020 затвърждава\nпозицията си на едно от най-универсалните предложения за спининг въдица в този\nклас. Една от причините за повишената чувствителност на пръчката е новата Full\nCarbon Monocoque дръжка, която елиминира утежняването с EVA ръкохватка и в\nсъщото време конструкцията й предава вибрациите и усещането от движението на\nпримамката и от най-слабото кълване по цялата дължина на бланката по\nизключително осезаем начин. Супер здравият и олекотен макародържач Ci4+\nдопълва тази характеристика и също така осигурява отлично сцепление и\nпредаване на мощността.  \n  \nПерфектният баланс между мощност и финес е обезпечен чрез изпитаната Hi-Power\nX технология, която подобрява здравината и силата, предотвратява усукването на\nпръчката, елиминира загубите на енергия и фактът, че всичко това става с\nпомощта на висок клас карбонови нишки, позволява пръчката да остане невероятно\nлека за мощността си. Прецизността и големите кастинг разстояния при хвърляне\nне представляват никаква трудност за риболовеца, можете да се забавлявате с\nразлични техники и всевъзможни примамки, които ще оживяват под водата много\nповече отколкото обикновено.  \n  \nPremium Fuji Alconite K Series водачите с Fuji SiC връх са леки и\nвисококачествени, а безпроблемната работа с различните влакна и поводи е\nгарантирана. Високата чувствителност и производителност, бързата реакция,\nздравината, лекотата и класното оборудване правят Shimano Zodias Spinning\nуниверсален и стойностен модел - перфектен вариант, ако трябва да изберете\nсамо една въдица за спининг риболов.\n\n**Въдица Shimano Zodias 268L 203cm 3-10g**\n\n  * Дължина: 2.03 m\n  * Секции: 2\n  * Транспортна дължина: 107 cm\n  * Тегло: 95g\n  * Работен диапазон: 3-10 g\n\n**Въдица Shimano Zodias 264UL 1.93m 2-6g**\n\n  * Дължина: 1.93 m\n  * Секции: 2\n  * Транспортна дължина: 102 cm\n  * Тегло: 92g\n  * Работен диапазон: 2-6 g\n\n',349.20),(31,'Savage Gear SG2 Fast Game BC Кастинг въдица','**Savage Gear SG2 Fast Game BC 7ft3inch 2.21m 30-80g**\n\n  * Дължина: 221см\n  * Акция: 30-80гр\n  * Брой секции: 2\n  * Транспортна дължина: 115см\n  * Тегло: 166гр\n  * Строй: Moderate fast\n\n',179.00),(32,'Savage Gear SG2 Fast Game TR Травъл спининг въдица','**Savage Gear SG2 Fast Game TR 8ft/2.43m MF 30-80g**\n\n  * Дължина: 243см\n  * Акция: 30-80гр\n  * Брой секции: 4\n  * Транспортна дължина: 66см\n  * Тегло: 193гр\n  * Строй: Moderate fast\n\n',235.00),(33,'Tailwalk Troutia Feerique Spinning Спининг въдица','**Въдица Tailwalk Troutia Feerique S50L 1.52 m; max 7g**\n\n  * Дължина: 1.52 m / 5\'0\'\'\n  * Двуделна\n  * Транспортна дължина: 79 cm\n  * Тегло: 80 g\n  * Работен диапазон: max 7 g\n  * Тест по влакно: max 6 LB\n\n**Въдица Tailwalk Troutia Feerique S50L-T 1.52 m; max 7g**\n\n  * Дължина: 1.52 m / 5\'0\'\'\n  * Телескопична\n  * Транспортна дължина: 40 cm\n  * Тегло: 82 g\n  * Работен диапазон: max 7 g\n  * Тест по влакно: max 6 LB\n\n',390.00),(34,'Tailwalk Troutia Feerique Casting Кастинг въдица','**Въдица Tailwalk Troutia Feerique C50L-T 1.52 m; max 7g**\n\n  * Дължина: 1.52 m / 5\'0\'\'\n  * Телескопична\n  * Транспортна дължина: 41 cm\n  * Тегло: 85 g\n  * Работен диапазон: max 7 g\n  * Тест по влакно: max 6.0 LB\n\n**Въдица Tailwalk Troutia Feerique C52L 1.58 m; max 7g**\n\n  * Дължина: 1.58 m / 5\'2\'\'\n  * Двуделна\n  * Транспортна дължина: 82 cm\n  * Тегло: 85 g\n  * Работен диапазон: max 7 g\n  * Тест по влакно: max 6 LB\n\n',390.00),(35,'Tailwalk Crimson Спининг въдица','**Въдица Tailwalk Crimson S80MH-F**\n\n  * Дължина: 2.43 m / 8\'0\'\'\n  * Двуделна\n  * Транспортна дължина: 125 cm\n  * Тегло: 128 g\n  * Работен диапазон: max 45 g\n  * Тест по влакно: max 2.0 PE\n\n**Въдица Tailwalk Crimson S82ML-F**\n\n  * Дължина: 2.50 m / 8\'2\'\'\n  * Двуделна\n  * Транспортна дължина: 128 cm\n  * Тегло: 120 g\n  * Работен диапазон: max 28 g\n  * Тест по влакно: max 1.0 PE\n\n**Въдица Tailwalk Crimson S83M-F**\n\n  * Дължина: 2.53 m / 8\'3\'\'\n  * Двуделна\n  * Транспортна дължина: 130 cm\n  * Тегло: 109 g\n  * Работен диапазон: max 35 g\n  * Тест по влакно: max 1.5 PE\n\n**Въдица Tailwalk Crimson S88H-F**\n\n  * Дължина: 2.68 m / 8\'8\'\'\n  * Двуделна\n  * Транспортна дължина: 136 cm\n  * Тегло: 141 g\n  * Работен диапазон: max 50 g\n  * Тест по влакно: max 2.5 PE\n\n**Въдица Tailwalk Crimson S95ML-R**\n\n  * Дължина: 2.90 m / 9\'5\'\'\n  * Двуделна\n  * Транспортна дължина: 148 cm\n  * Тегло: 137 g\n  * Работен диапазон: max 35 g\n  * Тест по влакно: max 1.5 PE\n  * \n\n**Въдица Tailwalk Crimson S98M-R**\n\n  * Дължина: 2.98 m / 9\'8\'\'\n  * Двуделна\n  * Транспортна дължина: 151 cm\n  * Тегло: 144 g\n  * Работен диапазон: max 42 g\n  * Тест по влакно: max 2.0 PE\n\n',480.00),(36,'Shimano FX XT Спининг въдица','**Въдица Shimano FX XT 18L**\n\n  * Дължина: 1.80м\n  * Двуделна\n  * Транспортна дължина: 95 cm\n  * Тегло: 87 g\n  * Акция: 3-14гр\n\n**Въдица Shimano FX XT 21ML**\n\n  * Дължина: 2.10м\n  * Двуделна\n  * Транспортна дължина: 111 cm\n  * Тегло: 118 g\n  * Акция: 7-21гр\n\n**Въдица Shimano FX XT 24M**\n\n  * Дължина: 2.40м\n  * Двуделна\n  * Транспортна дължина: 126 cm\n  * Тегло: 176 g\n  * Акция: 10-30гр\n\n**Въдица Shimano FX XT 24MH**\n\n  * Дължина: 2.40м\n  * Двуделна\n  * Транспортна дължина: 126 cm\n  * Тегло: 189 g\n  * Акция: 14-40гр\n\n  \n\nСерията FX на Shimano е чудесен избор както за начинаещи, така и за напреднали\nриболовци. Притежава здрава XT30+GLASS бланка, която осигурява перфектен\nкастинг. Комбинира се чудесно с макарите от серия FX на Shimano.\n\n',56.00),(37,'Shimano Catana Spinning Спининг въдица','**Въдица Shimano Catana Spinning 60L**\n\nДължина: 1.83м\n\nДвуделна\n\nТранспортна дължина: 92 cm\n\nТегло: 112 g\n\nБрой водачи: 6\n\nАкция: 3-14гр\n\n**Въдица Shimano Catana Spinning** **70ML**\n\nДължина: 2.13м\n\nДвуделна\n\nТранспортна дължина: 108 cm\n\nТегло: 148 g\n\nБрой водачи: 8\n\nАкция: 7-21гр\n\n**Въдица Shimano Catana Spinning 710M**\n\nДължина: 2.39м\n\nДвуделна\n\nТранспортна дължина: 120 cm\n\nТегло: 205 g\n\nБрой водачи: 9\n\nАкция: 7-35гр\n\n  \n\nУнивepcaлнa въдицa oт ЅНІМАNО , пpoизвeдeнa зa pибoлoв нa ĸocтyp, щyĸa, бялa\npибa, ĸeфaл, coм, пъcтъpa и дopи pacпep. C бъpзaтa cи aĸция нямa дa имaтe\nпpoблeм пpи пoдceчĸa, a чpeз чyвcтвитeлния вpъx щe yceщaтe вcяĸo ĸълвaнe и\nвcяĸa aтaĸa. Πoдxoдящa e ĸaĸтo зa pибoлoв нa peĸa, тaĸa в зaтвopeни вoдoeми,\nбeз знaчeниe дaли лoвитe cъc cилиĸoнoви пpимaмĸи или вoблepи.\n\nBoдaчитe ca ЅіС, мaĸapoдъpжaчa e ЅНІМАNО Rееl Ѕеаt, a дpъжĸaтa e изpaбoтeнa oт\nKopĸ.\n\n',93.00),(38,'Tailwalk Micro Shore Jigging SSD Спининг въдица','**Въдица Tailwalk Micro Shore Jigging SSD** **84**\n\n  * Дължина: 2.56 m / 8\'4\'\'\n  * Двуделна\n  * Транспортна дължина: 131 cm\n  * Тегло: 110 g\n  * Работен диапазон: max 20 g\n  * Тест по влакно: max 0.8 PE\n\n**Въдица Tailwalk Micro Shore Jigging SSD 89**\n\n  * Дължина: 2.71 m / 8\'9\'\'\n  * Двуделна\n  * Транспортна дължина: 137 cm\n  * Тегло: 127 g\n  * Работен диапазон: max 20 g\n  * Тест по влакно: max 0.8 PE\n\n',420.00),(39,'Scierra D-Fly Мухарска въдица','D-Fly e стилна, бърза, лека и чувствителна мухарска въдица.\n\nВисокопроизводителните въглеродни пръчки Scierra D-Fly от четири части имат\nцялата тази производителност и повече, в комплект с много атрактивна\nцена.Доставя се с PVC тубус за безопасно транспортиране и съхранение.\n\n  * Качествена АА коркова дръжка\n  * 30T въглеродна заготовка\n  * Алуминиев макародържач с предпазно заключване\n  * SeaGuide водачи\n\n',185.00),(40,'Savage Gear SG4 Light Game BC Кастинг въдица','**Savage Gear SG4 Light Game BC** е серия въдици, предназначени за малки до\nсредни примамки. Перфектно балансирана, бърза и много чуствителна бланка,\nкоято сработва отлично при улов, така че рибата да не се откача по време на\nвадене или да се разкъсва нейната уста. Страхотна въдица подходяща за риболов\nна костур, бяла риба и щука с всякакъв вид примамки. Въдицата има достатъчно\nмощ, за да се справи с улов и на по-едри хищници.\n\n  * Японска Toray бланка\n  * Seaguide CCS водачи с SIN ринг\n  * Seaguide Alien заключване на макародържача\n  * Вградена закачалка за примамки\n  * Страхотен дизайн\n\n',239.00),(41,'Savage Gear SGS4 Precision Lure Specialist Спининг въдица','**SGS4** **Precision Lure Specialist** е прецизно настроена за прецизно\nзамятане с примамки от брега. Въдиците имат бързи, отзивчиви действия, за да\nусетите всяко действие на вашата примамка и с лекота да приложите оживени\nдвижения към нея. Едно добро решение за морски риболов на лаврак и други хищни\nриби.\n\n**SGS4** **Precision Lure Specialist** е прецизно настроена за прецизно\nзамятане с примамки от брега. Въдиците имат бързи, отзивчиви действия, за да\nусетите всяко действие на вашата примамка и с лекота да приложите оживени\nдвижения към нея. Едно добро решение за морски риболов на лаврак и други хищни\nриби.\n\n**Savage Gear SGS4 Precision Lure Specialist 9ft2inch 2.79m 8-44g**\n\n  * Дължина: 279см\n  * Акция: 8-44гр\n  * Брой секции: 2\n  * Транспортна дължина: 144см\n  * Тегло: 175гр\n  * Строй: Fast\n\n**Savage Gear SGS4 Precision Lure Specialist 9ft 2.74m Fast 7-35g**\n\n  * Дължина: 274см\n  * Акция: 7-35гр\n  * Брой секции: 2\n  * Транспортна дължина: 142см\n  * Тегло: 164гр\n  * Строй: Fast\n\n**Savage Gear SGS4 Precision Lure Specialist 9ft6inch/2.90m Fast 7-35g**\n\n  * Дължина: 290см\n  * Акция: 7-35гр\n  * Брой секции: 2\n  * Транспортна дължина: 150см\n  * Тегло: 181гр\n  * Строй: Fast\n\n**Savage Gear SGS4 Precision Lure Specialist 9ft6inch/2.90m Fast 10-45g**\n\n  * Дължина: 290см\n  * Акция: 10-45гр\n  * Брой секции: 2\n  * Транспортна дължина: 150см\n  * Тегло: 192гр\n  * Строй: Fast\n\n',279.00),(42,'Savage Gear SG4 Fast Game Спининг въдица','**SG4 FAST GAME** са въдици, предназначени за риболов както от брега, така и\nот лодка със леки до средно тежки примамки. Перфектно балансирана, бърза и\nмного чуствителна бланка, която сработва отлично при улов, така че рибата да\nне се откача по време на вадене или да се разкъсва нейната уста. Страхотна\nвъдица подходяща за риболов на щука, бяла риба и сом с всякакъв вид примамки.\n\n  * Японска Toray бланка\n  * Seaguide CCS водачи с SIN ринг \n  * Страхотен дизайн\n\n**Въдица Savage Gear SG4 Fast Game 8ft6inch 2.59m 35-90g**\n\n  * Дължина: 2.59 m / 8\'6’’\n  * Секции: 2\n  * Транспортна дължина: 134 cm\n  * Тегло: 199 g\n  * Работен диапазон: 35-90 g\n\n**Въдица Savage Gear** **SG4 Fast Game 8ft6inch 2.59m 30-80g**\n\n  * Дължина: 2.59 m / 8\'6’’\n  * Секции: 2\n  * Транспортна дължина: 134 cm\n  * Тегло: 192 g\n  * Работен диапазон: 30-80 g\n\n**Въдица Savage Gear** **SG4 Fast Game 8ft 2.43m 15-50g**\n\n  * Дължина: 2.43 m / 8’’\n  * Секции: 2\n  * Транспортна дължина: 126 cm\n  * Тегло: 162 g\n  * Работен диапазон: 15-50 g\n\n**Въдица Savage Gear** **SG4 Fast Game 8ft 2.43m 20-60g**\n\n  * Дължина: 2.43 m / 8’’\n  * Секции: 2\n  * Транспортна дължина: 126 cm\n  * Тегло: 175 g\n  * Работен диапазон: 20-60 g\n\n**Въдица Savage Gear** **SG4 Fast Game 7ft3inch 2.21m 25-70g**\n\n  * Дължина: 2.21 m / 7\'3’’\n  * Секции: 2\n  * Транспортна дължина: 114 cm\n  * Тегло: 168 g\n  * Работен диапазон: 25-70 g\n\n**Въдица Savage Gear SG4 Fast Game 8ft6inch 2.59m 25-70g**\n\n  * Дължина: 2.59 m / 8\'6’’\n  * Секции: 2\n  * Транспортна дължина: 134 cm\n  * Тегло: 196 g\n  * Работен диапазон: 25-70 g\n\n',245.00),(43,'Savage Gear SG4 Distance Game Спининг въдица','**SG4 DISTANCE GAME** са въдици, предназначени за риболов от брега със средно\nлеки до тежки примамки. Перфектно балансирана, бърза и много чуствителна\nбланка, която сработва отлично при улов, така че рибата да не се откача по\nвреме на вадене или да се разкъсва нейната уста. Страхотна въдица подходяща за\nриболов на бяла риба, щука и сом с всякакъв вид примамки.\n\n  * Японска Toray бланка\n  * Seaguide CCS водачи с SIN ринг \n  * Страхотен дизайн\n\n',279.00),(44,'Tailwalk Outback Beyond Въдица','**Транспортна дължина:**\n\n  * **S514L** \\- 48см - 4 секции\n  * **S645L** \\- 49см - 5 секции\n  * **S756L** \\- 49см - 6 секции\n  * **S756ML** \\- 49см - 6 секции\n\n',660.00),(45,'Tailwalk Silverna Taki TZ Спининг въдица','**Въдица Tailwalk Silverna Taki TZ 57 Limited**\n\n  * Дължина: 1.72 m / 5\' 7\'\'\n  * Едноделна\n  * Транспортна дължина: 172 cm\n  * Тегло: 58 g\n  * Работен диапазон: MAX 4g\n  * Тест по влакно: MAX 4 lb\n  * Водачи: Fuji SiC\n  * Макародържач: Fuji\n\n**Въдица Tailwalk Silverna Taki TZ 61 Limited**\n\n  * Дължина: 1.86 m / 6\' 1\'\'\n  * Едноделна\n  * Транспортна дължина: 186 cm\n  * Тегло: 59 g\n  * Работен диапазон: MAX 4g\n  * Тест по влакно: MAX 4 lb\n  * Водачи: Fuji SiC\n  * Макародържач: Fuji\n\n**Въдица Tailwalk Silverna Taki TZ 62 Limited**\n\n  * Дължина: 1.89 m / 6\' 2\'\'\n  * Едноделна\n  * Транспортна дължина: 189 cm\n  * Тегло: 61 g\n  * Работен диапазон: MAX 7g\n  * Тест по влакно: MAX 4 lb\n  * Водачи: Fuji SiC\n  * Макародържач: Fuji\n\n**Въдица Tailwalk Silverna Taki TZ 64 Limited**\n\n  * Дължина: 1.95 m / 6\' 4\'\'\n  * Едноделна\n  * Транспортна дължина: 195 cm\n  * Тегло: 57 g\n  * Работен диапазон: MAX 4g\n  * Тест по влакно: MAX 4 lb\n  * Водачи: Fuji SiC\n  * Макародържач: Fuji\n\n',880.00),(46,'Tailwalk Bay Mixx SSD Спининг въдица','Въдица Tailwalk Bay Mixx SSD S69L\n\n  * Дължина: 2.10 m / 6\' 9\'\'\n  * Двуделна\n  * Транспортна дължина: 106 cm\n  * Тегло: 85 g\n  * Работен диапазон: 3.5 g - 21 g\n  * Тест по влакно: 0.4 – 0.8 PE\n\n',360.00),(47,'Tailwalk Backhoo Tres Casting Кастинг въдица','**Въдица Tailwalk Backhoo Tres Casting C652M**\n\n  * Дължина: 1.98 m / 6\' 5\'\'\n  * Двуделна\n  * Транспортна дължина: 102 cm\n  * Тегло: 110 g\n  * Работен диапазон: 5 g - 21 g\n  * Тест по влакно: 6 lb - 14 lb\n  * Водачи: Fuji SiC\n  * Макародържач: Fuji\n\n**Въдица Tailwalk Backhoo Tres Casting C652ML**\n\n  * Дължина: 1.98 m / 6\' 5\'\'\n  * Двуделна\n  * Транспортна дължина: 102 cm\n  * Тегло: 100 g\n  * Работен диапазон: 3.5 g - 11 g\n  * Тест по влакно: 6 lb - 12 lb\n  * Водачи: Fuji SiC\n  * Макародържач: Fuji\n\n**Въдица Tailwalk Backhoo Tres Casting C682MH**\n\n  * Дължина: 2.07 m / 6\' 8\'\'\n  * Двуделна\n  * Транспортна дължина: 102 cm\n  * Тегло: 115 g\n  * Работен диапазон: 5 g - 28 g\n  * Тест по влакно: 8 lb - 16 lb\n  * Водачи: Fuji SiC\n  * Макародържач: Fuji\n\n',245.00),(48,'Scierra Fly Combo Мухарска въдица','N/A\n\n',369.00),(49,'Blue Heaven L30Hi/LB - Left Handle','**Blue Heaven** | **Тегло (гр.)** | **Лагери** | **Предав. число** |\n**Капацитет (PE/m)** | **Обиране (см/1 оборот)** |  **Max Drag (kg)**  \n---|---|---|---|---|---|---  \nL30Hi/LB | 410 | 8/1 | 6.3:1 |\n\n1.2/1200\n\n1.5 / 1000\n\n2.0/700\n\n| 99 | 7.00  \n  \n\n',1280.00),(50,'Shimano Ultegra C2000S HG FC - 2021 Макара','**Shimano Ultegra C2000S HG FC - 2021**\n\n  * Тегло: 185 g\n  * Лагери: 5 + 1\n  * Предавателно число: 6.1:1\n  * Мъртва тяга: 3kg\n  * Капацитет (mm / m):0.14 / 145\n\n',285.12),(51,'Shimano Stella C 3000 HG FK - 2022 Макара','ЅНІМАNО пpeдcтaвя нoвaтa вepcия нa \"Чepeшĸaтa нa тopтaтa\" - a имeннo Ѕtеllа\nFК.\n\nB мaĸapaтa ca вгpaдeни знaчитeлнo пoвeчe тexнoлoгии oт пpeдшecтвeниĸa. Hoвaтa\nЅТЕLLА дocтигa нoви oтлични виcoти и пpeдлaгa нeвиждaнa дo ceгa paбoтa, ĸoятo\nщe впeчaтли и нaй-взиcĸaтeлния pибoлoвeц. Aĸo Bиe cтe pибoлoвeц, ĸoйтo дъpжи\nдa имa нaй-дoбpoтo, бeз ĸoмпpoмиcи, нaй-нoвaтa вepcия нa ЅТЕLLА e тoчнo зa Bac\n!\n\nЅtеllа FК пpeминaвa пpeз няĸoлĸo eвoлюциoнни пpoмeни, ĸoeтo вĸлючвa нoв дизaйн\nи пoвeчe тexнoлoгии. Teзи пpoмeни ca нaпpaвeни oт нaй-дoбpитe cпeциaлиcти или\nĸaĸтo ЅНІМАNО ги нapичa - гeнии ! Πpoмeнитe ca нaпpaвeни нa вcичĸи чacти нa\nмaĸapaтa. Teзи пoдoбpeния щe нaпpaвят pибoлoвния Bи излeт пo-eфиĸaceн, пo-\neфeĸтивeн и cъc cигypнocт щe Bи дoнecaт пo-гoлямo yдoвoлcтвиe.\n\nЅНІМАNО я нapичaт \"Іnfіnіtу Еvоlutіоn\" , ĸoeтo бyĸвaлнo ce пpeвeждa \"Бeзĸpaйнa\nEвoлюция\" , нo зa pибoлoвцитe в цял cвят ocтaвa \"пpocтo\" Ѕtеllа.\n\nPибoлoвa c тaзи мaĸapa e нeзaбpaвим, дoĸocвaйĸи ce дo тpитe нoви \"ІNFІNІТY\"\nтexнoлoгии:\n\nІnfіnіtу Хrоѕѕ - пpeдлaгa пo-дълъг живoт нa пpeдaвĸитe oт тoзи нa мaĸapитe c\nНАGАNЕ GЕАR. Toвa Bи дaвa пoвeчe издpъжливocт и cигypнocт.\n\nІnfіnіtу Lоор - cyпep бaвнa ocцилaциoннa cиcтeмa c пoдoбpeнo нaвивaнe нa\nвлaĸнoтo. Toвa нaмaлявa дo минимyм тpиeнeтo нa влaĸнoтo пpи ĸacтинг,\nпoдoбpявaйĸи paзcтoяниeтo, нa ĸoeтo xвъpлятe.\n\nІnfіnіtу Drіvе - дoпpинacя зa мoщнoтo въpтeнe, ĸoeтo в cъщoтo вpeмe e лeĸo нa\nyceщaнe, дopи ĸoгaтo нaвивaтe гoлeми пpимaмĸи\n\nЗa бeзпpoблeмнoтo нaвивaнe нa влaĸнoтo щe ce пoгpижи нoвaтa тexнoлoгия Аntі-\nТwіѕt-Fіn. Tя ĸoнтpoлиpa нaпpeжeниeтo въpxy линиятa Bи, ĸoятo минaвa пpeз\npoлĸaтa нa бигeлa.\n\nИ aĸo вcичĸo тoвa oт гopeизбpoeнoтo нe e дocтaтъчнo - имa нoвa cиcтeмa нa\naвaнca - Durасrоѕѕ. Tя пpeдлaгa нaиcтинa глaдĸo yceщaнe нa aвaнca,\nиздpъжливocт, a cъщo тaĸa e дocтaтъчнo мoщeн, зa дa зaбиe ĸyĸaтa в ycтaтa нa\npибaтa пpи зaceчĸa.\n\nБeз пpoблeм мoжe дa ce пoлзвa и зa мopcĸи pибoлoв!\n\nЅТЕLLА - Bъpxa нa инжeнepcтвoтo ! Зa pибoлoвци, ĸoитo иcĸaт caмo нaй-дoбpoтo!\n\nЅhіmаnо Наgаnе\n\nOcнoвнoтo зъбнo ĸoлeлo е изpaбoтeнo oт eднo цялo пapчe мeтaлнa cплaв,\nпocpeдcтвoм тexнoлoгиятa нa Ѕhіmаnо НАGАNЕ зa cтyдeнo фopмoвaнe, бeз\nдoпълнитeлнa oбpaбoтĸa.Toвa ocигypявa глaдĸocт, здpaвинa, лeĸoтa и cилa в\ncaмoтo cъpцe нa мaĸapaтa.\n\nHoвo пpoeĸтиpaн мexaнизъм зa oтвapянe и зaтвapянe нa бигeлa. Шиpoĸ ъгъл нa\noтвapянe и мexaнизъм пpeдoтвpaтявaщ caмoзaтвapянe пo вpeмe нa зaмятaнe.\n\nЅhіmаnо Ѕіlеntdrіvе\n\nOcнoвният дизaйн нa цялoтo тялo и чacтитe cвъpзaни c движeниeтo, ce\nпpepaзглeждaт eдин пo eдин. Изцялo ca eлиминиpaни финитe paзxлaбвaния,\nпpaзнини, шeйĸoвe мeждy чacти и дeтaйли. Цeлeвитe oблacти зa пoдoбpeниe\nвĸлючвaт зaдвижвaщo зъбнo ĸoлeлo, чepвячeн вaл, шпилĸa нa чepвячния вaл, зъбнo\nĸoлeлo нa чepвячния вaл и тaĸa нaтaтъĸ. Πocтигнaтo e изĸлючитeлнo глaдĸo и\nбeзшyмнo въpтeнe.\n\nЅhіmаnо Х Рrоtесt\n\nCпeциaлнo изгpaдeнa лaбиpинтнa cтpyĸтypa oт няĸoлĸo зъбa c дoбaвeнa cмaзĸa\nмeждy тяx,пpeдoтвpaтявa нaвлизaнeтo нa вoдa мeждy poтopa и тялoтo нa мaĸapaтa.\nEднoвpeмeннo c тoвa ce eлиминиpa cъпpoтивлeниeтo пpи тpиeнeтo мeждy тeзи двa\neлeмeнтa.\n\nХ-ЅНІР - cпeциaлнo paзpaбoтeнa cиcтeмa нa пpeдaвĸaтa oт мнoжecтвo eлeмeнти\nĸoитo yвeличaвaт cилaтa и мoщa.Πocpeдcтвoм пo-гoлeмия диaмeтъp и цeнтpaлнoтo\npaзпoлoжeниe нa ocнoвнoтo зъбнo ĸoлeлo и пpeдaвĸaтa, oт дpъжĸaтa ĸъм poтopa нa\nмaĸapaтa ce пpexвъpля пo гoлямa мoщ. Πpeдaвĸaтa oт cвoя cтpaнa ce пoддъpжa oт\nдвa poлĸoви Ѕhіmаnо АRВ лaгepa зa дoпълнитeлнa cтaбилнocт.\n\nЅhіmаnо Місrоmоdulе ІІ - yниĸaлнa тexнoлoгия нa Ѕhіmаnо пoдoбpявaщa фopмaтa и\nглaдĸocттa нa зъбитe и зъбнитe ĸoлeлa. Cъвъpшeн дизaйн нa eлeмeнтитe.\nΠpecлeдвaйĸи идeaлнaтa фopмa и глaдĸocт e пocтигнaтo мнoгo ниcĸo нивo нa шyм и\nплaвнo движeниe нa пpeдaвĸитe.\n\nLоng ѕtrоkе ѕрооl - Издължeнaтa фopмa нa шпyлaтa и cĸoceнитe pъбoвe,\nпoдoбpявaт c 4% пoлeтнoтo paзcтoяниe. ЅТЕLLА мoжe дa дocтaви пpимaмĸaтa тaм,\nĸъдeтo ниĸoгa нe e дocтигaлa.\n\n**Shimano Stella C 3000 HG FK - 2022**\n\n  * Тегло: 210 g\n  * Лагери: 12 + 1\n  * Предавателно число: 6.4:1\n  * Мъртва тяга: 9 kg\n  * Обиране на влакно с един оборот: 94 cm\n  * Капацитет (mm / m):0.25 / 210\n\n',1389.85),(52,'Shimano Twin Power XD FA C3000 XG - 2021 Макара','**Shimano Twin Power XD FA C3000 XG - 2021**\n\n  * Тегло: 200 g\n  * Лагери: 10 + 1\n  * Предавателно число: 6.4:1\n  * Мъртва тяга: 9 kg\n  * Обиране на влакно с един оборот: 94 cm\n  * Капацитет (mm / m):0.28 / 150\n  * Резервна шпула - НЕ\n\nOщe пo-лeĸ и пo-издъpжлив oт cтapия мoдeл нa Тwіn Роwеr !!! Hoвия ТWІN РОWЕR\nХD oт Ѕhіmаnо е възмoжнo нaй-дoбpия избop зa мaĸapa, ĸaтo тя ĸoмбиниpa в ceбe\ncи xapaĸтepиcтиĸитe и издpъжливocттa нa нaй-нaдeжднитe ЅW мaĸapи и лeĸoтaтa и\nĸoмфopтa нa мaĸapитe зa cлaдĸa вoдa.\n\n',836.00),(53,'Shimano Nexave C3000 HG FI Макара','**Shimano Nexave C3000 HG FI**\n\n  * Тегло: 255 g\n  * Лагери: 3 + 1\n  * Предавателно число: 6.2:1\n  * Мъртва тяга: 9 kg\n  * Обиране на влакно с един оборот: 91 cm\n  * Капацитет на шпулата (mm / m):0.25 / 210\n\nNEXAVE FI е новата версия на добре познатата с перфектната си работа NEXAVE\nFE. Отлична макара с преден аванс, която може да се използва за всички видове\nриболов в сладки води - от риболов с леки и средно тежки примамки за пъстърва,\nкостур, щука или бяла риба до големи платики и каракуди при мачов или фидер\nриболов.\n\n',134.00),(54,'Shimano Nexave 2500 HG FI Макара','**Shimano Nexave 2500 HG FI**\n\n  * Тегло: 250 g\n  * Лагери: 3 + 1\n  * Предавателно число: 6.2:1\n  * Мъртва тяга: 4 kg\n  * Обиране на влакно с един оборот: 91 cm\n  * Капацитет (mm / m):0.25 / 160\n\nNЕХАVЕ FІ e нoвaтa вepcия нa дoбpe пoзнaтaтa c пepфeĸтнaтa cи paбoтa NЕХАVЕ\nFЕ. Oтличнa мaĸapa c пpeдeн aвaнc, ĸoятo мoжe дa ce изпoлзвa зa вcичĸи видoвe\npибoлoв в cлaдĸи вoди - oт pибoлoв c лeĸи и cpeднo тeжĸи пpимaмĸи зa пъcтъpвa,\nĸocтyp, щyĸa или бялa pибa дo гoлeми плaтиĸи и ĸapaĸyди пpи мaчoв или фидep\npибoлoв.\n\nБлaгoдapeниe нa тpитe cи зaщитeни лaгepa oт нepъждaeмa cтoмaнa в ĸoмбинaция c\nпepфeĸтнo peгyлиpyeмия пpeдeн aвaнc, NЕХАVЕ FІ paбoти изĸлючитeлнo глaдĸo и ce\ncпpaвя бeз пpoблeми, ĸoгaтo зaĸaчитe гoлямa pибa. Moдeлът e изĸлючитeлнo дoбpo\nбюджeтнo peшeниe ĸaĸтo зa нaчинaeщи pибoлoвци, тaĸa и зa пpaĸтиĸyвaщитe дълги\nгoдини.\n\nШпyлaтa e изpaбoтeнa oт cтyдeнo ĸoвaн aлyминий. (АR-С Ѕрооl)\n\n',134.00),(55,'Atec Flix 4000/1.5 Макара','Спининг макара с навито плетено влакно PE 1.5/150m.\n\n',69.90),(56,'Atec Wesker 4000/1.5 Макара','Спининг макара с навито плетено влакно PE 1.5/150m.\n\n',98.00),(57,'Tailwalk Elan Widepower Octopus SP II 64BL Мултипликатор','Tailwalk Elan Wide Power Octopus SP II 64BL\n\n  * Тегло: 319 g\n  * Лагери: 4+1\n  * Предавателно число: 6.4:1\n  * Капацитет: PE 3 - 200m\n  * Обиране: 78 cm\n  * Мъртва тяга: 12 kg\n\n',380.00),(58,'Tailwalk Elan Widepower Plus  71L Мултипликатор','**Tailwalk Elan Widepower Plus 71L**\n\n  * Тегло: 305 g\n  * Лагери: 10+1\n  * Предавателно число: 7.1:1\n  * Капацитет: PE 3 - 260m\n  * Обиране: 87 cm\n  * Мъртва тяга: 12 kg\n\n',400.00),(59,'Shimano Nexave C3000 FI Макара','NЕХАVЕ FІ e нoвaтa вepcия нa дoбpe пoзнaтaтa c пepфeĸтнaтa cи paбoтa NЕХАVЕ\nFЕ. Oтличнa мaĸapa c пpeдeн aвaнc, ĸoятo мoжe дa ce изпoлзвa зa вcичĸи видoвe\npибoлoв в cлaдĸи вoди - oт pибoлoв c лeĸи и cpeднo тeжĸи пpимaмĸи зa пъcтъpвa,\nĸocтyp, щyĸa или бялa pибa дo гoлeми плaтиĸи и ĸapaĸyди пpи мaчoв или фидep\npибoлoв.\n\nБлaгoдapeниe нa тpитe cи зaщитeни лaгepa oт нepъждaeмa cтoмaнa в ĸoмбинaция c\nпepфeĸтнo peгyлиpyeмия пpeдeн aвaнc, NЕХАVЕ FІ paбoти изĸлючитeлнo глaдĸo и ce\ncпpaвя бeз пpoблeми, ĸoгaтo зaĸaчитe гoлямa pибa. Moдeлът e изĸлючитeлнo дoбpo\nбюджeтнo peшeниe ĸaĸтo зa нaчинaeщи pибoлoвци, тaĸa и зa пpaĸтиĸyвaщитe дълги\nгoдини.\n\nШпyлaтa e изpaбoтeнa oт cтyдeнo ĸoвaн aлyминий. (АR-С Ѕрооl)\n\n**Shimano Nexave C3000 FI**\n\n  * Тегло: 255 g\n  * Лагери: 3 + 1\n  * Предавателно число: 5.0:1\n  * Мъртва тяга: 9 kg\n  * Обиране на влакно с един оборот: 73 cm\n  * Капацитет (mm / m):0.25 / 210\n\n',134.00),(60,'Shimano Sahara FJ 2500S HG Макара','Иcтopиятa нa ЅНІМАNО Ѕаhаrа пpoдължaвa и пpeз 2022 гoдинa c излизaнeтo нa\nнoвия мoдeл FЈ. Πpeднaзнaчeнa ĸaĸтo зa тeпъpвa нaвлизaщи в pибoлoвa, тaĸa и зa\nвeчe oпитнитe тaĸивa. Texнoлoгиитe, вĸлючeни в мaĸapaтa ca НАGАNЕ GЕАR - зa\nпo-гoлямa издpъжливocт, ЅІLЕNТ DRІVЕ - зa пo-глaдĸa paбoтa и т.н.\n\nДpъжĸaтa e зaвитa диpeĸтнo в мaĸapaтa и имa зaдeн xoд.\n\nB cpaвнeниe c пpeдишния мoдeл , нoвaтa ЅАНАRА FЈ e пo-лeĸa и c нoв дизaйн.\n\nЅhіmаnо Ѕіlеntdrіvе\n\nOcнoвният дизaйн нa цялoтo тялo и чacтитe cвъpзaни c движeниeтo, ce\nпpepaзглeждaт eдин пo eдин. Изцялo ca eлиминиpaни финитe paзxлaбвaния,\nпpaзнини, шeйĸoвe мeждy чacти и дeтaйли. Цeлeвитe oблacти зa пoдoбpeниe\nвĸлючвaт зaдвижвaщo зъбнo ĸoлeлo, чepвячeн вaл, шпилĸa нa чepвячния вaл, зъбнo\nĸoлeлo нa чepвячния вaл и тaĸa нaтaтъĸ. Πocтигнaтo e изĸлючитeлнo глaдĸo и\nбeзшyмнo въpтeнe.\n\nЅhіmаnо Наgаnе\n\nOcнoвнoтo зъбнo ĸoлeлo е изpaбoтeнo oт eднo цялo пapчe мeтaлнa cплaв,\nпocpeдcтвoм тexнoлoгиятa нa Ѕhіmаnо НАGАNЕ зa cтyдeнo фopмoвaнe, бeз\nдoпълнитeлнa oбpaбoтĸa.Toвa ocигypявa глaдĸocт, здpaвинa, лeĸoтa и cилa в\ncaмoтo cъpцe нa мaĸapaтa.\n\nХ-ЅНІР - cпeциaлнo paзpaбoтeнa cиcтeмa нa пpeдaвĸaтa oт мнoжecтвo eлeмeнти\nĸoитo yвeличaвaт cилaтa и мoщтa. Πocpeдcтвoм пo-гoлeмия диaмeтъp и цeнтpaлнoтo\npaзпoлoжeниe нa ocнoвнoтo зъбнo ĸoлeлo и пpeдaвĸaтa, oт дpъжĸaтa ĸъм poтopa нa\nмaĸapaтa ce пpexвъpля пo гoлямa мoщ. Πpeдaвĸaтa oт cвoя cтpaнa ce пoддъpжa oт\nдвa poлĸoви Ѕhіmаnо АRВ лaгepa зa дoпълнитeлнa cтaбилнocт.\n\nG-frее bоdу вoди дo мнoгo cилнa и глaдĸо движeщa ce мaĸapa, ĸoятo ocтaвa в\nбaлaнc, дoĸaтo ce нaвивa c виcoĸa cĸopocт.\n\n**Shimano Sahara FJ 2500S HG**\n\n  * Тегло: 240 g\n  * Лагери: 4 + 1\n  * Предавателно число: 6.2:1\n  * Мъртва тяга: 4 kg\n  * Обиране на влакно с един оборот: 91 cm\n  * Капацитет (mm / m):0.18 / 120\n  * Резервна шпула - НЕ\n\n',188.00),(61,'Shimano Sephia BB C3000S Макара','Ѕерhіа ВВ С3000Ѕ e мaĸapa, ĸoятo e cпeциaлнo paзpaбoтeнa зa ЕGІ\npибoлoв(ĸaлмap,ceпия)\n\nTя имa идeaлнoтo пpeдaвaтeлнo чиcлo и извличa cĸopocт, зa дa пpeдcтaви\nпpимaмĸaтa пo идeaлния нaчин.\n\nΠлитĸaтa мaĸapa e пepфeĸтнa зa изпoлзвaнe в ĸoмбинaция c тънъĸ ĸoнeц.\n\nΠлитĸaтa шпyлa + АR-С шпyлa дaвa възмoжнocт зa дocтигaнe нa мaĸcимaлнa\nдиcтaнция c пpимaмĸaтa,\n\nдoĸaтo пpeдaвaтeлнoтo cъoтнoшeниe e идeaлнo зa пepфeĸтнaтa пpeзeнтaция и\nпpoвoдĸa нa пpимaмĸaтa.\n\nTaзи мaĸapa oбaчe мoжe дa ce изпoлзвa и зa мнoгo дpyги видoвe pибoлoв.\n\n**Shimano Sephia BB C3000S**\n\n  * Тегло: 235 g\n  * Лагери: 5 + 1\n  * Предавателно число: 5.0:1\n  * Мъртва тяга: 9 kg\n  * Обиране на влакно с един оборот: 73 cm\n  * Капацитет (mm / m):0.25 / 210\n  * Резервна шпула - НЕ\n\n',385.00),(62,'Shimano Stella FK 4000XG Макара','**Shimano Stella FK 4000XG**\n\n  * Тегло: 260 g\n  * Лагери: 12 + 1\n  * Предавателно число: 6.2:1\n  * Мъртва тяга: 11 kg\n  * Обиране на влакно с един оборот: 101 cm\n  * Капацитет (mm / m):0.30 / 180\n  * Резервна шпула - НЕ\n\n',1453.50),(63,'Shimano Sienna C3000 FG Макара','**Shimano Sienna C3000 FG**\n\n  * Тегло: 250 g\n  * Лагери: 3 + 1\n  * Предавателно число: 5.0:1\n  * Мъртва тяга: 8.5 kg\n  * Капацитет (mm / m):0.25 / 210\n  * Подходяща за морски риболов\n\nSienna C3000 FG e нов, усъвършенстван модел макара от Shimano за 2020 година.\nЗа разлика от предишната серия - FE, Sienna FG разполага с компактен корпус\nXGT-7 с модифициран център на тежестта. Макарата е с възхитително гладък ход и\nперфектно нареждане на влакното. Надеждността, качеството и разумната цена са\nкомпонентите на успеха на модела Shimano Sienna FG. Според нас това е най-\nдобрият избор сред бюджетните макари Shimano.\n\n',79.00),(64,'Savage Gear SGS6 18000 FD Макара','Изработена от здрав и лек алуминиев корпус и карбоново подсилен композитен\nротор, макарата е проектирана да доставя най-добри резултати отново и отново.\nТя също така разполага с 6+1 запечатани стоманени сачмени лагери,\nвисокоефективна карбонова авансова система и нашата собствена смазка Dura -\nвсички те се комбинират, за да направят макарата устойчива на солена вода,\nтака че можете да разчитате на нея всеки път.\n\n  * Макара, устойчива на солена вода\n  * Kalloy Body - Алуминиево тяло\n  * CRC Карбонов ротор\n  * VSS пружинна система\n  * FCS 3 Drag - Шайбите, използвани в тази авансова система са направени в трислоен дизайн - един слой от фибростъкло плюс по един слой от карбонови влакна от двете му страни\n  * HS Drag - Гумено уплътнение на аванса\n  * Torqueshift 2 - зацепваща система с алуминиево машинно изрязано зъбно колело\n  * Dura Grease - Патентована грес за гладка и дълготрайна работа\n  * Dura Oil - иновативна смазка\n  * BR-S - Braid Ready Spool - Основна алуминиева шпула готова за плетено влакно, която елиминира необходимостта от моно подложка\n  * Кръгъл клипс на шпулата\n  * Aero Lip - специален ръб на шпулата, който помага по-далечно замятане\n  * 6+1 запечатани сачмени лагери от неръждаема стомана\n  * Dynamic Line Managment - безупречна система за редене на влакното\n  * SST Handle - Дръжка с вътрешна резба\n  * Мека на допир гумена ръкохватка\n  * Запечатана карбонова авансова система\n  * Покритие SW500 против корозия\n\n**Savage Gear SGS6 18000 FD**\n\n  * Тегло: 851гр\n  * Лагери: 6 + 1\n  * Предавателно число: 5.3:1\n  * Мъртва тяга: 21 кг\n  * Капацитет (mm / m): 0.46 / 400\n  * Навиване на влакно с 1 оборот – 135cm\n\n',405.00),(65,'Savage Gear SGS6 14000H FD Макара','Изработена от здрав и лек алуминиев корпус и карбоново подсилен композитен\nротор, макарата е проектирана да доставя най-добри резултати отново и отново.\nТя също така разполага с 6+1 запечатани стоманени сачмени лагери,\nвисокоефективна карбонова авансова система и нашата собствена смазка Dura -\nвсички те се комбинират, за да направят макарата устойчива на солена вода,\nтака че можете да разчитате на нея всеки път.\n\n  * Макара, устойчива на солена вода\n  * Kalloy Body - Алуминиево тяло\n  * CRC Карбонов ротор\n  * VSS пружинна система\n  * FCS 3 Drag - Шайбите, използвани в тази авансова система са направени в трислоен дизайн - един слой от фибростъкло плюс по един слой от карбонови влакна от двете му страни\n  * HS Drag - Гумено уплътнение на аванса\n  * Torqueshift 2 - зацепваща система с алуминиево машинно изрязано зъбно колело\n  * Dura Grease - Патентована грес за гладка и дълготрайна работа\n  * Dura Oil - иновативна смазка\n  * BR-S - Braid Ready Spool - Основна алуминиева шпула готова за плетено влакно, която елиминира необходимостта от моно подложка\n  * Кръгъл клипс на шпулата\n  * Aero Lip - специален ръб на шпулата, който помага по-далечно замятане\n  * 6+1 запечатани сачмени лагери от неръждаема стомана\n  * Dynamic Line Managment - безупречна система за редене на влакното\n  * SST Handle - Дръжка с вътрешна резба\n  * Мека на допир гумена ръкохватка\n  * Запечатана карбонова авансова система\n  * Покритие SW500 против корозия\n\n**Savage Gear SGS6 14000H FD**\n\n  * Тегло: 827гр\n  * Лагери: 6 + 1\n  * Предавателно число: 6.2:1\n  * Мъртва тяга: 21 кг\n  * Капацитет (mm / m): 0.46 / 285\n  * Навиване на влакно с 1 оборот – 134cm\n\n',380.00),(66,'Savage Gear SGS6 8000 FD Макара','Изработена от здрав и лек алуминиев корпус и карбоново подсилен композитен\nротор, макарата е проектирана да доставя най-добри резултати отново и отново.\nТя също така разполага с 6+1 запечатани стоманени сачмени лагери,\nвисокоефективна карбонова авансова система и нашата собствена смазка Dura -\nвсички те се комбинират, за да направят макарата устойчива на солена вода,\nтака че можете да разчитате на нея всеки път.\n\n  * Макара, устойчива на солена вода\n  * Kalloy Body - Алуминиево тяло\n  * CRC Карбонов ротор\n  * VSS пружинна система\n  * FCS 3 Drag - Шайбите, използвани в тази авансова система са направени в трислоен дизайн - един слой от фибростъкло плюс по един слой от карбонови влакна от двете му страни\n  * HS Drag - Гумено уплътнение на аванса\n  * Torqueshift 2 - зацепваща система с алуминиево машинно изрязано зъбно колело\n  * Dura Grease - Патентована грес за гладка и дълготрайна работа\n  * Dura Oil - иновативна смазка\n  * BR-S - Braid Ready Spool - Основна алуминиева шпула готова за плетено влакно, която елиминира необходимостта от моно подложка\n  * Кръгъл клипс на шпулата\n  * Aero Lip - специален ръб на шпулата, който помага по-далечно замятане\n  * 6+1 запечатани сачмени лагери от неръждаема стомана\n  * Dynamic Line Managment - безупречна система за редене на влакното\n  * SST Handle - Дръжка с вътрешна резба\n  * Мека на допир гумена ръкохватка\n  * Запечатана карбонова авансова система\n  * Покритие SW500 против корозия\n\n**Savage Gear SGS6 8000 FD**\n\n  * Тегло: 607гр\n  * Лагери: 6 + 1\n  * Предавателно число: 5.7:1\n  * Мъртва тяга: 13 кг\n  * Капацитет (mm / m): 0.38 / 255\n  * Навиване на влакно с 1 оборот – 110cm\n\n',320.00),(67,'Shimano Sienna 2000 FG Макара','**Shimano Sienna 2000 FG**\n\n  * Тегло: 250 g\n  * Лагери: 3 + 1\n  * Предавателно число: 5.0:1\n  * Мъртва тяга: 4 kg\n  * Обиране: 71 cm\n  * Капацитет: (mm / m) : 0.25-120\n\n',76.00),(68,'Shimano Nexave 1000 FI Макара','NEXAVE FI е новата версия на добре познатата с перфектната си работа NEXAVE\nFE. Отлична макара с преден аванс, която може да се използва за всички видове\nриболов в сладки води - от риболов с леки и средно тежки примамки за пъстърва,\nкостур, щука или бяла риба до големи платики и каракуди при мачов или фидер\nриболов.\n\nБлагодарение на трите си защитени лагера от неръждаема стомана в комбинация с\nперфектно регулируемия преден аванс, NEXAVE FI работи изключително гладко и се\nсправя без проблеми, когато закачите голяма риба. Моделът е изключително добро\nбюджетно решение както за начинаещи риболовци, така и за практикуващите дълги\nгодини.\n\nШпулата е изработена от студено кован алуминий. (AR-C Spool)\n\n**Shimano Nexave 1000 FI**\n\n  * Тегло: 220 g\n  * Лагери: 3 + 1\n  * Предавателно число: 5.0:1\n  * Мъртва тяга: 3 kg\n  * Обиране на влакно с един оборот: 66 cm\n  * Капацитет (mm / m):0.25 / 90\n\n',129.00),(69,'Shimano Nexave 6000 FE Макара','Nexave FE е подобрена версия на добре познатия предишен модел Nexave FD.\nNexave FE е спинингова макара с преден аванс, която може да бъде ползвана при\nвсякакви риболовни условия в сладка вода – със средно тежки и тежки примамки\nза щука, бяла риба и сом. Благодарение на 3-те си висококачествени лагери от\nнеръждаема стомана, макарата работи съвсем гладко и е с прецизно работещия\nаванс. Моделът е изключително добро бюджетно решение както за начинаещи, така\nи за опитни риболовци.\n\n**Shimano Nexave 6000 FE**\n\n  * Тегло: 595 g\n  * Лагери: 3 + 1\n  * Предавателно число: 4.9:1\n  * Мъртва тяга: 8 kg\n  * Обиране на влакно с един оборот: 92 cm\n  * Капацитет (mm / m):0.35 / 240\n\n',149.90),(70,'Shimano Nasci C2000S FC - 2021 Макара','**Shimano Nasci C2000S FC - 2021**\n\n  * Тегло: 205 g\n  * Лагери: 5 + 1\n  * Предавателно число: 5.0:1\n  * Мъртва тяга: 3 kg\n  * Обиране на влакно с един оборот: 79 cm\n  * Капацитет (mm / m):0.20 / 110\n\n',201.60),(71,'Shimano Miravel 2500 HG Макара','Представяме MIRAVEL, новото попълнение в редиците на спининговите макари при\nShimano.\n\nМакарата е лека но достатъчно мощна и в същото време изключително универсална,\nподходяща за различни видове риболов. Въпреки достъпната си цена при\nпроизводството са използвани редица технологии вграждани във флагманските\nмодели. MIRAVEL притежава легендарно въглеродно Ci4 тяло, осигуряващо здравина\nи лекота. Използвани са също така премиум технологии като HAGANE, Silent Drive\nи X-Ship, осигуряващи необходимита здравина, качество и надежност. Ловенето с\nShimano MIRAVEL носи удоволствие и приятни моменти по време на риболов.\n\n**Shimano Miravel 2500 HG**\n\n  * Тегло: 205 g\n  * Лагери: 5 + 1\n  * Предавателно число: 6.2:1\n  * Мъртва тяга: 4 kg\n  * Обиране на влакно с един оборот: 91 cm\n  * Капацитет (mm / m):0.25 / 160\n\n',232.20),(72,'Shimano Twin Power C5000 XG FD Макара','**Shimano Twin Power C5000 XG FD**\n\n  * Тегло: 275 g\n  * Лагери: 8 + 1\n  * Предавателно число: 6.2:1\n  * Мъртва тяга: 11 kg\n  * Обиране на влакно с един оборот: 101 cm\n  * Капацитет (mm / m):0.35 / 175\n\n',791.12),(73,'Shimano Twin Power 1000 FD Макара','**Shimano Twin Power 1000 FD**\n\n  * Тегло: 173 g\n  * Лагери: 8 + 1\n  * Предавателно число: 5.1:1\n  * Мъртва тяга: 3 kg\n  * Обиране на влакно с един оборот: 64 cm\n  * Капацитет (mm / m):0.18 / 170\n\n',739.20),(74,'Tailwalk Taigame DGN 63 Мултипликатор','**Tailwalk Taigame DGN 63**\n\n  * Тегло: 270 g\n  * Лагери: 5+1\n  * Предавателно число: 6.3:1\n  * Капацитет: PE 1.0 - 200 m\n  * Обиране: 73 cm\n  * Мъртва тяга: 5.5 kg\n\n',390.00),(75,'Savage Gear SG10 300 BC LH  7.3:1 Мултипликатор','**Savage Gear SG10 300 BC LH**\n\n  * Тегло: 238гр\n  * Лагери: 9+1BB(2ARB + 2JAB)\n  * Предавателно число: 7.3/1\n  * Капацитет: 320M/0.28MM\n  * Обиране (см/1 оборот): 91\n  * Мах. драг – 12.3кг\n\n',605.00),(76,'Savage Gear SG8 300 BC LH 7.3:1 Мултипликатор','  * Savage Gear SG8 300 BC LH\n  * Тегло: 245гр\n  * Лагери: 7+1BB(2JP)\n  * Предавателно число: 7.3/1\n  * Капацитет: 320M/0.28MM\n  * Обиране (см/1 оборот): 91\n  * Мах. драг – 11кг\n\n',500.00),(77,'Savage Gear SG6 300 BC LH 7.3:1 Мултипликатор','**Savage Gear SG6 300 BC LH**\n\n  * Тегло: 248гр\n  * Лагери: 5+1BB\n  * Предавателно число: 7.3/1\n  * Капацитет: 320M/0.28MM\n  * Обиране (см/1 оборот): 91\n  * Мах. драг – 9кг\n\n',460.00),(78,'Shimano Catana C3000 FE Макара','ЅНІМАNО Саtаnа FЕ e нaй-нoвaтa вepcия нa eднa oт ĸлacиĸитe нa мapĸaтa.\nMaĸapaтa e изpaбoтeнa зa pибoлoв в cлaдĸoвoдни вoдoeми, ĸaтo мoжe дa ce пoлзвa\nзa вcяĸaĸъв вид pибoлoв. Bceĸи pибoлoвeц би ocтaнaл пpиятнo изнeнaдaн oт тaзи\nмaĸapa.\n\nBeднaгa щe зaбeлeжитe пoдoбpeния бaлaнc, пopaди нaй-нoвия дизaйн нa тялoтo -\nG-FRЕЕ. Toзи дизaйн нa тялoтo мoжe дa ce нaмepи в нaй-дoбpитe мaĸapи нa\nЅНІМАNО. Глaдĸocттa, ĸoятo щe yceтитe пpи въpтeнe, идвa oт ĸoмбинaциятa oт 3\ncaчмeни лaгepa oт нepъждaeмa cтoмaнa и eдин poлĸoв лaгep, ĸoeтo гapaнтиpa\nбeзпpoблeмнa paбoтa, дopи ĸoгaтo ce бopитe c пo-гoлямa pибa. Πoдoбнo нa нaй-\nдoбpитe мaĸapи нa ЅНІМАNО, aлyминиeвaтa шпyлa имa АR-С дизaйн, ĸoйтo в\ncъчeтaниe cъc cиcтeмaтa VаrіЅрееd ІІ зa нapeждaнe нa влaĸнoтo, пoдoбpявa\npaзcтoяниeтo и тoчнocттa нa ĸacтинг, ĸaĸтo c мoнoфил, тaĸa и c плeтeни влaĸнa.\n\n**Shimano Catana C3000 FE**\n\n  * Тегло: 260 g\n  * Лагери: 3 + 1\n  * Предавателно число: 5.0:1\n  * Мъртва тяга: 8.5 kg\n  * Обиране на влакно с един оборот: 73 cm\n  * Капацитет (mm / m):0.25 / 210\n\n',98.00),(79,'Shimano Catana 2500 FE Макара','**Shimano Catana 2500 FE**\n\n  * Тегло: 260 g\n  * Лагери: 3 + 1\n  * Предавателно число: 5.0:1\n  * Мъртва тяга: 4 kg\n  * Обиране на влакно с един оборот: 73 cm\n  * Капацитет (mm / m):0.25 / 160\n\nSHIMANO Catana FE е най-новата версия на една от класиките на марката.\nМакарата е изработена за риболов в сладководни водоеми, като може да се ползва\nза всякакъв вид риболов. Всеки риболовец би останал приятно изненадан от тази\nмакара.\n\nВеднага ще забележите подобрения баланс, поради най-новия дизайн на тялото -\nG-FREE. Този дизайн на тялото може да се намери в най-добрите макари на\nSHIMANO. Гладкостта, която ще усетите при въртене, идва от комбинацията от 3\nсачмени лагера от неръждаема стомана и един ролков лагер, което гарантира\nбезпроблемна работа, дори когато се борите с по-голяма риба. Подобно на най-\nдобрите макари на SHIMANO, алуминиевата шпула има AR-C дизайн, който в\nсъчетание със системата VariSpeed II за нареждане на влакното, подобрява\nразстоянието и точността на кастинг, както с монофил, така и с плетени влакна.\n\n',98.00),(80,'Shimano Vanford 2500 S Макара','**Shimano Vanford 2500 S**\n\n  * Тегло: 175 g\n  * Лагери: 7 + 1\n  * Предавателно число: 5.3:1\n  * Мъртва тяга: 4 kg\n  * Обиране на влакно с един оборот: 78 cm\n  * Капацитет (mm / m):0.18 / 120\n\nShimano Magnum Light Rotor - Олекотен магнум ротор с асиметрично разположени\nелементи, осигуряваши плавно и балансирано въртене. Намалена инерцията на\nвъртене чрез намаляване теглото на ролката и изтъняване оптимално стените на\nротора, без да се губи здравина.\n\nShimano Micromodule II - Micromodule II, е уникална технология на Shimano\nподобряваща формата и гладкостта на зъбите и зъбните колела. Съвършен дизайн\nна елементите. Преследвайки идеалната форма и гладкост е постигнато много\nниско ниво на шум и плавно движение на предавките.\n\nShimano Silentdrive - Основният дизайн на цялото тяло и частите свързани с\nдвижението, се преразглеждат един по един. Изцяло са елиминирани фините\nразхлабвания, празнини, шейкове между части и детайли. Целевите области за\nподобрение включват задвижващо зъбно колело, червячен вал, шпилка на червячния\nвал, зъбно колело на червячния вал и така нататък. Постигнато е изключително\nгладко и безшумно въртене.\n\nLong stroke spool - Издължената форма на шпулата и скосените ръбове,\nподобряват с 4% полетното разстояние. Vanford може да достави примамката там,\nкъдето никога не е достигала.\n\nShimano X Protect - Специално изградена лабиринтна структура от няколко зъба с\nдобавена смазка между тях,предотвратява навлизането на вода между ротора и\nтялото на макарата. Едновременно с това се елиминира съпротивлението при\nтриенето между тези два елемента.\n\nShimano Hagane - Основното зъбно колело e изработено от едно цяло парче\nметална сплав, посредством технологията на Shimano HAGANE за студено\nформоване, без допълнителна обработка.Това осигурява гладкост, здравина,\nлекота и сила в самото сърце на макарата.\n\n',398.65),(81,'Atec Wesker 2500/0.8 Макара','Спининг макара с навито плетено влакно PE 0.8/150m.\n\n',88.00),(82,'Atec Flix 2500/0.8 Макара','Спининг макара с навито плетено влакно PE 0.8/150m\n\n',59.90),(83,'Shimano Sahara 2500 FJ Макара','B cpaвнeниe c пpeдишния мoдeл , нoвaтa ЅАНАRА FЈ e пo-лeĸa и c нoв дизaйн.\n\n  * **Ѕhіmаnо Ѕіlеntdrіvе -** Ocнoвният дизaйн нa цялoтo тялo и чacтитe cвъpзaни c движeниeтo, ce пpepaзглeждaт eдин пo eдин. Изцялo ca eлиминиpaни финитe paзxлaбвaния, пpaзнини, шeйĸoвe мeждy чacти и дeтaйли. Цeлeвитe oблacти зa пoдoбpeниe вĸлючвaт зaдвижвaщo зъбнo ĸoлeлo, чepвячeн вaл, шпилĸa нa чepвячния вaл, зъбнo ĸoлeлo нa чepвячния вaл и тaĸa нaтaтъĸ. Πocтигнaтo e изĸлючитeлнo глaдĸo и бeзшyмнo въpтeнe.\n  * **Ѕhіmаnо Наgаnе -** Ocнoвнoтo зъбнo ĸoлeлo е изpaбoтeнo oт eднo цялo пapчe мeтaлнa cплaв, пocpeдcтвoм тexнoлoгиятa нa Ѕhіmаnо НАGАNЕ зa cтyдeнo фopмoвaнe, бeз дoпълнитeлнa oбpaбoтĸa.Toвa ocигypявa глaдĸocт, здpaвинa, лeĸoтa и cилa в caмoтo cъpцe нa мaĸapaтa.\n  * **Х-ЅНІР** \\- cпeциaлнo paзpaбoтeнa cиcтeмa нa пpeдaвĸaтa oт мнoжecтвo eлeмeнти ĸoитo yвeличaвaт cилaтa и мoщтa. Πocpeдcтвoм пo-гoлeмия диaмeтъp и цeнтpaлнoтo paзпoлoжeниe нa ocнoвнoтo зъбнo ĸoлeлo и пpeдaвĸaтa, oт дpъжĸaтa ĸъм poтopa нa мaĸapaтa ce пpexвъpля пo гoлямa мoщ. Πpeдaвĸaтa oт cвoя cтpaнa ce пoддъpжa oт двa poлĸoви Ѕhіmаnо АRВ лaгepa зa дoпълнитeлнa cтaбилнocт.\n  * **G-frее bоdу -** вoди дo мнoгo cилнa и глaдĸо движeщa ce мaĸapa, ĸoятo ocтaвa в бaлaнc, дoĸaтo ce нaвивa c виcoĸa cĸopocт.\n\n  \n\n**Shimano Sahara 2500 FJ**\n\n  * Тегло: 240 g\n  * Лагери: 4 + 1\n  * Предавателно число: 5.0:1\n  * Навиване на влакно с 1 оборот - 73см\n  * Мъртва тяга: 9 kg\n  * Капацитет (mm / m):0.25 / 160\n\n',188.00),(84,'Savage Gear SG4Ag 2500H FD Макара','Силна, лека и гладка, SG4AG е макара, която предлага производителност толкова\nдобра, колкото изглежда. Конструирана с корпус и ротор от подсилен с въглерод\nкомпозит (CRC) и здрави и леки алуминиеви компоненти. Разполага с 6+1 сачмени\nлагери от неръждаема стомана, включително два висококачествени японски сачмени\nлагера и се възползва от нашата патентована грес DuraGrease, която предпазва\nот корозия и износване. Както всички макари на Savage Gear, SG4AG е направена\nс нашите собствени специфични инструменти и иновативни идеи, включително\nизработена по поръчка Т-образен клипс за по-лесна работа.\n\n  * Корпус и ротор от подсилен с въглерод композит (CRC).\n  * Dura Grease\n  * 6+1 сачмени лагери от неръждаема стомана (включително два японски BB)\n  * Винтова алуминиева дръжка\n  * Мека на допир дръжка\n  * Резервна алуминиева шпула\n  * Аванс система от карбонови шайби\n\n  \n\n**Savage Gear SG4Ag 2500H FD**\n\n  * Тегло: 215 g\n  * Лагери: 6 + 1\n  * Предавателно число: 6.2:1\n  * Мъртва тяга: 12.5 kg\n  * Обиране на влакно с един оборот: 82 cm\n  * Капацитет (mm / m):0.20 / 150\n\n',209.00),(85,'Scierra Traxion 1 LW Fly Reel Spool Шпула за мухарска макара','  * Изрязана от един блок алуминий клас 6061\n  * Водоустойчива микрорегулируема драг система\n  * Лесна промяна на посоката на навиване\n  * Тегло: 49гр\n\n',119.00),(86,'Savage Gear SG6 BC 250 LH Мултипликатор','Стилна макара, проектирана да се отличава при замятане с малки, също така и с\nголеми примамки, благодарение на олекотения си дизайн и фино настроени части.\nКомпактното и ергономично проектирано тяло, включващо здрава алуминиева рамка,\nулеснява работата на риболовеца, когато се борави с голяма риба.\n\n  * EDP ​​боядисана алуминиева рамка\n  * Отделен макародържач от неръждаема стомана\n  * 5+1 стоманени сачмени лагери\n  * Мека на допир гумена дръжка\n  * Месингов червячен вал\n\n**Savage Gear SG6 BC 250 LH**\n\n  * Тегло: 192 g\n  * Лагери: 5 + 1\n  * Предавателно число: 8.1:1\n  * Мъртва тяга: 6 kg\n  * Обиране на влакно с един оборот: 85 cm\n  * Капацитет (mm / m):0.25 / 180\n\n',349.00),(87,'Savage Gear SG4Ag 4000 FD Макара','Силна, лека и гладка, SG4AG е макара, която предлага производителност толкова\nдобра, колкото изглежда. Конструирана с корпус и ротор от подсилен с въглерод\nкомпозит (CRC) и здрави и леки алуминиеви компоненти. Разполага с 6+1 сачмени\nлагери от неръждаема стомана, включително два висококачествени японски сачмени\nлагера и се възползва от нашата патентована грес DuraGrease, която предпазва\nот корозия и износване. Както всички макари на Savage Gear, SG4AG е направена\nс нашите собствени специфични инструменти и иновативни идеи, включително\nизработена по поръчка Т-образен клипс за по-лесна работа.\n\n  * Корпус и ротор от подсилен с въглерод композит (CRC).\n  * Dura Grease\n  * 6+1 сачмени лагери от неръждаема стомана (включително два японски BB)\n  * Винтова алуминиева дръжка\n  * Мека на допир дръжка\n  * Резервна алуминиева шпула\n  * Аванс система от карбонови шайби\n\n**Savage Gear SG4Ag 4000 FD**\n\n  * Тегло: 249 g\n  * Лагери: 6 + 1\n  * Предавателно число: 5.2:1\n  * Мъртва тяга: 15 kg\n  * Обиране на влакно с един оборот: 81 cm\n  * Капацитет (mm / m):0.28 / 150\n\n',215.00),(88,'Savage Gear SG4Ag 3000H FD Макара','Силна, лека и гладка, SG4AG е макара, която предлага производителност толкова\nдобра, колкото изглежда. Конструирана с корпус и ротор от подсилен с въглерод\nкомпозит (CRC) и здрави и леки алуминиеви компоненти. Разполага с 6+1 сачмени\nлагери от неръждаема стомана, включително два висококачествени японски сачмени\nлагера и се възползва от нашата патентована грес DuraGrease, която предпазва\nот корозия и износване. Както всички макари на Savage Gear, SG4AG е направена\nс нашите собствени специфични инструменти и иновативни идеи, включително\nизработена по поръчка Т-образен клипс за по-лесна работа.\n\n  * Корпус и ротор от подсилен с въглерод композит (CRC).\n  * Dura Grease\n  * 6+1 сачмени лагери от неръждаема стомана (включително два японски BB)\n  * Винтова алуминиева дръжка\n  * Мека на допир дръжка\n  * Резервна алуминиева шпула\n  * Аванс система от карбонови шайби\n\n  \n\n**Savage Gear SG4Ag 3000H FD** ****\n\n  * Тегло: 220 g\n  * Лагери: 6 + 1\n  * Предавателно число: 6.2:1\n  * Мъртва тяга: 12.5 kg\n  * Обиране на влакно с един оборот: 89 cm\n  * Капацитет (mm / m):0.23 / 150\n\n',209.00),(89,'Savage Gear SG4Ag 3000 FD Макара','Силна, лека и гладка, SG4AG е макара, която предлага производителност толкова\nдобра, колкото изглежда. Конструирана с корпус и ротор от подсилен с въглерод\nкомпозит (CRC) и здрави и леки алуминиеви компоненти. Разполага с 6+1 сачмени\nлагери от неръждаема стомана, включително два висококачествени японски сачмени\nлагера и се възползва от нашата патентована грес DuraGrease, която предпазва\nот корозия и износване. Както всички макари на Savage Gear, SG4AG е направена\nс нашите собствени специфични инструменти и иновативни идеи, включително\nизработена по поръчка Т-образен клипс за по-лесна работа.\n\n  * Корпус и ротор от подсилен с въглерод композит (CRC).\n  * Dura Grease\n  * 6+1 сачмени лагери от неръждаема стомана (включително два японски BB)\n  * Винтова алуминиева дръжка\n  * Мека на допир дръжка\n  * Резервна алуминиева шпула\n  * Аванс система от карбонови шайби\n\n  \n\n**Savage Gear SG4Ag 3000 FD** ****\n\n  * Тегло: 220 g\n  * Лагери: 6 + 1\n  * Предавателно число: 5.2:1\n  * Мъртва тяга: 12.5 kg\n  * Обиране на влакно с един оборот: 75 cm\n  * Капацитет (mm / m):0.23 / 150\n\n',209.00),(90,'Savage Gear SG4Ag 2500 FD Макара','Силна, лека и гладка, SG4AG е макара, която предлага производителност толкова\nдобра, колкото изглежда. Конструирана с корпус и ротор от подсилен с въглерод\nкомпозит (CRC) и здрави и леки алуминиеви компоненти. Разполага с 6+1 сачмени\nлагери от неръждаема стомана, включително два висококачествени японски сачмени\nлагера и се възползва от нашата патентована грес DuraGrease, която предпазва\nот корозия и износване. Както всички макари на Savage Gear, SG4AG е направена\nс нашите собствени специфични инструменти и иновативни идеи, включително\nизработена по поръчка Т-образен клипс за по-лесна работа.\n\n  * Корпус и ротор от подсилен с въглерод композит (CRC).\n  * Dura Grease\n  * 6+1 сачмени лагери от неръждаема стомана (включително два японски BB)\n  * Винтова алуминиева дръжка\n  * Мека на допир дръжка\n  * Резервна алуминиева шпула\n  * Аванс система от карбонови шайби\n\n  \n\n**Savage Gear SG4Ag 2500 FD** ****\n\n  * Тегло: 215 g\n  * Лагери: 6 + 1\n  * Предавателно число: 5.2:1\n  * Мъртва тяга: 12.5 kg\n  * Обиране на влакно с един оборот: 69 cm\n  * Капацитет (mm / m):0.20 / 150\n\n',209.00),(91,'Savage Gear SG4Ag 1000 FD Макара','Силна, лека и гладка, SG4AG е макара, която предлага производителност толкова\nдобра, колкото изглежда. Конструирана с корпус и ротор от подсилен с въглерод\nкомпозит (CRC) и здрави и леки алуминиеви компоненти. Разполага с 6+1 сачмени\nлагери от неръждаема стомана, включително два висококачествени японски сачмени\nлагера и се възползва от нашата патентована грес DuraGrease, която предпазва\nот корозия и износване. Както всички макари на Savage Gear, SG4AG е направена\nс нашите собствени специфични инструменти и иновативни идеи, включително\nизработена по поръчка Т-образен клипс за по-лесна работа.\n\n  * Корпус и ротор от подсилен с въглерод композит (CRC).\n  * Dura Grease\n  * 6+1 сачмени лагери от неръждаема стомана (включително два японски BB)\n  * Винтова алуминиева дръжка\n  * Мека на допир дръжка\n  * Резервна алуминиева шпула\n  * Аванс система от карбонови шайби\n\n  \n\n**Savage Gear SG4Ag 1000 FD**\n\n  * Тегло: 189 g\n  * Лагери: 6 + 1\n  * Предавателно число: 5.2:1\n  * Мъртва тяга: 9.5 kg\n  * Обиране на влакно с един оборот: 60 cm\n  * Капацитет (mm / m):0.14 / 150\n\n',205.00),(92,'Shimano Twin Power C3000 XG FD Макара','**Shimano Twin Power C3000 XG FD**\n\n  * Тегло: 220 g\n  * Лагери: 8 + 1\n  * Предавателно число: 6.4:1\n  * Мъртва тяга: 9 kg\n  * Обиране на влакно с един оборот: 94 cm\n  * Капацитет (mm / m):0.30 / 130\n\n  \n\nΠoдoбнo нa пpeдшecтвeницитe, нoвитe мoдeли FD ca бaзиpaни нa дoĸaзaнa\nтexнoлoгия:\n\nЗaпoчвaйĸи cъc зaщитнaтa cиcтeмa Х-Рrоtесt cpeщy пpoниĸвaщи чacтици вoдa и\nмpъcoтия, пpeз тялoтo и зъбнoтo ĸoлeлo Наgаnе, дo пpъcтeнa c пoĸpитиe oт титaн\nи cиcтeмaтa Х-Ѕhір - двoйнитe въpтящи ce бapaбaни във вepcиятa FD ca\noбopyдвaни c вcичĸи тexнoлoгии\n\n',774.40),(93,'Shimano Twin Power 4000 PG FD Макара','**Shimano Twin Power 4000 PG FD**\n\n  * Тегло: 275 g\n  * Лагери: 8 + 1\n  * Предавателно число: 4.4:1\n  * Мъртва тяга: 11 kg\n  * Обиране на влакно с един оборот: 72 cm\n  * Капацитет (mm / m):0.30 / 180\n\nΠoдoбнo нa пpeдшecтвeницитe, нoвитe мoдeли FD ca бaзиpaни нa дoĸaзaнa\nтexнoлoгия:\n\nЗaпoчвaйĸи cъc зaщитнaтa cиcтeмa Х-Рrоtесt cpeщy пpoниĸвaщи чacтици вoдa и\nмpъcoтия, пpeз тялoтo и зъбнoтo ĸoлeлo Наgаnе, дo пpъcтeнa c пoĸpитиe oт титaн\nи cиcтeмaтa Х-Ѕhір - двoйнитe въpтящи ce бapaбaни във вepcиятa FD ca\noбopyдвaни c вcичĸи тexнoлoгии\n\n',791.12),(94,'Shimano Nexave 4000 FI Макара','**Shimano Nexave 4000 FI**\n\n  * Тегло: 305 g\n  * Лагери: 3 + 1\n  * Предавателно число: 5.2:1\n  * Мъртва тяга: 11 kg\n  * Обиране на влакно с един оборот: 83 cm\n  * Капацитет (mm / m):0.30 / 180\n\n  \n\nОтлична макара с преден аванс, която може да се използва за всички видове\nриболов в сладки води - от риболов с леки и средно тежки примамки.\n\nБлагодарение на трите си защитени лагера от неръждаема стомана в комбинация с\nперфектно регулируемия преден аванс, NEXAVE FI работи изключително гладко и се\nсправя без проблеми, когато закачите голяма риба.\n\n',139.00),(95,'Shimano Nexave 2500 S FI Макара','**Shimano Nexave 2500 S FI**\n\n  * Тегло: 265 g\n  * Лагери: 3 + 1\n  * Предавателно число: 5.0:1\n  * Мъртва тяга: 4 kg\n  * Обиране на влакно с един оборот: 73 cm\n  * Капацитет (mm / m):0.18 / 120\n\n  \n\nОтлична макара с преден аванс, която може да се използва за всички видове\nриболов в сладки води - от риболов с леки и средно тежки примамки.\n\nБлагодарение на трите си защитени лагера от неръждаема стомана в комбинация с\nперфектно регулируемия преден аванс, NEXAVE FI работи изключително гладко и се\nсправя без проблеми, когато закачите голяма риба.\n\n',134.00),(96,'Savage Gear SGS8 18000 FD Макара','Това е нашият нов SGS8, напълно покрита с SW500. Макарата е устойчива на\nсолена вода и по други начини, включително нейните запечатани 8+1 стоманени\nсачмени лагери, запечатана система за аванса и лек и здрав алуминиев корпус и\nротор от композитен материал, подсилен с карбон.\n\nВъзможността да издържате на постоянни нападения от солена вода обаче не е\nединственото качество на тази макара. Тя също така разполага с нашата система\nза плъзгане на триенето FCS 3, която съдържа шайби, направени в трислоен\nдизайн – слой от фибростъкло със слой от въглеродни влакна от двете страни.\nТова придава на шайбите ненадмината твърдост, което води до ултра-гладко и\nмощно съпротивление, спиращо рибата – това също така означава, че могат да се\nобръщат и да се използват от двете страни, за да се удължи живота им.\n\n  * Макара, устойчива на солена вода\n  * Kalloy Body - Алуминиево тяло\n  * CRC Карбонов ротор\n  * VSS пружинна система\n  * FCS 3 Drag - Шайбите, използвани в тази авансова система са направени в трислоен дизайн - един слой от фибростъкло плюс по един слой от карбонови влакна от двете му страни\n  * HS Drag - Гумено уплътнение на аванса\n  * Torqueshift 2 - зацепваща система с алуминиево машинно изрязано зъбно колело\n  * Dura Grease - Патентована грес за гладка и дълготрайна работа\n  * Dura Oil - иновативна смазка\n  * BR-S - Braid Ready Spool - Основна алуминиева шпула готова за плетено влакно, която елиминира необходимостта от моно подложка\n  * Кръгъл клипс на шпулата\n  * Aero Lip - специален ръб на шпулата, който помага по-далечно замятане\n  * 8+1 запечатани сачмени лагери от неръждаема стомана\n  * Dynamic Line Managment - безупречна система за редене на влакното\n  * SST Handle - Дръжка с вътрешна резба\n  * Кръгла голяма ръкохватка за удобство и сила\n  * Запечатана карбонова авансова система\n  * Покритие SW500 против корозия\n\n  \n\n**Savage Gear SGS8 18000 FD**\n\n  * Тегло: 851гр\n  * Лагери: 8 + 1\n  * Предавателно число: 5.3:1\n  * Мъртва тяга: 21 кг\n  * Капацитет (mm / m): 0.46 / 400\n  * Навиване на влакно с 1 оборот – 135cm\n\n',475.00),(97,'Savage Gear Sticklebait Spinner #3 9.1g Въртяща блесна','Тази въртяща се блесна е създадена въз основа на 3D сканиране на малкa рибка -\nбодливка (sticklebait). Блесната развърта моментално, без значение дали ловите\nпо течението или задържате срещу него. Подходящa е за риболов на костур, бяла\nриба и щука.\n\n  * 3D сканирани детайли\n  * Моментално завъртане\n  * Тегло: 9.1гр\n  * Куки: 1 брой SGY 1X тройна кука номер #6 и 1 брой GPS единична кука номер #2\n\n',12.80),(98,'Savage Gear Grub Spinners #2 5.8g Въртяща блесна','Тяло с форма на ларва, съчетано с уникално действие, тази блесна гарантирано\nще примамва гладните хищници. Блесната развърта моментално, без значение дали\nловите по течението или задържате срещу него.\n\n  * 3D сканирани детайли\n  * Моментално завъртане\n  * Тегло: 5.8гр\n  * Куки: 1 брой SGY 1X тройна кука номер #8 и 1 брой GPS единична кука номер #4\n\n',9.10),(99,'Savage Gear Sticklebait Spinner #2 7.3g Въртяща блесна','Тази въртяща се блесна е създадена въз основа на 3D сканиране на малкa рибка -\nбодливка (sticklebait). Блесната развърта моментално, без значение дали ловите\nпо течението или задържате срещу него. Подходящa е за риболов на костур, бяла\nриба и щука.\n\n  * 3D сканирани детайли\n  * Моментално завъртане\n  * Тегло: 7.3гр\n  * Куки: 1 брой SGY 1X тройна кука номер #8 и 1 брой GPS единична кука номер #4\n\n',12.30),(100,'Savage Gear Sticklebait Spinner #1 4.5g Въртяща блесна','Тази въртяща се блесна е създадена въз основа на 3D сканиране на малкa рибка -\nбодливка (sticklebait). Блесната развърта моментално, без значение дали ловите\nпо течението или задържате срещу него. Подходящa е за риболов на костур, бяла\nриба и щука.\n\n  * 3D сканирани детайли\n  * Моментално завъртане\n  * Тегло: 4.5гр\n  * Куки: 1 брой SGY 1X тройна кука номер #12 и 1 брой GPS единична кука номер #6\n\n',11.80),(101,'Savage Gear Grub Spinners #0 2.2g Въртяща блесна','Тяло с форма на ларва, съчетано с уникално действие, тази блесна гарантирано\nще примамва гладните хищници. Блесната развърта моментално, без значение дали\nловите по течението или задържате срещу него.\n\n  * 3D сканирани детайли\n  * Моментално завъртане\n  * Тегло: 2.2гр\n  * Куки: 1 брой SGY 1X тройна кука номер #12 и 1 брой GPS единична кука номер #8\n\n',8.80),(102,'Savage Gear Grub Spinners #1 3.8g Въртяща блесна','Тяло с форма на ларва, съчетано с уникално действие, тази блесна гарантирано\nще примамва гладните хищници. Блесната развърта моментално, без значение дали\nловите по течението или задържате срещу него.\n\n  * 3D сканирани детайли\n  * Моментално завъртане\n  * Тегло: 3.8гр\n  * Куки: 1 брой SGY 1X тройна кука номер #10 и 1 брой GPS единична кука номер #6\n\n',8.90),(103,'Rodio Craft Noa-L 0.7g Блесна клатушка','Noa вероятно са най-популярните клатушки на Rodio Craft. Подходящи са за\nизползване като пилотна примамка, когато ловим на ново място. Рибите бързо\nзабелязват нейното присъствие и следват удари. Новият модел Noa-L (Noa Little)\nноси характерните особености на серията, с размер по-голям от Noa-M и по-малък\nот Noa-Jr.\n\n  * Дължина: 1.8см\n  * Тегло: 0.7гр\n\n',13.90),(104,'Rodio Craft Cha2 2.8g Блесна клатушка','Rodio Craft Cha2 е колебаеща се блесна с японско качество. Благодарение на\nфизическите си параметри и съотношението на площта към масата, тя има отлични\nполетни възможности. Подходяща е за проводки близо до дъното и за места с по-\nголяма дълбочина.\n\n  * Тегло: 2.8гр\n\n',13.90),(105,'Rodio Craft Cha2 2.2g Блесна клатушка','Rodio Craft Cha2 е колебаеща се блесна с японско качество. Благодарение на\nфизическите си параметри и съотношението на площта към масата, тя има отлични\nполетни възможности. Подходяща е за проводки близо до дъното и за места с по-\nголяма дълбочина.\n\n  * Тегло: 2.2гр\n\n',13.90),(106,'Rodio Craft Jekyll Jr. 0.7g Блесна клатушка','Rodio Craft е японска компания, която произвежда висококачествени клатушки,\nпредназначени основно за риболов на пъстърва. При пълен цикъл на производство\nв Япония, прецизно подбрани размер и тегло, избор между различни модели,\nполучаваме като резултат страхотна примамка, която може да се води ефективно\nдори с много ниска скорост. Rodio Craft залагат на уникална цветова гама,\nразработена съвместно с биолози, създадена за всеки сезон от годината, за\nвсяко време от деня, за специфичните особености на различни водоеми.\n\n  * Тегло: 0.7гр\n\n',13.90),(107,'Rodio Craft Jekyll Jr. 0.9g Блесна клатушка','Rodio Craft е японска компания, която произвежда висококачествени клатушки,\nпредназначени основно за риболов на пъстърва. При пълен цикъл на производство\nв Япония, прецизно подбрани размер и тегло, избор между различни модели,\nполучаваме като резултат страхотна примамка, която може да се води ефективно\nдори с много ниска скорост. Rodio Craft залагат на уникална цветова гама,\nразработена съвместно с биолози, създадена за всеки сезон от годината, за\nвсяко време от деня, за специфичните особености на различни водоеми.\n\n  * Тегло: 0.9гр\n\n',13.90),(108,'Rodio Craft Jekyll Jr. 1.1g Блесна клатушка','Rodio Craft е японска компания, която произвежда висококачествени клатушки,\nпредназначени основно за риболов на пъстърва. При пълен цикъл на производство\nв Япония, прецизно подбрани размер и тегло, избор между различни модели,\nполучаваме като резултат страхотна примамка, която може да се води ефективно\nдори с много ниска скорост. Rodio Craft залагат на уникална цветова гама,\nразработена съвместно с биолози, създадена за всеки сезон от годината, за\nвсяко време от деня, за специфичните особености на различни водоеми.\n\n  * Тегло: 1.1гр\n\n',13.90),(109,'Rodio Craft Jekyll 1.8g Блесна клатушка','Rodio Craft е японска компания, която произвежда висококачествени клатушки,\nпредназначени основно за риболов на пъстърва. При пълен цикъл на производство\nв Япония, прецизно подбрани размер и тегло, избор между различни модели,\nполучаваме като резултат страхотна примамка, която може да се води ефективно\nдори с много ниска скорост. Rodio Craft залагат на уникална цветова гама,\nразработена съвместно с биолози, създадена за всеки сезон от годината, за\nвсяко време от деня, за специфичните особености на различни водоеми.\n\n  * Тегло: 1.8гр\n\n',13.90),(110,'Rodio Craft Noa-S 1.4g Блесна клатушка','Клатушките от серията Noa на Rodio Craft имат равномерно извита форма на\nтялото, с малки, противоположно извити части в горната и долната част. Ясно\nизразената капковидна форма е друга отличителна черта на модела като в края е\nмалко по-дебела, което позволява да променя движението си във водата\nнеконтролируемо. Noa-S са идеални за равномерно водене или с кратки паузи.\n\n  * Тегло:1.4гр\n\n',13.90),(111,'Rodio Craft Noa 1.5g Блесна клатушка','Клатушките от серията Noa на Rodio Craft са силно привлекателни за активните и\nсредно активни риби в периметъра, така че скоро след замятане можете да\nочаквате удар. Предлагат се в широка гама от цветове, между които можете да\nизбирате според конкретните условия на водоема.\n\n  * Тегло: 1.5гр\n\n',13.90),(112,'Rodio Craft Noa 2.1g Блесна клатушка','Клатушките от серията Noa на Rodio Craft са силно привлекателни за активните и\nсредно активни риби в периметъра, така че скоро след замятане можете да\nочаквате удар. Предлагат се в широка гама от цветове, между които можете да\nизбирате според конкретните условия на водоема.\n\n  * Тегло: 2.1гр\n\n',13.90),(113,'Rodio Craft Noa Jr. 0.9g Блесна клатушка','Noa Jr. са изключително атрактивни блесни клатушки от японския производител\nRodio Craft. Моделът Jr e с най-малки размери сред разновидностите на Noa,\nкато запазва характерната капковидна форма без остри ръбове и неповторимото\nдвижение.\n\n  * Тегло:0.9гр\n\n',13.90),(114,'Rodio Craft Noa Jr. 1.4g Блесна клатушка','Noa са изключително атрактивни блесни клатушки от японския производител Rodio\nCraft. Моделът Jr e с най-малки размери сред разновидностите на Noa, като\nзапазва характерната капковидна форма без остри ръбове и неповторимото\nдвижение.\n\n  * Тегло:1.4гр\n\n',13.90),(115,'Rodio Craft Noa-S 1.0g Блесна клатушка','Клатушките от серията Noa на Rodio Craft имат равномерно извита форма на\nтялото, с малки, противоположно извити части в горната и долната част. Ясно\nизразената капковидна форма е друга отличителна черта на модела като в края е\nмалко по-дебела, което позволява да променя движението си във водата\nнеконтролируемо. Noa-S са идеални за равномерно водене или с кратки паузи.\n\n  * Тегло:1.0гр\n\n',13.90),(116,'Rodio Craft Noa Jr. 1.2g Блесна клатушка','Noa Jr e най-малката клатушка сред разновидностите на Noa, създадени за\nриболов на пъстърва. Тя е по-тясна и по-къса от останалите модели, но запазва\nхарактерната капковидна форма без остри ръбове и неповторимото си движение.\nОборудвана е с единична кука без контра\n\n  * Тегло:1.2гр\n\n',13.90),(117,'Rodio Craft Noa 1.8g Блесна клатушка','Клатушките от серията Noa на Rodio Craft са силно привлекателни за активните и\nсредно активни риби в периметъра, така че скоро след замятане можете да\nочаквате удар. Предлагат се в широка гама от цветове, между които можете да\nизбирате според конкретните условия на водоема.\n\n  * Тегло:1.8гр\n\n',13.90),(118,'Rodio Craft QM 3.3g Блесна клатушка','QM са ефективни клатушки за риболов на пъстърва на компанията Rodio Craft. Има\nдобър кастинг, което позволява с него да се облавят и по-далечни участъци.\n\n  * Дължина:3.2см\n  * Тегло:3.3гр\n\n',13.90),(119,'Rodio Craft QM 2.8g Блесна клатушка','QM са ефективни клатушки за риболов на пъстърва на компанията Rodio Craft. Има\nдобър кастинг, което позволява с него да се облавят и по-далечни участъци.\n\n  * Дължина:3.2см\n  * Тегло:2.8гр\n\n',13.90),(120,'Shimano Cardiff Search Swimmer 1.8g Блесна клатушка','Kлaтyшĸa oт ЅНІМАNО c xибpиднa фopмa, ĸoятo paбoти мнoгo дoбpe c paзлични\nпpoвoдĸи. Изĸлючитeлнo пoдxoдящa ĸлaтyшĸa зa pибoлoв нa вoдoeми, в ĸoитo\npибитe ca в лeтapгия.\n\n  * Teглo: 1.8гp\n\n',9.70),(121,'Shimano Cardiff Search Swimmer 2.5g Блесна клатушка','Kлaтyшĸa oт ЅНІМАNО c xибpиднa фopмa, ĸoятo paбoти мнoгo дoбpe c paзлични\nпpoвoдĸи. Изĸлючитeлнo пoдxoдящa ĸлaтyшĸa зa pибoлoв нa вoдoeми, в ĸoитo\npибитe ca в лeтapгия.\n\n  * Teглo: 2.5гp\n\n',9.70),(122,'Shimano Cardiff Search Swimmer 3.5g Блесна клатушка','Kлaтyшĸa oт ЅНІМАNО c xибpиднa фopмa, ĸoятo paбoти мнoгo дoбpe c paзлични\nпpoвoдĸи. Изĸлючитeлнo пoдxoдящa ĸлaтyшĸa зa pибoлoв нa вoдoeми, в ĸoитo\npибитe ca в лeтapгия.\n\n  * Teглo: 3.5гp\n\n',10.80),(123,'Shimano Cardiff Roll Swimmer Premium 1.5g Блесна клатушка','С малко по-малък и по-компактен силует от конвенционалните ролкови клатушки,\nRoll Swimmer \"захапва\" водата, когато се движи, за да създаде по-широко\nклатещо действие, особено когато се изтегля много бавно.\n\n  * Тегло: 1.5гр\n\n',13.60),(124,'Shimano Cardiff Roll Swimmer Premium 2.5g Блесна клатушка','С малко по-малък и по-компактен силует от конвенционалните ролкови клатушки,\nRoll Swimmer \"захапва\" водата, когато се движи, за да създаде по-широко\nклатещо действие, особено когато се изтегля много бавно.\n\n  * Тегло: 2.5гр\n\n',13.60),(125,'Shimano Cardiff Wobble Swimmer 1.5g Блесна клатушка','Фopмaтa нa ЅНІМАNО Саrdіff Wоbblе Ѕwіmmеr e пoдxoдящa зa мaлĸo пo-бъpзa\nпpoвoдĸa, ĸoeтo e мнoгo eфeĸтивнo, aĸo pибитe ce xpaнят в пo-гopнитe cлoeвe нa\nвoдaтa. Πo-бaвнaтa пpoвoдĸa пpeдизвиĸвa cилнo ĸлaтyшĸaнe и тaĸa пpивличa\nдoпълнитeлнo xищнитe pиби.\n\n  * Дължинa: 28мм\n  * Teглo: 2.5гp\n\n',11.60),(126,'Shimano Cardiff Wobble Swimmer 2.5g Блесна клатушка','Фopмaтa нa ЅНІМАNО Саrdіff Wоbblе Ѕwіmmеr e пoдxoдящa зa мaлĸo пo-бъpзa\nпpoвoдĸa, ĸoeтo e мнoгo eфeĸтивнo, aĸo pибитe ce xpaнят в пo-гopнитe cлoeвe нa\nвoдaтa. Πo-бaвнaтa пpoвoдĸa пpeдизвиĸвa cилнo ĸлaтyшĸaнe и тaĸa пpивличa\nдoпълнитeлнo xищнитe pиби.\n\n  * Дължинa: 30мм\n  * Teглo: 2.5гp\n\n',11.60),(127,'Shimano Cardiff Slim Swimmer 3.6g Блесна клатушка','Tънĸия пpoфил нa клатушката ЅНІМАNО Саrdіff Ѕlіm Ѕwіmmеr дoпpинacя зa дaлeчeн\nĸacтинг. Paвнoтo paзпpeдeлeниe нa тeглoтo зaбaвя пaдaнeтo нa ĸлaтyшĸaтa и тaĸa\nпepфeĸтнo oблaвятe пo-гopнитe cлoeвe нa вoдaтa.\n\n  * Teглo - 3.6гp\n\n',10.80),(128,'Shimano Cardiff Slim Swimmer 2.0g Блесна клатушка','Tънĸия пpoфил нa клатушката ЅНІМАNО Саrdіff Ѕlіm Ѕwіmmеr дoпpинacя зa дaлeчeн\nĸacтинг. Paвнoтo paзпpeдeлeниe нa тeглoтo зaбaвя пaдaнeтo нa ĸлaтyшĸaтa и тaĸa\nпepфeĸтнo oблaвятe пo-гopнитe cлoeвe нa вoдaтa.\n\n  * Teглo - 2.0гp\n\n',9.70),(129,'Shimano Cardiff Roll Swimmer Camo 1.5g Блесна клатушка','С малко по-малък и по-компактен силует от конвенционалните ролкови клатушки,\nRoll Swimmer \"захапва\" водата, когато се движи, за да създаде по-широко\nклатещо действие, особено когато се изтегля много бавно.\n\nТегло: 1.5гр\n\n',11.60),(130,'Shimano Cardiff Roll Swimmer Camo 2.5g Блесна клатушка','С малко по-малък и по-компактен силует от конвенционалните ролкови клатушки,\nRoll Swimmer \"захапва\" водата, когато се движи, за да създаде по-широко\nклатещо действие, особено когато се изтегля много бавно.\n\n  * Тегло: 2.5гр\n\n',12.70),(131,'Shimano Cardiff Roll Swimmer Camo 3.5g Блесна клатушка','С малко по-малък и по-компактен силует от конвенционалните ролкови клатушки,\nRoll Swimmer \"захапва\" водата, когато се движи, за да създаде по-широко\nклатещо действие, особено когато се изтегля много бавно.\n\nТегло: 3.5гр\n\n',13.60),(132,'Yarie Blender 1.5g Блесна','**Yarie Blender** е въртяща блесна, създадена за риболов на пъстърва, но\nотлично се представя и в риболова на кефал и костур.\n\nТрапецовидното тяло на утежнението и интегрираното листо на самата ос\nпредотвратяват усукването на линията, което позволява ползването на фини\nлинии. Блесната развърта моментално, без значение дали ловите по течението или\nзадържате срещу него.\n\nПроизведена с изключителна японска прецизност и внимание в Япония.\n\n  * Тегло: 1.5гр\n\n',14.50),(133,'Yarie Dove WF 20g Блесна клатушка','N/A\n\n',24.00),(134,'Savage Gear Nails Micro Spoon Kit 1 Комплект клатушки','Ултра реалистични клатушки проектирани с съвършенство във всеки малък детайл.\n\n  * Истинско сребърно и медно покритие\n  * Ръчно боядисана и тествана\n  * Японска тройна кука\n  * 10 броя в 5 различни цвята\n  * 2 размера: #1C са с тегло 2,5 грама и дължина 24 мм; #2С са с тегло 3,5 грама и дължина 28 мм;\n\n',47.90),(135,'Savage Gear Micro Skipper 6cm 9g','  * Снабдена с декорирана тройна кука\n  * Перфектен дизайн\n  * Дължина:6см\n  * Тегло: 9гр\n\n',16.90),(136,'Savage Gear Micro Skipper 4cm 5g','  * Снабдена с декорирана тройна кука\n  * Перфектен дизайн\n  * Дължина:4см\n  * Тегло: 5гр\n  * Тип: потъващ\n\n',16.70),(137,'Yarie T-Fresh EVO 0.8g Блесна клатушка','T-Fresh Evo 0.8g е малка блесна клатушка която има много активна игра,\nпровокираща най-мнителните пъстърви. Подходяща е както за начинаещи, така и за\nнапреднали риболовци. Много успешна за риболов на пъстърва и кефал! Клатушката\nима активна игра при бавно водене, и много активна игра при по-бързо водене.\nПрепоръчително е използването и на затворени водоеми и участъци на реки с по-\nбавно течение.\n\n  * Тегло: 0.8гр\n\n',11.90),(138,'Yarie Pirica more 0.5g Блесна клатушка','Yarie Pirica More e блесна тип клатушка,произведена в Япония и е създадена за\nриболов на пъстърви в спокойни и течащи води, която работи ефективно при бавно\nи бързо изтегляне. Проектирана е да пропада бавно и да има игра по време на\nпропадане. Също така ефективно се справя с потока на вода срещу нея, което я\nправи изключително подходяща за риболов на река водейки я срещу течението.\nДори в най-бързите води, блесната остава под вода. Pirica, която е призната за\nстабилното и поведение, дава възможност на рибарите да контролират действията\nна блесната, така че да могат да предизвикат атака на риба във всякакви\nобстоятелства. Позволява да се лови с нея и по течението, като има активна\nигра, водейки я със скоростта на водата. Блесната Yarie Pirica More e\nизключително успешна при риболов пъстърви и кефал на река.\n\n  * Тегло: 0.5гр\n\n',11.90),(139,'Yarie T-roll 0.6g Блесна клатушка','Yarie T-roll 0.6g е японска блесна, тип клатушка, която прави улавянето дори\nнай-мнителните и пресирани риби лесна задача. Благодарение на формата, размера\nи теглото си, тя се превръща в една невероятно примамка, с която може да се\nборави по множество начини. Позволява водене както на бърза, така и на бавна\nпроводка, създавайки атрактивна и неустоима за рибите игра. Най-подходяща за\nоблавяне на горните водни слоеве. Изключително стабилно поведение не само при\nриболов на пъстърва в затворен водоем, но и при риболов на диви пъстърви и\nкефали в реки със слабо течение.\n\n  * Тегло: 0.6 гр\n\n',11.90),(140,'Yarie Ringo midi 1.3g Блесна клатушка','Yaire Ringo Мidi е блесна тип клатушка, произведена в Япония и е създадена за\nриболов на пъстърви \"area fishing\"(риболов на американки на платено).\nКлатушката е проектирана така, че водейки я да не изплува към повърхността, а\nда се движи в избраният от риболовеца воден слой. Ringo Midi e супер успешна\nблесна тип клатушка и при риболов на река. На участъци с умерено силно течение\nможе да се води по течението със скоростта на водата. Така има ясно изразена\nигра и пъстървите не и устояват, а на места с по-бавно течение, може да се\nводи срещу течението. Изключително успешна блесна тип клатушка за риболов на\nпъстърва и кефал на затворени водоеми и реки!\n\n  * Тегло: 1.3гр\n\nYaire Ringo Мidi е блесна тип клатушка, произведена в Япония и е създадена за\nриболов на пъстърви \"area fishing\"(риболов на американки на платено).\nКлатушката е проектирана така, че водейки я да не изплува към повърхността, а\nда се движи в избраният от риболовеца воден слой. Ringo Midi e супер успешна\nблесна тип клатушка и при риболов на река. На участъци с умерено силно течение\nможе да се води по течението със скоростта на водата. Така има ясно изразена\nигра и пъстървите не и устояват, а на места с по-бавно течение, може да се\nводи срещу течението. Изключително успешна блесна тип клатушка за риболов на\nпъстърва и кефал на затворени водоеми и реки!\n\n  * Тегло: 1.3гр\n\n',11.90),(141,'Yarie T-spoon 1.1g Блесна клатушка','Клатушката Yarie T-spoon е една изключително успешна блесна, в ситуаците,\nкогато е нужно да облавяме по-ниските водни слоеве с малка по размер и активна\nпримамка, но същевременно стабилна игра при бавно обиране. Този модел блесна\nпозволява замятане на далечна дистанция, въпреки теглото си, благодарение на\nсвоята форма с изнесен център на тежестта. Подходяща за риболов на пъстърва и\nкефал, както в затворени водоеми, така и в реки с умерено течение.\n\n  * Тегло: 1.1 гр\n\n',11.90),(142,'Yarie Ringo Midi 1.5g Блесна клатушка','**Yaire Ringo Мidi** е блесна тип клатушка, произведена в Япония и е създадена\nза риболов на пъстърви \"area fishing\"(риболов на американки на платено). Ringo\nmidi e по-малкият брат на модела Ringo. Клатушката е проектирана така, че\nводейки я да не изплува към повърхността, а да се движи в избраният от\nриболовеца воден слой. Така Ringo Midi, може да се води близко до дъното, дори\nи на по-дълбоки водоеми. Ringo Midi e супер успешна блесна тип клатушка и при\nриболов на река. На участъци с умерено силно течение може да се води по\nтечението със скоростта на водата. Така има ясно изразена игра и пъстървите не\nи устояват, а на места с по-бавно течение, може да се води срещу течението.\nИзключително успешна блесна тип клатушка за риболов на пъстърва и кефал на\nзатворени водоеми и реки!\n\n  * Тегло:1.5гр\n\n',11.90),(143,'Yarie T-Roll 0.8g Блесна клатушка','Yarie T-roll 0.8g е японска блесна, тип клатушка, която прави улавянето дори\nнай-мнителните и пресирани риби лесна задача. Благодарение на формата, размера\nи теглото си, тя се превръща в една невероятно примамка, с която може да се\nборави по множество начини. Позволява водене както на бърза, така и на бавна\nпроводка, създавайки атрактивна и неустоима за рибите игра. Най-подходяща за\nоблавяне на горните и средни водни слоеве. Изключително стабилно поведение не\nсамо при риболов на пъстърва в затворен водоем, но и при риболов на диви\nпъстърви и кефали в реки със слабо до умерено течение.\n\n  * тегло: 0.8гр\n\n',11.90),(144,'Savage Gear Da Bush Spinnerbait 14cm 21g Limited colors Спинербайт','Серията спинербайти Da Bush е наистина уникална по качество и дизайн.Внесена е\nиновация в един много традиционен тип примамка по забележителен начин с\nнесравними качествени компоненти и цветове.Хищниците атакуват тази примамка с\nбрутална сила.Едно от най-големите предимства на Da Bush е това, че може да се\nлови на силно обрасли и затворени места.\n\n',18.90),(145,'Savage Gear Super Hard Fluorocarbon 50m Флуорокарбон','  * 100% супер твърд флуорокарбон\n  * Невидим във водата\n  * Превъзходна здравина на възела\n  * Устойчив на UV\n  * Устойчив на износване\n  * Препоръчително е при направата на поводи с размер по-голям от 0.50mm да се кримпват\n\n',32.90),(146,'Unitika Eging Super III 150 m White Плетено влакно','Unitika Eging Super III 150 m White - плетено 4 нишково риболовно влакно,\nпроизведено в Япония.\n\nОцветено е в бял цвят за по-добра видимост. Има PD processing защита на\nвлакното против обезцветяване и избледняване на цвета и на всеки 25 метра има\nмаркер в лилаво.\n\n',36.00),(147,'Savage Gear Pro Peg Blade Rig 2pcs Стингер','Страхотен стингер с тел от неръждаема стомана, острие и вирбел, за перфектната\nиздръжливост и здравина. Монтирайте острието в центъра на примамката откъм\nноса или под корема и използвайте клечките за зъби, за да закрепите\nдопълнително задържането. Оборудван със супер здрава тел Carbon49 и остри\nтройни куки SGY 1X BN.\n\n  * Острие от неръждаема стомана\n  * Множество опции за монтаж\n  * SGY 1X BN Тройни куки\n\n',17.90),(148,'Unitika Compact Shock Leader FC 20 m Флуорокарбон','Флуoрокарбон на бранда Unitika в разчлини размери, произведен в Япония. Всеки\nразмер е в различен цвят, за по-лесно различаване.\n\n',12.50),(149,'Scierra Fly Line Loop Connectors Конектор','**Scierra Fly Line Loop Connectors** \\- безвъзлов конектор за мухарски\nшнурове.Подходящи за шнурове с размер от 3 до 6.\n\n  * Прозрачен\n  * Дължина: 22 см\n  * Плаващ\n\n  \n\n**Scierra Fly Line Loop Connectors** \\- безвъзлов конектор за мухарски\nшнурове.Подходящи за шнурове с размер от 3 до 6.\n\n  * Прозрачен\n  * Дължина: 22 см\n  * Плаващ\n\n',5.00),(150,'Scierra Aerial Шнур','  * Индикация с лазерен печат.\n  * Дължина: 27,50м\n\n',75.00),(151,'Scierra Tippet Material Fluorocarbon Флуорокарбон','Онези от вас, които ловят в бистра вода, ще харесат този тип влакно, тъй като\nматериалът, от който е направен е практически невидим под водата. Поради\nтеглото на флуорокарбона, това влакно потъва три пъти по-бързо от найлоновите.\nНе остарява и има невероятно висока якост на възела.Scierra Tippet Material за\n2017 г. е разработен от идеята за оптимално съчетание на сила, видимост и\nтвърдост. Силата на възлите на различните диаметри на найлон и флуорокарбон са\nизключителни и се работи усилено, за да се намери перфектния баланс на\nдиаметъра и твърдостта.\n\n  * Изработени от японски колимерни материали\n  * Оптимална якост на възела\n  * Използвали сме различни степени на твърдост за различни диаметри, най-тънките диаметри изискват по-твърди материали, за да се избегне пречупване при риболов с обемни сухи мухи\n  * Флуорокарбонът е невидим под водата\n\n',18.90),(152,'Scierra The Trout Leader Повод','В **Scierra** разработиха пълна гама от лидери за мухи, които да отговарят на\nвсякакви условия, по целия свят. Тези лидери са изработени от най-добрите\nсъполимерни материали, а конусният дизайн осигурява перфектно връщане и\nпрецизна точност при всяко замятане. Хвърлете с един от тях и ще се насладите\nна безпроблемно връщане и балансиран кастинг. В същото време лидерът е\nдостатъчно гъвкав, за да осигури реалистична презентация. Перфектен за риболов\nс мокри, сухи мухи или нимфи.\n\n',8.50),(153,'Savage Gear Semi Soft Fluorocarbon Seabass 30m Флуорокарбон','Semi Soft Seabass Leader ви предлага оптималната комбинация от мекота и здрава\nустойчивост на абразия.Флуорокарбонът е достатъчно мек, за да позволи\nделикатно представяне на примамките, като същевременно е достатъчно жилав, за\nда устои на наранявания.\n\n  * 100% флуорокарбон\n  * Невидим във вода\n  * Перфектна комбинация от мекота и устойчивост на износване\n  * Устойчив на UV и химикали\n  * Специализиран за риболов на лаврак\n\n',9.90),(154,'Savage Gear Semi Soft Fluorocarbon 30m Флуорокарбон','Semi Soft Micro Leader ви предлага оптималната комбинация от мекота и здрава\nустойчивост на абразия.Флуорокарбонът е достатъчно мек, за да позволи\nделикатно представяне на примамките, като същевременно е достатъчно жилав, за\nда устои на наранявания.\n\n  * 100% флуорокарбон\n  * Невидим във вода\n  * Перфектна комбинация от мекота и устойчивост на износване\n  * Устойчив на UV и химикали\n\n  \n\nSemi Soft Micro Leader ви предлага оптималната комбинация от мекота и здрава\nустойчивост на абразия.Флуорокарбонът е достатъчно мек, за да позволи\nделикатно представяне на примамките, като същевременно е достатъчно жилав, за\nда устои на наранявания.\n\n  * 100% флуорокарбон\n  * Невидим във вода\n  * Перфектна комбинация от мекота и устойчивост на износване\n  * Устойчив на UV и химикали\n\n',9.90),(155,'Unitika Silver Thread Shock Leader Nylon 50m Влакно','N/A\n\n',32.00),(156,'Unitika Aiger ||| Super 50m Флуорокарбон','N/A\n\n',24.00),(157,'Unitika Area Game Ester 150m Влакно','N/A\n\n',26.50),(158,'Unitika Silver Thread Shoregame 150 m Плетено влакно','N/A\n\n',29.90),(159,'Unitika Univenture 1 Power Jigging Deluxe 300 m Плетено влакно','N/A\n\n',59.00),(160,'Savage Gear Silencer Mono 150m Монофилно влакно','Супер тихо, меко, и с ниска разтегливост. Това е монофилната линия Savage Gear\nSilencer Mono с висока якост на възел и устойчивост на скъсване. Страхотно\nприложение при риболов с изкуствени примамки.\n\n  \n\nСупер тихо, меко, и с ниска разтегливост. Това е монофилната линия Savage Gear\nSilencer Mono с висока якост на възел и устойчивост на скъсване. Страхотно\nприложение при риболов с изкуствени примамки.\n\n',7.80),(161,'Unitika Night Game the Super PE Плетено влакно за риболов','Качествен, японски 4-жилен брейд, специално разработен за леки и ултралеки\nприложения. Първоначално създаден за LRF(Light Rock Fishing), този брейд е със\nстегната оплетка, кръгло сечение и повишена устойчивост на протриване. Бял на\nцвят, с лилава белязка на всеки 25м и специфично тегло близко до неутралното -\n0.98. Повишен кастинг, невероятна чувствителност, изключително подходящ за\nмикро джиг риболов на костур, area риболов на зарибени американки, както и\nstream риболов на пъстърва и кефал на по-малки реки. Предлага се в разфасовки\nпо 150м.  \n\n  * PE 0.2 - 4.8 lb / 2.2 kg\n  * PE 0.3 - 6.4 lb / 2.9 kg\n  * PE 0.4 - 8.4 lb / 3.8 kg\n\n  \n\n',49.00),(162,'Unitika Univenture X8 200 m Плетено 8-нишково влакно','Висококачествено 8-нишково влакно,специално обработено, за да запазва цвета си\nпо-дълго.5 цвята на всеки 10 метра (с маркировка от 1 м на всеки 5 метра)\n\n  * PE 0.8 - 16 lb / 7.00 kg\n  * PE 1.0 - 20 lb / 9.00 kg\n  * PE 1.2 - 25 lb 11.00 kg\n  * PE 1.5 - 30 lb / 14.00 kg\n  * PE 2.0 - 35 lb / 16.00 kg\n  * PE 2.5 - 45 lb 20.00 kg\n  * PE 3.0 - 50 lb / 23.00 kg\n  * PE 4.0 - 60 lb / 27.00kg\n  * PE 5.0 - 70 lb / 32.00 kg\n  * PE 6.0 - 80 lb / 36.00 kg\n  * PE 8.0 - 100 lb / 45.00 kg\n  * PE 10.0 - 120 lb / 54.00 kg\n  * PE 12.0 - 140 lb / 64.00 kg\n  * PE 15.0 - 170 lb / 77.00 kg\n  * PE 20.0 - 200 lb / 91.00 kg\n\n',66.00),(163,'Unitika Silver Thread Shock Leader 100 m Флуорокарбон','Unitika Silver Thread FC е много здраво флуорокарбоново влакно за шок лидер\nповоди. Неговите свойства позволяват по-добро представяне и работа както в\nсладки, така и в солни води. Одобрено от IGFA.\n\n  * dia (mm) 0.405 - test lb 20 / 10.0 kg\n  * dia (mm) 0.435 - test lb 25 / 12.5 kg\n  * dia (mm) 0.470 - test lb 30 / 15.0 kg\n  * dia (mm) 0.520 - test lb 35 / 17.5 kg\n  * dia (mm) 0.570 - test lb 40 / 20.0 kg\n  * dia (mm) 0.620 - test lb 50 / 25.0 kg\n  * dia (mm) 0.660 - test lb 60 / 30.0 kg\n  * dia (mm) 0.700 - test lb 70 / 35.0 kg\n  * dia (mm) 0.740 - test lb 80 / 40.0 kg\n\n',46.00),(164,'Unitika Casline Eging Leader 50m Флуорокарбон','  * ​Наличен във варианти от 30 м и 50 м\n  * Трислойна структура за по-висока устойчивост и здравина на възела\n  * Ластичен стопер на шпулата\n\nПредлага се следните размери:\n\n  * PE 1.5 – dia (mm) 0.205\n  * PE 1.75 – dia (mm) 0.220\n  * PE 2.0 – dia (mm) 0.235\n  * PE2.5 – dia (mm) 0.260\n  * PE3.0 – dia (mm) 0.285\n\n',26.00),(165,'Unitika Casline Eging Leader 30m Флуорокарбон','  * Трислойна структура за по-висока устойчивост и здравина на възела\n  * Ластичен стопер на шпулата\n  * Наличен във варианти от 30 м и 50 м\n\nПредлага се следните размери:\n\n  * PE 1.5 – dia (mm) 0.205\n  * PE 1.75 – dia (mm) 0.220\n  * PE 2.0 – dia (mm) 0.235\n  * PE2.5 – dia (mm) 0.260\n  * PE3.0 – dia (mm) 0.285\n\n',19.00),(166,'Unitika Silver Thread FC 150 m Флуорокарбон','**Unitika Silver FC** е изключително здраво флуорокарбоново влакно. Неговите\nплаващи свойства позволяват по-добро представяне и работа с повърхностни\nпримамки както в сладки, така и в солни води. Това влакно е също толкова\nвпечатляващо, че се използва направо като влакно за намотаване на макара.\nОдобрено от IGFA.\n\n  * #1 - 0.165 mm - 1.81 kg - 4.00 lb\n  * #1.2 - 0.179 mm - 2.27 kg - 5.00 lb\n  * #1.5 - 0.205 mm - 2.72 kg - 6.00 lb\n  * #2 - 0.235 mm - 3.62 kg - 8.00 lb\n\n  \n\n**Unitika Silver FC** е изключително здраво флуорокарбоново влакно. Неговите\nплаващи свойства позволяват по-добро представяне и работа с повърхностни\nпримамки както в сладки, така и в солни води. Това влакно е също толкова\nвпечатляващо, че се използва направо като влакно за намотаване на макара.\nОдобрено от IGFA.\n\n  * #1 - 0.165 mm - 1.81 kg - 4.00 lb\n  * #1.2 - 0.179 mm - 2.27 kg - 5.00 lb\n  * #1.5 - 0.205 mm - 2.72 kg - 6.00 lb\n  * #2 - 0.235 mm - 3.62 kg - 8.00 lb\n\n',26.00),(167,'Savage Gear 1x7 Titanium Spin Trace 35cm 0.40mm 15kg  Титаниев повод','  * Мек, изключително гъвкав и здрав 7 нишков титаниев повод \n  * Подходящ за използване с всякакъв вид примамки\n  * Много здрави вирбели и карабинка\n  * 2 броя в опаковка \n\n',32.70),(168,'Savage Gear Raw49 Trace 20cm 0.27mm 7kg  Метален повод','  * Фин 49 нишков (7х7) метален повод от мека въглеродна стомана\n  * Предназначен за използаване с малки твърди и меки примамки\n  * 3 броя в опаковка \n\n',7.30),(169,'Savage Gear Soft Fluoro Carbon Флуорокарбон','Флуорокарбонът е много по-малко видим под водата от обикновения монофил и\nпочти невидим за рибата. Този 100% мек флуорокарбон и супер меката му формула\nдава перфектно представяне и действие във водата на примамките!\n\n  * Невидим във водата\n  * Супер мек\n  * Висока устойчивост на възел\n  * 100% флуорокарбон\n\n  \n  \n\n  \n\nФлуорокарбонът е много по-малко видим под водата от обикновения монофил и\nпочти невидим за рибата. Този 100% мек флуорокарбон и супер меката му формула\nдава перфектно представяне и действие във водата на примамките!\n\n  * Невидим във водата\n  * Супер мек\n  * Висока устойчивост на възел\n  * 100% флуорокарбон\n\n',13.60),(170,'Savage Gear Raw49 10m Метален повод','Meк метален повод от 49 нишки (7х7) подходящ за направа на поводи чрез възли\nили кримпване\n\n  * Неръждаеми нишки от високо въглеродна стомана \n  * 49 прекфектно сплетени нишки 7х7\n  * Мек и гъвкав\n  * Подходящ за възел и кримпване \n\n  \n\n',26.50),(171,'Savage Gear Carbon49 10m Метален повод','Супер здрав, мек и гъвкав метален повод от 49 нишки (7х7) от неръждаема\nстомана с покритие от въглероден съполимер за превъзходна устойчивост!\n\n  * Перфектно за кримпване и възли\n  * Мек и гъвкав повод\n  * 49 нишки 7х7\n  * 10 метра\n\n  \n\n',29.00),(172,'Savage Gear Regenerator Mono 30m Повод от кополимер за щука','Регенераторът е мека практически невидима монолиния, направена от много здрав,\nабразивоустойчив и устойчив на прорези кополимер. Супер меката формула на\nматериала предава гъвкавост, което позволява използването на всякакъв тип\nпримамки.\n\n  * Изключителна устойчивост на прорези от острите зъби на щуките\n  * Супер здрава, гъвкава и еластична линия\n  * Препоръчително е при направата на поводи с размер по-голям от 0.50mm да се кримпват  \n\n  \n\nРегенераторът е мека практически невидима монолиния, направена от много здрав,\nабразивоустойчив и устойчив на прорези кополимер. Супер меката формула на\nматериала предава гъвкавост, което позволява използването на всякакъв тип\nпримамки.\n\n  * Изключителна устойчивост на прорези от острите зъби на щуките\n  * Супер здрава, гъвкава и еластична линия\n  * Препоръчително е при направата на поводи с размер по-голям от 0.50mm да се кримпват\n\n',7.90),(173,'Savage Gear Regenerator Trace 50cm 1.00mm 25kg  Повод от кополимер за щука','Регенераторът е мека практически невидима монолиния, направена от много здрав,\nабразивоустойчив и устойчив на прорези кополимер. Супер меката формула на\nматериала предава гъвкавост, което позволява използването на всякакъв тип\nпримамки.\n\n  * Перфектно кримпване\n  * Устойчив на прорязвания и зъби на щука\n  * Невероятна здравина и еластичност\n  * Супер здрав вирбел и карабинка\n  * 3 броя в опаковка \n\n',6.80),(174,'Savage Gear Regenerator Trace  100cm 0.85mm 20kg Повод от кополимер за щука','Регенераторът е мека практически невидима монолиния, направена от много здрав,\nабразивоустойчив и устойчив на прорези кополимер. Супер меката формула на\nматериала предава гъвкавост, което позволява използването на всякакъв тип\nпримамки.\n\n  * Перфектно кримпване\n  * Устойчив на прорязвания и зъби на щука\n  * Невероятна здравина и еластичност\n  * Супер здрав вирбел и карабинка\n  * 3 броя в опаковка \n\n',7.10),(175,'Savage Gear Regenerator Trace  60cm 1.20mm 34kg Повод от кополимер за щука','Регенераторът е мека практически невидима монолиния, направена от много здрав,\nабразивоустойчив и устойчив на прорези кополимер. Супер меката формула на\nматериала предава гъвкавост, което позволява използването на всякакъв тип\nпримамки.\n\n  * Перфектно кримпване\n  * Устойчив на прорязвания и зъби на щука\n  * Невероятна здравина и еластичност\n  * Супер здрав вирбел и карабинка\n  * 3 броя в опаковка \n\n',10.10),(176,'Savage Gear Regenerator Trace  60cm 1.0mm 25kg  Повод от кополимер за щука','Регенераторът е мека практически невидима монолиния, направена от много здрав,\nабразивоустойчив и устойчив на прорези кополимер. Супер меката формула на\nматериала предава гъвкавост, което позволява използването на всякакъв тип\nпримамки.\n\n  * Перфектно кримпване\n  * Устойчив на прорязвания и зъби на щука\n  * Невероятна здравина и еластичност\n  * Супер здрав вирбел и карабинка\n  * 3 броя в опаковка \n\n  \n\nРегенераторът е мека практически невидима монолиния, направена от много здрав,\nабразивоустойчив и устойчив на прорези кополимер. Супер меката формула на\nматериала предава гъвкавост, което позволява използването на всякакъв тип\nпримамки.\n\n  * Перфектно кримпване\n  * Устойчив на прорязвания и зъби на щука\n  * Невероятна здравина и еластичност\n  * Супер здрав вирбел и карабинка\n  * 3 броя в опаковка \n\n',10.10),(177,'Savage Gear Carbon49 Trace 40cm 0.60mm 16kg Метален повод','  * Супер здрав,мек и гъвкав 49 нишков метален повод (7х7)\n  * Покритие от въглероден съполимер за превъзходна устойчивост\n  * Двойно кримпнат \n  * Много здрави вирбел и карабинка   \n\n  \n\n',10.10),(178,'Savage Gear Titanium Trace 30cm 0.6mm 25kg Титаниев повод','  * Изключително здрав еднонишков титаниев повод \n  * Двойно кримпнат \n  * Здрава метална халка и карабинка от въглеродна стомана \n  * Подходящ за използване с големи воблери, джъркове или по-големи силиконови примамки\n  * 2 броя в опаковка \n\n  \n\n',8.90),(179,'Savage Gear Titanium Trace 22cm 0.5mm 20kg Титаниев повод','  * Изключително здрав еднонишков титаниев повод \n  * Двойно кримпнат \n  * Здрава метална халка и карабинка от въглеродна стомана \n  * Подходящ за използване с големи воблери, джъркове или по-големи силиконови примамки\n  * 2 броя в опаковка \n\n',8.90),(180,'Savage Gear 1x7 Titanium Traces 30cm 0.60mm 23kg  Титаниев повод','  * Мек, супер гъвкав и изключително здрав 7 нишков титаниев повод \n  * Подходящ за използване с всякакъв вид примамки\n  * Много здрави вирбели и карабинка\n  * 2 броя в опаковка \n\n  \n\n',24.00),(181,'Savage Gear 1x7 Titanium Traces 20cm 0.30mm 7kg  Титаниев повод','  * Мек, супер гъвкав и изключително здрав 7 нишков титаниев повод \n  * Подходящ за използване с всякакъв вид примамки\n  * Много здрави вирбели и карабинка\n  * 2 броя в опаковка \n\n  \n\n',18.90),(182,'Savage Gear Black7 Trace 50cm 0.60mm 25kg Метален повод','  * Супер здрав повод от неръждаема стомана\n  * 7 нишки, покрити със здрав черен кополимер, за превъзходна абразивоустойчивост\n  * Много здрави вирбел с лагер и карабинка\n  * 3 броя в опаковка \n\n  \n\n',13.20),(183,'Savage Gear Black7 Trace 40cm 0.60mm 25kg Метален повод','  * Супер здрав повод от неръждаема стомана\n  * 7 нишки, покрити със здрав черен кополимер, за превъзходна абразивоустойчивост\n  * Много здрави вирбел и карабинка\n  * 3 броя в опаковка \n\n  \n\n',7.40),(184,'Savage Gear Black7 Trace 20cm 0.35mm 7kg  Метален повод','  * Супер здрав повод от неръждаема стомана\n  * 7 нишки, покрити със здрав черен кополимер, за превъзходна абразивоустойчивост\n  * Много здрави вирбел и карабинка\n  * 3 броя в опаковка \n\n',6.90),(185,'Unitika Silver Thread Mini Shock Leader FC Флуорокарбон','**Unitika Silver Thread Mini Shock Leader FC** е много здраво флуорокарбоново\nвлакно за поводи. Неговите свойства позволяват по-добро представяне и работа\nкакто в сладки, така и в солени води. Одобрено от IGFA.\n\n  * dia (mm) 0.285 - test lb 12 / 6 kg – 30m\n  * dia (mm) 0.330 - test lb 16 / 8 kg – 30m\n  * dia (mm) 0.370 - test lb 20 / 10 kg – 30m\n  * dia (mm) 0.430 – test lb 25 / 12.5 kg – 25m\n  * dia (mm) 0.470 - test lb 30 / 15 kg – 25m\n\n',17.00),(186,'Unitika Eging Super III X8 150 m Плетено влакно','8 нишково плетено влакно произведено в Япония. Цветно метрирано - на всеки 10м\nцвета се променя, а на всеки метър има черен маркер.\n\nПредлага се в опаковка от 150м в следните размери:\n\n  * PE 0.5 - 5 kg\n  * PE 0.6 - 5.5 kg\n  * PE 0.7 - 6 kg\n  * PE 0.8 - 6.5 kg\n\n',51.00),(187,'Unitika Eging Super PE III 150 m Плетено влакно','_**Unitika Eging Super PE III**_ \\- плетено 4 нишково риболовно влакно,\nпроизведено в Япония.\n\n  \n* PD - prevent discoloration технология, запазва цвета на влакното по-дълго;  \n* плуващо  \n* оцветено на всеки десет метра, три цвата, които се повтарят, с маркировка на всеки 5 метра в лилав цвят;  \n* относително тегло 0.98;\n\n  * PE 0.4 - 3.2 kg\n  * PE 0.5 - 4 kg\n  * PE 0.6 - 4.8 kg\n  * PE 0.7 - 5.5 kg\n  * PE 0.8 - 6 kg\n  * PE 1.0 - 7.5 kg\n\n  \n\n',36.00),(188,'Unitika Silver Thread Trout Clear 150m Монофилно влакно','**Trout Clear** |  **Diameter (mm)** | **Test LB** | **KG**  \n---|---|---|---  \n0.7 | 0.138 | 2.5 | 1.25  \n0.8 | 0.145 | 3 | 1.5  \n1.0 | 0.160 | 4 | 2  \n1.2 | 0.175 | 5 | 2.5  \n1.5 | 0.200 | 6 | 3  \n2.5 | 0.250 | 10 | 5  \n3.0 | 0.285 | 12 | 6  \n  \n\n',17.30),(189,'Unitika Silver Thread Trout Leader FC 30m Флуорокарбон','  * PE 0.5 – dia (mm) 0.117 - test lb 2 / 1 kg\n  * PE 0.6 – dia (mm) 0.135 - test lb 2.5 / 1.25 kg\n  * PE 0.8 – dia (mm) 0.150 - test lb 3 / 1.5 kg\n  * PE 1.0 – dia (mm) 0.170 - test lb 4 / 2 kg\n  * PE 1.2 – dia (mm) 0.190 - test lb 5 / 2.5 kg\n  * PE 1.5 – dia (mm) 0.210 - test lb 6 / 3 kg\n  * PE 2.0 – dia (mm) 0.235 - test lb 8 / 4 kg\n\n',17.00),(190,'Unitika Shoregame X8 - японско плетено влакно от най-висок клас','**Unitika Shoregame X8** е 8-нишково плетено влакно от следващо поколение.\nСъпротивлението на триене е намалено до минимум. Оцветено е в бял цвят за по-\nдобра видимост. Има PD processing защита на влакното против обезцветяване и\nизбледняване на цвета и на всеки 25 метра има маркер в лилаво.\n\n  * PE 0.6 - test 14 lb\n  * PE 0.8 - test 16 lb\n  * PE 1.0 - test 22 lb\n  * PE 1.2 - test 25 lb\n  * PE 1.5 - test 30 lb\n  * PE 2.0 - test 40 lb\n\n',44.00),(191,'Unitika Univenture X8 100m x 12 свързани ролки','Висококачествено 8-нишково влакно,специално обработено, за да запазва цвета си\nпо-дълго.\n\n5 цвята на всеки 10 метра (с маркировка от 1 м на всеки 5 метра)\n\nЦената е за 1 ролка х 100 м.\n\n  * PE 0.8 – 16 lb / 7.00 kg\n  * PE 1.0 – 20 lb / 9.00 kg\n  * PE 1.2 – 25 lb / 11.00 kg\n  * PE 1.5 – 30 lb / 14.00 kg\n  * PE 2.0 – 35 lb / 16.00 kg\n  * PE 2.5 – 45 lb / 20.00 kg\n  * PE 3.0 – 50 lb / 23.00 kg\n  * PE 4.0 – 60 lb / 27.00 kg\n  * PE 5.0 – 70 lb / 32.00 kg\n  * PE 6.0 – 80 lb / 36.00 kg\n  * PE 8.0 – 100 lb / 45.00 kg\n  * PE 10.0 – 120 lb / 54.00 kg\n  * PE 12.0 – 140 lb / 64.00 kg\n  * PE 15.0 – 170 lb / 77.00 kg\n  * PE 20.0 – 200 lb / 91.00 kg\n\n',29.90),(192,'Unitika Silver Thread Eye Catch || 150 m Плетено влакно','**Eye Catch ll** | **Test LB** |  **KG**  \n---|---|---  \nPE 0.2 | 2 | 1.00  \nPE 0.3 | 3 | 1.50  \nPE 0.4 | 4 | 2.00  \nPE 0.6 | 6 | 3.00\n\n',39.00),(193,'Mustad Soi Hooks 10849NP-DT Куки','N/A\n\n',7.90),(194,'Mustad Aberdeen Hooks 3261NP-BN Куки','Mustad Aberdeen е истинска универсална кука, която може да се използва за\nвсякаква стръв.\n\n',5.90),(195,'Mustad Powerlock Plus 3pcs Офсетна кука','Powerlock Plus е офсетна кука с набразден захващащ пин, който стабилно задържа\nсиликоновата примамка. Позицията на утежнението лесно се регулира с плъзгане,\nпозволявайки ви да балансирате тежестта отпред, отзад или в центъра. Широката\nизвивка осигурява отлична възможност за закачане и задържане на големи риби.\n\n  * Химически заточена високо въглеродна стомана\n  * Покритие с черния никел на Mustad, който е 4 пъти по-устойчив на корозия от традиционния черен никел\n  * Тежест: 3.54 гр\n  * Опаковка: 3 броя\n\n',15.90),(196,'Mustad Hoodlum Triangle Point 10814TTP-TS 3pcs Куки','Hoodlum Triangle Point въплъщават една напълно нова концепция на Mustad за\nизработването на качествени куки. Тяхната първоначална идея е да се изработят\nкуки, които не отслабват захвата по време на борба с рибата, но също и да\nостават слабо видими във водата. Така се създават куките с триъгълна форма,\nкоито имат 3 равни повърхности и се оказва, че те дори са с 10% по-здрави от\nтрадиционните куки от същия клас. Подходящи са за соленоводен риболов с големи\nживи примамки или добавени към тролинг монтажи. Куките имат също неотразяващо\nпокритие T-Steel на Mustad за слаба видимост във водата и много добра\nустойчивост на корозия.\n\n  * 3 броя в пакет\n\n',29.90),(197,'Savage Gear Bloody Assist Hook J Single Асист куки','  * Японска XC75 въглеродна стомана\n  * Супер леки и изключително здрави\n  * Невероятно остри\n  * Много здраво асист въже с флуорокарбонова сърцевина\n  * 4 броя в пакет\n\n',15.70),(198,'Mustad Ultra NP Wide Gape Power Spade Barbed MU06-60005NP-NI Куки','Mustad MU06-60005NP-NI е кука за фидер, мач или плувка в зависимост от\nразмера. Серията е изработена от качествена тънка тел с покритие NI (никел).\n\n  * 10 броя в опаковка\n\n',4.30),(199,'Mustad Ultra NP Wide Gape Super Power Spade Barbed MU08-60006NP-BR Куки','  * Двойно подсилени\n  * Бронзово покритие\n  * 10 броя в опаковка\n\n',4.30),(200,'Mustad Ultra NP Carp XV2 Weed Hook 60562NP-TX Куки','Mustad Ultra NP Carp XV2 Weed Hook е част от първата в света серия\nшаранджийски куки на BBS, които разполагат с лазерно заварен вграден пръстен\nза монтаж.\n\n  * 10 броя в опаковка\n\n',9.90),(201,'Mustad Catfish Hook Triangle Point 412TTP-TS Куки','Триъгълната форма на куката с нейните три плоски повърхности дори се оказа с\n10% по-здрава от традиционната тел, благодарение на специализираната техника\nна коване на Mustad. Здравата кука с клюн разполага с обърнато нагоре,\nзаварено ухо за най-здрава настройка и представяне в сладка вода. Това е\nидеалната кука за риболов с естествена стръв на дъното. За най-добро\nпредставяне тази кука е проектирана за възела Snell, като дава най-доброто\nизправено представяне на вашата стръв. Задължителен за всеки риболовец на сом!\nПокрит с новия TitanX Nanotech на Mustad неотразяващо гладко покритие. Куките\nса представени в изключителна кутия, изработена от устойчиви материали.\n\n  * 3 броя в опаковка\n\n',29.90),(202,'Mustad Ultra NP Carp XV2 Wide Gape 60550NP-TX Куки','Отличават се с матово черно покритие \"TitanX\" и е заточена до съвършенство с\nновата технология \"Ultrapoint 4.8 point\", опакована в изключителна пластмасова\nкутийка, която съдържа 10 добре защитени куки. Ultra NP Carp XV2 Wide Gap е\nнай-разпространената и използвана класическа шаранджийска кука.\n\n',9.90),(203,'Mustad Ultra NP Carp XV2 Curve Shank Elite 60556NP-TX Куки','XV2 е най-висококачествената шаранска кука на Mustad. Основните характеристики\nна тази серия са: матово черно \"TitanX\" покритие, заточени до съвършенство с\nтехнология \"Ultrapoint 4.8 point\"\n\n  * 10 броя в опаковка\n\n',9.90),(204,'Mustad Ultra NP Mosquito 10549NP-BN Куки','Mustad 10549NP-BN са куки за дропшот монтаж и осигуряват страхотно закачане и\nбезупречно представяне на силиконови примамки при риболов на дропшот.\n\n  * 10 броя в опаковка\n\n',4.90),(205,'Mustad Feeder Hook 10650NP Куки','  * 10 броя в пакет\n\n',4.90),(206,'Mustad Chinu Allround Hook 10001NP-BN Куки','Цвят незабележим черен никел, идеален за използване на естествени примамки.\n\n  * 10 броя в пакет\n\n',4.90),(207,'Mustad Ultra NP Carp XV2 Continental Strong 60552NP-TX Куки','Mustad Ultra NP Carp XV2 Continental Strong е част от първата в света серия\nшаранджийски куки на BBS, които разполагат с лазерно заварен вграден пръстен\nза монтаж.\n\n  * 10 броя в опаковка\n\n',9.90),(208,'Mustad Ultra NP Carp XV2 Chodda Special 60554NP-TX Куки','Mustad 60554NP TX е серия куки за риболов на шаран с висока здравина.\nИзключително остри, запазват своите качества дори и след многократно\nизползване.\n\n  * 10 броя в опаковка\n\n',9.90),(209,'Mustad Ultra NP Out Turned Eyed Feeder MU15-60343NP-BR Куки','Mustad MU15-60343NP-BR е кука с извито навън ухо, предназначена предимно за\n\"Фидер\" риболов.\n\n  * BR (бронзово) покритие.\n  * 10 броя в опаковка\n\n',4.30),(210,'Mustad Ultra NP Match Maggot Spade Barbed MU01-90339NP-BN Куки','Mustad 90339NP-BN е кука за фидер, мач или плувка в зависимост от размера.\nСерията е изработена от качествена тънка тел с покритие BN (черен никел).\n\n  * 10 броя в опаковка\n\n',4.30),(211,'Mustad Power Allround Hook 60151NP-BN Куки','Универсални куки от серията Mustad Ultra point.\n\n  * Черен никел\n  * 10 броя в опаковка\n\n',4.90),(212,'Mustad O Shaughnessy, Straight, Ringed 94140NP-BN Куки','Mustad 94140NP-BN 3X здрава и надеждна кука за жива стръв.Куката има права\nдръжка и огънат връх за страхотни възможности за закачане. Покрит с Mustad\nизцяло нов черен никел, който е 4 пъти по-устойчив на ръжда от традиционния\nчерен никел.\n\n',7.90),(213,'Mustad Eyed Baitholder Hook 10750NP-BN  Куки','Голямото ухо осигурява свобода на движение за монтажа. Леко извитото навътре и\nидеално остро жило гарантира отлично засичане. Допълнително на предимство на\nкуката са двете зъбчета на стеблото.\n\n  * 10 броя в опаковка\n\n',4.90),(214,'Mustad Hoodlum Live Bait Hook 10827NP-BN Куки','Mustad 10827NP-BN Hoodlum - едни от най-здравите куки за морски риболов с жива\nстръв и джиг риболов.\n\nСерията куки 10827NP-BN Hoodlum са създадени за риболов с жива стръв на туна,\nмарлин, kingfish, yellowfin, sailfish и др.\n\n  * Покритие от черен никел\n  * Химически заточен връх\n\n',7.90),(215,'Mustad Limerick Short Crystal Hooks 515-NI Куки','Куки Mustad Limerick Short Crystal Hooks с класическа форма, подходящи за\nречен риболов.\n\n',3.60),(216,'Mustad Ultra NP Feeder Spade Barbed MU11-60332NP-BN Куки','Mustad MU11-60332NP-BN е кука, предназначена основно за фидер риболов.\n\n  * BN (черен никел) покритие.\n  * 10 броя в опаковка\n\n',4.30),(217,'Mustad Ultra NP Carp Power MU16-60331NP Куки','Подсилени куки, предназначени предимно за риболов на фидер и плувка.\n\n  * Черен никел\n  * Двойно подсилени\n  * 10 броя в опаковка\n\n',4.30),(218,'Mustad Iseama Twist Hook 10902SP-BN Куки','Здрава кука с Mustads 4.3 Ultrapoint технология. Широк процеп за най-добро\nпроникване и задържане на рибата. Страхотна универсална кука с допълнителна\nздравина и мощност. Покрити с Mustad изцяло нов черен никел, който е 4 пъти\nпо-устойчив на ръжда от традиционния черен никел.\n\n  * 10 броя в опаковка\n\n',4.90),(219,'Mustad Ultra NP Eyed Heavy Feeder Eyed Barbed MU14-60333NP-BN Куки','Перфектна кука за фидер риболов. Тези куки са 2X подсилени, така че се\nизползват и от риболовци, които предпочитат малка, но здрава кука.\n\n  * Черен никел\n  * 10 бр в опаковка\n\n',4.30),(220,'Mustad Eyed Chinu 10019NP Куки','Куката Chinu Eye е идеална кука за риболов с естествена стръв в сладка и\nсолена вода. Предлага се в цвят черен никел.\n\n  * 10 броя в пакет\n\n',4.90),(221,'Mustad Aberdeen Hooks 32813NP-BM Куки','Куката е с дълго рамо и е перфектна при използване на дълги естествени\nпримамки за пясъчни червеи, или за жива стръв.\n\nMustad Aberdeen е истинска универсална кука, която може да се използва за\nвсякаква стръв.\n\n  * 10 броя в опаковка\n  * Цвят: черен мат\n\n',5.90),(222,'Mustad Ultra NP Single Catfish 412NP-BN Куки','Много здрави и изключително надеждни куки с покритие от черен никел.\nПредназначени са за риболов на големи хищници.\n\n',7.90),(223,'Mustad Big Gun Hooks 10829NP Куки','Куката Mustad Big Gun е идеална за ловене на силни соленоводни видове риби.\nПокрит със собствено покритие с черен никел на Mustad, което е 4 пъти по-\nустойчиво на ръжда от традиционния черен никел.\n\n',7.90),(224,'Mustad Beak Hooks 92553NP-BN Куки','Здрави и надеждни куки с покритие от черен никел. Предназначени са за риболов\nна големи хищници.\n\n',6.90),(225,'Yarie 735 Glave Hook Куки','Yarie Glave Hook - куки с микро шип от японската марка Yarie. Имат тефлоново\nпокритие, което увеличава пробивната способност на куката.\n\n  * 12бр в опаковка\n\n',7.50),(226,'Mustad Eel Rig CL-RIG44','  * Брой куки: 3\n  * Основна линия: 50 LB\n  * Разклонителна линия: 30 LB\n\n',6.50),(227,'Mustad Micro Worm Double Jigging Assist Rig J-ASSIST6 Асист куки','Висококачествени двойни асист куки, които се предлагат в опаковка с два чифта.\n\n  * 2 броя в опаковка\n\n',14.90),(228,'Mustad Ultrapoint Wacky Neko Hook 60403NP Куки','  * Фина, лека и много здрава кука\n  * Гладко, неотразяващо TitanX покритие\n  * 2X дълга дръжка\n  * Пръстеновидно око\n\n',5.90),(229,'Mustad 5 Ex Strong Treble Hook 9430-DS Тройни куки','Това е идеалната кука за риболов с естествена стръв. Покритието осигурява по-\nздрава, по-издръжлива и по-гладка повърхност за използване както в сладка,\nтака и в солена вода.\n\n',11.90),(230,'Mustad Jawlock Triple Grip Hooks TG77NP Тройни куки','**Mustad Jawlock Triple Grip Hook** е проектирана да държи здраво, след като\nрибата бъде закачена. Перфектна като резервна кука на вашите изкуствени\nпримамки.\n\n',10.50),(231,'Mustad Ocean Crystal Jigging Assist Rig J-ASSIST5 Асист куки','**Mustad Ocean Crystal Jigging Assist** е асист кука проектирана за\nдълбоководен джигинг. Отличаваща се с тежка асист линия Ocean Crystal Blue от\nкевлар, завързана за куката Mustad с широк сплит ринг. Завързани на куки\nMustad 10881NP 4X Strong UltraPoint.\n\n',17.90),(232,'Mustad Light Double Jigging Assist Hook J-ASSIST4 Асист куки','**Light Double Jigging Assist** е е гама от малки помощни(assist) куки,\nпасващи идеално на малки джигове. Фибрите на куките прави линията по-практична\nи ефективна.\n\n  * 2 броя в пакет\n\n  \n\n**Light Double Jigging Assist** е е гама от малки помощни(assist) куки,\nпасващи идеално на малки джигове. Фибрите на куките прави линията по-практична\nи ефективна.\n\n  * 2 броя в пакет\n\n',10.50),(233,'Mustad Slow Pitch Double Jigging Assist Hook J-ASSIST3 Асист куки','**Slow Pitch Double Jigging Assist** са двойка асист куки, привързани към\nхалка. Размерите на куките са 2/0, 3/0 и 4/0, всички от които са химически\nзаточени и супер здрави.\n\n',15.90),(234,'Mustad Jigging Hook 10881NP-DT Куки','Mustad Jigging Hook е изключително здрава кука, много лека и с перфектна\nформа.\n\n',7.90),(235,'Mustad Short Shank Aberdeen 3254NP-BN Куки','**Mustad Short Shank Aberdeen** е много здрава права кука, предназначена за\nмалки силиконови примамки.\n\n',5.90),(236,'Mustad Powerlock Plus W Spring Gripper 91768S18 Офсетна кука','Перфектна офсетна кука с монтиран тирбушон от неръждаема стомана и\nдопълнително утежнение.\n\n',15.90),(237,'Mustad Round Treble Hooks 35647 Тройни куки','**Round Treble Hooks** е тройна кука проектирана да държи здраво, след като\nрибата бъде закачена. Перфектна като резервна кука на вашите изкуствени\nпримамки. Отличава с несравнима здравина и съотношение цена/качество.\n\n',8.20),(238,'Mustad Dropshot Hooks 10546NP Куки','**Mustad Dropshot Hooks** са фини куки за дропшот монтаж и осигуряват\nстрахотно закачане и безупречно представяне на малки силиконови примамки при\nриболов на дропшот.\n\n',6.90),(239,'Mustad KVD Grip Pin 38101NP Офсетни куки','Офсетни куки **KVD Grip Pin** са предназначени за големи силиконови\nпримамки.Разполагат с формован щифт от смола, който не позволява на\nсиликоновата примамка да се плъзга.\n\n',15.90),(240,'Mustad NP Tube Hook 38104NP Офсетни куки','**NP Tube Hook** са супер здрави и качествени офсетни куки, предназначена за\nголеми силиконови примамки. Също така може да се използва при Тексас и\nКаролина монтаж.\n\n',5.90),(241,'Yarie 555 Micro EZ Line Snap Карабинки','Здрави и качествени карабинки на Yarie, за лайт и ултралайт спинингов риболов.\n\n  * 8 броя в опаковка\n\n',6.20),(242,'Savage Gear WPMP Lurebag M 2.6L Чанта','WPMP LUREBAG са водоустойчиви, многофункционални чанти за примамки, направени\nот супер издръжлив EVA материал. С големи двуглави ципове за практическа\nупотреба, те са чудесни за съхранение и транспортиране на вашите примамки и\nмалки кутии за принадлежности.\n\n  * Размери: 33X10X8 cm\n\n',42.90),(243,'Savage Gear WPMP Lurebag L 5.4L Чанта','WPMP LUREBAG са водоустойчиви, многофункционални чанти за примамки, направени\nот супер издръжлив EVA материал. С големи двуглави ципове за практическа\nупотреба, те са чудесни за съхранение и транспортиране на вашите примамки и\nмалки кутии за принадлежности.\n\n  * Размери: 33.5X20X8 cm\n\n',52.90),(244,'Yarie 557 BF Ring Халки','  * Размер #1.5 - 25 lb; 30 броя в пакет\n  * Размер #2.5 - 55 lb; 30 броя в пакет\n  * Размер #3.5 - 65 lb; 25 броя в пакет\n  * Размер #4.5 - 80 lb; 17 броя в пакет\n  * Размер #5.5 - 110 lb; 10 броя в пакет\n  * Размер #6.5 - 120 lb; 7 броя в пакет\n\n',6.20),(245,'Yarie 806 Split Ring Black Халки','  * Размер #00 - 6 lb\n  * Размер #0 - 8 lb\n  * Размер #1 - 10 lb\n  * Размер #2 - 20 lb\n  * Размер #3 - 30 lb\n  * Размер #4 - 45 lb\n  * Размер #5 - 60 lb\n\n',6.20),(246,'Yarie 806 Split Ring Silver Халки','  * Размер #00 - 6 lb\n  * Размер #0 - 8 lb\n  * Размер #1 - 10 lb\n  * Размер #2 - 20 lb\n  * Размер #3 - 30 lb\n  * Размер #4 - 45 lb\n  * Размер #5 - 60 lb\n\n',6.20),(247,'Savage Gear Salt Round Snaps Карабинки','Здрави и качествени карабинки със стандартна форма, които са устойчиви на\nсолена вода.\n\n  * 15 броя в опаковка\n\n',5.90),(248,'Savage Gear Custom Salt Splitring Snaps Карабинки','  * Неръждаема стомана\n  * 100% сигурно заключване на примамката\n  * Устойчив на солена вода\n  * 15 броя в пакет\n\n',7.00),(249,'Savage Gear AW Sling Rucksack Раница','Перфектна раница за риболов при всякакви метеорологични условия! Супер\nиздръжлив водоустойчив материал, устойчив на всякакви атмосферни влияния\nосновен цип. Лесно достъпно основно отделение и регулируема ергономична\nпрезрамка за носене.\n\n  * Устойчиви на корозия ципове\n  * Страничен държач за резервна въдица\n  * Размер: 39X25X13CM 13L\n\n',147.00),(250,'Savage Gear Pro Finezze Fold. Net W. Scale 20kg L 85X55X50cm 86.5cm 1sec Сгъваем кеп','Сгъваем кеп с гумирана мрежа и вграден кантар на дръжката.\n\n  * Размери: 85X55X50cm 86.5cm\n  * Вграден кантар до 20кг\n\n',235.00),(251,'Savage Gear Pro Finezze Net With Scale 10kg L 50X55X45cm 28cm 1sec Кеп','Страхотен олекотен и супер здрав плаващ кеп на марката Savage Gear.\nЕргономична дръжка за перфектен захват с вграден кантар за измерване на улова,\nлека и супер здрава рамка, поплавък който не позволява на кепа да потъне и\nолекотената дълбока гумирана мрежа. Вграден дълъг ластик в дръжката със\nзавършек здрава метална карабина, което позволява носене през рамо.\n\n  * Гумирана мрежа\n  * Плаваща рамка\n  * Вграден кантар до 10кг\n  * Размер: 50X55X45cm\n\n',209.00),(252,'Savage Gear Pro Finezze Net With Scale 5kg M 44X50X42cm 20cm 1sec Кеп','Страхотен олекотен и супер здрав плаващ кеп на марката Savage Gear.\nЕргономична дръжка за перфектен захват с вграден кантар за измерване на улова,\nлека и супер здрава рамка, поплавък който не позволява на кепа да потъне и\nолекотената дълбока гумирана мрежа. Вграден дълъг ластик в дръжката със\nзавършек здрава метална карабина, което позволява носене през рамо.\n\n  * Гумирана мрежа\n  * Плаваща рамка\n  * Вграден кантар до 5кг\n  * Размер: 44X50X42cm\n\n',189.00),(253,'Savage Gear Measure Craddle Мрежеста чанта с метър','  * Перфектен за измерване и претегляне на уловените риби\n  * Плаващ\n  * Гумен мрежест материал\n  * Устойчив на корозия цип\n  * Размери: 60x20x16cm 60cm\n  * Тегло: 520гр\n\n',78.00),(254,'Savage Gear Twin Rodbag 120cm Калъф за въдици','Практичен калъф проектиран така, че да можете да носите готовите си въдици\nнаправо до брега. Побира две монтирани въдици и разполага с вътрешна\nподплатена разделителна стена за защита.\n\n',115.00),(255,'Savage Gear Twin Rodbag 150cm Калъф за въдици','Практичен калъф проектиран така, че да можете да носите готовите си въдици\nнаправо до брега. Побира две монтирани въдици и разполага с вътрешна\nподплатена разделителна стена за защита.\n\n',135.00),(256,'Savage Gear Twin Rodbag 140cm Калъф за въдици','Практичен калъф проектиран така, че да можете да носите готовите си въдици\nнаправо до брега. Побира две монтирани въдици и разполага с вътрешна\nподплатена разделителна стена за защита.\n\n',125.00),(257,'Tailwalk Gabrill Щипка за риба','Щипка за риба от лек и здрав карбон. Формата на вдлъбнатините е много остра,\nза да има страхотна способност за задържане на рибата.\n\n  * Цвят: черен\n  * Дължина: 30 см\n\n',59.00),(258,'Tailwalk Keison Magnetic Net Releaser 4.0kg Магнит за кеп','Страхотен магнит за кеп на марката Tailwalk. Позволява монтиране на едната\nчаст на яке или елек, а другата за кепчето. Така по време на риболов, кепа\nпостоянно е на една ръка разстояние. Изключително удобен и полезен аксесоар!\n\n  * Сила: мах 4кг\n\n',42.00),(259,'Tailwalk Keison Magnetic Net Releaser 2.5kg Магнит за кеп','Страхотен магнит за кеп на марката Tailwalk. Позволява монтиране на едната\nчаст на яке или елек, а другата за кепчето. Така по време на риболов, кепа\nпостоянно е на една ръка разстояние. Изключително удобен и полезен аксесоар!\n\n  * Сила: мах 2.5кг\n\n',38.00),(260,'Savage Gear T & C Rigging Kit 100pcs Комплект тежести и куки за монтаж','Комплект кутия за Тексас и Каролина монтаж. Включва тежести за куршуми от\nнеръждаема стомана и магнитни железни каменни мънисти, създаващи много опции\nза монтаж.\n\nКомплектът се състои от:\n\n  * Матирани черни стоманени тежести, 8 от всеки размер: 2g, 3.5g, 5g, 7g\n  * Savage Worm Offset Super Slide куки: 5 от всяка в размер #1/0 и #3/0\n  * Savage EWG Offset Super Slide куки: 5 от всяка в размер #3/0 и #5/0\n  * Силиконови ограничители за тежести в размер малък и среден\n  * 6 мм и 8 мм черни магнитни железни каменни мънисти, по 8 от всеки размер\n  * 6 мм фасетирани стъклени мънисти, по 10 черен и червен цвят\n  * 10x #6 фини вирбели\n\n',68.50),(261,'Savage Gear Pocket Box Smoke 3pcs Kit Комплект кутии','Този комплект от три здрави и издръжливи кутии с гладки панти и плътно\nприлепнали капаци са идеални за поддържане на вашите малки примамки.\n\n  * Прозрачен PP материал с цвят на дим с UV защита.\n  * Размер: 10.5x6.8x2.6cm\n\nКомплектът съдържа:\n\n  * 1 кутия с шест фиксирани отделения\n  * 1 кутия с четири фиксирани отделения\n  * 1 кутия с едно фиксирано отделение\n\n',11.90),(262,'Savage Gear Lurebox 1A Smoke Кутия','Кутия за съхранение на малки джиг глави и изкуствени примамки.\n\n  * Размери: 13.8x7.7x3.1cm\n\n',7.50),(263,'Savage Gear Baitcaster Cover Калъф за макара','Удобен неопренов калъф за макара мултипликатор.Отличава се с мек, 2 мм неопрен\nс висока плътност и дизайн, който може да се сложи на макарата, докато е\nмонтирана на пръчката ви.\n\n  * 2 мм неопрен с висока плътност\n  * Мрежест дизайн за отвеждане на влагата\n  * Подходящи за макари с размер 100-300\n\n',18.50),(264,'Savage Gear Specialist Lure Bag L 6 Boxes Чанта за спининг риболов','Разполага с преден панел за достъп с четири кутии за примамки вътре и два\nстранични джоба, всеки от които съдържа по една кутия. Горното отделение за\nаксесоари означава, че никога няма да се налага да оставяте нищо след себе си.\n\n  * Големи ципове\n  * Ергономична презрамка\n  * Мрежа и щипка за бутилка\n  * Държач за клещи\n  * Кутии от прозрачен PP материал с UV защита\n  * Размер L: 2x 6B, 1x 6D, 1x 6B дълбоки кутии в основното отделение, 4A и 4B кутии в страничните джобове\n\n',255.00),(265,'Savage Gear Lurebox 4B Smoke Кутия','  * Размер: 21.4x11.8x4.5cm\n\n',16.20),(266,'Savage Gear Lurebox 4A Smoke Кутия','  * Размер: 21.4x11.8x4.5cm\n\n',16.20),(267,'Savage Gear Lurebox 3B Smoke Кутия','  * Размери: 18.6x10.3x3.4cm\n\n',12.40),(268,'Savage Gear Lurebox 3A Smoke Кутия','  * Размери: 18.6x10.3x3.4cm\n\n',12.40),(269,'Savage Gear System Box Bag S 3 Boxes 5 Bags Чанта за спининг риболов','Чанта със страхотен дизайн за спининг риболов с голямо основно отделение,\nоборудвано с 3 кутии за примамки и 5 малки PE плика с цип , това е оптималната\nчанта за примамки за мобилния риболовец, който лови с по-малки примамки и\nсъоръжения.\n\n  * Големи ципове\n  * Ергономична презрамка\n  * Мрежа и щипка за бутилка\n  * Държач за клещи\n  * Кутии от прозрачен PP материал с UV защита\n  * Пет малки PE торби за меки примамки и съоръжения \n\n',129.00),(270,'Savage Gear WPMP Rodbag 150cm Чанта за въдица','Многофункционална водоустойчива чанта за въдица, изработен от супер изрдъжлив\nEVA материал. Отличаващи се с големи двуглави ципове за практическа употреба и\nподвижна презрамка за носене през рамо.\n\n  * Водоустойчива и издръжлива\n  * Големи двуглави ципове\n  * Подвижна презрамка за носене\n  * Размер: 150см\n\n',89.00),(271,'Savage Gear WPMP Rodbag 140cm Чанта за въдица','Многофункционална водоустойчива чанта за въдица, изработен от супер изрдъжлив\nEVA материал. Отличаващи се с големи двуглави ципове за практическа употреба и\nподвижна презрамка за носене през рамо.\n\n  * Водоустойчива и издръжлива\n  * Големи двуглави ципове\n  * Подвижна презрамка за носене\n  * Размер: 140см\n\n',82.00),(272,'Savage Gear WPMP Rodbag 120cm Чанта за въдица','Многофункционална водоустойчива чанта за въдица, изработен от супер изрдъжлив\nEVA материал. Отличаващи се с големи двуглави ципове за практическа употреба и\nподвижна презрамка за носене през рамо.\n\n  * Водоустойчива и издръжлива\n  * Големи двуглави ципове\n  * Подвижна презрамка за носене\n  * Размер: 120см\n\n',72.00),(273,'Savage Gear Lurebox 2B Smoke Кутия','  * Размери: 16.1x9.1x3.1cm\n\n',9.40),(274,'Savage Gear Jig Wallet Класьор за джигове','Класьор за джигови примамки, специално проектиран за суровите условия на\nсолена вода.\n\n  * Устойчив на пръски\n  * Дишаща мрежа – позволява на приспособленията да изсъхнат\n  * Здрава подсилена конструкция\n  * Дълготрайни велкро ленти\n\n',27.00),(275,'Savage Gear Full Frame Landing Net Telescopic Кеп','Този супер здрав и издръжлив кеп е идеален за риболов на всякакви хищни\nриби.Телескопична дръжка със система за плъзгане и щракване, която има лазерно\nгравирана линийка за измерване на улова.\n\n  * Пълна алуминиева рамка\n  * Гумена мрежа\n  * Телескопична дръжка\n  * Заключване на дръжката с двойна пружина\n  * Лазерно гравирана линийка\n\n',159.00),(276,'Savage Gear Full Frame Landing Net Round Кеп','Здрава гумена мрежа, дълбока и голяма,напълно кръгла рамка предназначена за\nхищни риби. Силна телескопична дръжка, със система за плъзгане и щракване за\nлесно транспортиране и съхранение.\n\n  * Размери: 46X56X50cm 95-150cm\n\n',123.00),(277,'Savage Gear Foldable Net With Lock Кеп','  * Каишка за колан с катарама\n  * Удобен за носене\n  * Лесен за отваряне\n  * Гумена мрежа\n\nРазмери:\n\n  * M 52X45X43CM 62CM 1PC\n  * L 62X54X51CM 72CM 1PC\n\n',75.00),(278,'Savage Gear Easy Fold Street Fishing Net Кеп','Висококачествен кеп с телескопична дръжка за риболов на хищни риби като\nкостур, щука или бяла риба, за вадене от високи брегове или канали.\n\n  * Размери: S 50X45X45cm 71-250cm\n  * 5 секции\n\n',175.00),(279,'Savage Gear Easy-Fold Net Кеп','Гумираната мрежа, телескопичната дръжка и здравата алуминиева рамка правят\nтози кеп чудесна за риболов на хищни риби. Щипката за колан го прави идеален\nза спинингов риболов от брега или дори когато газите.\n\nРазмери:\n\n  * M 70X58X50CM 98-154CM 2PC\n  * S 51X46X40CM 61-90CM 2PC\n\n',125.00),(280,'Savage Gear Pro Folding Net DLX Сгъваем кеп','Сгъваем кеп с много здрава гумирана мрежа, предназначена за хищни риби.\n\nРазмери:\n\n  * L 65X50X50CM 84CM 1PC\n  * XL 70X85X70CM 105CM 1PC\n\n',115.00),(281,'Savage Gear Twist & Fold Net L Кеп','**TWIST & FOLD NET** е кеп, идеален за риболов както от брега така и от лодка.\nМрежата е гумирана, надеждна за рибата, която не заема твърде много място. На\nблока за разпръскване има малък превключвател за сгъване. Дръжката лесно се\nзаключва в разпръсквателния блок във всяка желана позиция чрез системата за\nзавъртане.\n\n',235.00),(282,'Savage Gear Pro Finezze XL Плуващ кеп','Супер здрав и олекотен плаващ кеп на марката Savage Gear.Ергономична дръжка за\nперфектен захват, лека и супер здрава рамка, поплавък който не позволява на\nкепа да потъне и олекотената дълбока гумирана мрежа го превръщат в един\nизключително универсален за използване кеп при риболов на река, язовир или\nморе. Изключително практичен позволяващ да се кепват от малки риби до такива с\nтрофейни размери, а благодарение на лекото тегло изобщо не се усеща дори при\nцелодневно носене. Вграден дълъг ластик в дръжката със завършек здрава метална\nкарабина, което позволява носене през рамо!\n\n  * Размер: 50X70X60cm 27cm\n\n',105.00),(283,'Savage Gear Big Bag 83L Чанта','За онези дни, когато трябва да вземете всичко, Big Bag ще ви покрие.\nВътрешната му част от 83 литра предлага купища пространство за лесно\nтранспортиране на дрехи и други комплекти и е изработена от изключително\nиздръжливи материали. Идеален за следващото ви голямо риболовно приключение.\n\n',55.00),(284,'Savage Gear WPMP Boat And Bank Bag L Чанта за спининг риболов','**Savage Gear WPMP Boat & Bank Bag** e чанта за спининг риболов, която може да\nсе използва както от брега, така и от лодка или каяк.Чантата има две стойки за\nвъдиции две допълнителни за клещи, кохер или друг тип инструменти.Удобен ремък\nза носене през рамо и меки дръжки, които се закопчават за носене в\nръка.Капакът е твърд, а циповете на чантата са защитени от солена вода.\n\n  * Размери:36X23X28cm\n\n  \n\n**Savage Gear WPMP Boat & Bank Bag** e чанта за спининг риболов, която може да\nсе използва както от брега, така и от лодка или каяк.Чантата има две стойки за\nвъдиции две допълнителни за клещи, кохер или друг тип инструменти.Удобен ремък\nза носене през рамо и меки дръжки, които се закопчават за носене в\nръка.Капакът е твърд, а циповете на чантата са защитени от солена вода.\n\n  * Размери:36X23X28cm\n\n',165.00),(285,'Savage Gear Neoprene Reel Cover Калъф за макара','Удобен неопренов калъф за макара в различни размери.\n\n  * Размер S: подходящ за макари от 1000 до 2500\n  * Размер M: подходящ за макари от 2500 до 4000\n  * Размер L: подходящ за макари от 3000 до 6000\n  * Размер XL: подходящ за макари от 8000 до 18000\n\n',18.50),(286,'Savage Gear Digi Scale SW Кантар','N/A\n\n',75.90),(287,'Savage Gear Solid Rings Халки','**Solid Rings** са халки способни да издържат на вода с висока соленост без\nкорозия, проектирани за максимална здравина и производителност.Те се отличават\nсъс заоблено тяло, което намалява шанса за увреждане на повода при\nнатиск.Идеални за джигинг, джигове на брега и всякакви други морски риболовни\nстилове.\n\n  * Устойчив на корозия\n  * Супер здрава неръждаема стомана\n  * 15 бр в пакет\n\n',8.20),(288,'Savage Gear Easyon Spinner Bait Kit','**Easyon Spinner Bait Kit** ще превърне вашата примамка в стил на spinnerbait\nза секунди.Рамка от неръждаема стомана, с тънко стоманено листо, който се\nвърти върху въртящ се сачмен лагер.\n\n  * 2 броя в опаковка\n\n  \n\n**Easyon Spinner Bait Kit** ще превърне вашата примамка в стил на spinnerbait\nза секунди.Рамка от неръждаема стомана, с тънко стоманено листо, който се\nвърти върху въртящ се сачмен лагер.\n\n  * 2 броя в опаковка\n\n',7.80);
/*!40000 ALTER TABLE `products` ENABLE KEYS */;
UNLOCK TABLES;

--
-- Table structure for table `products_has_tags`
--

DROP TABLE IF EXISTS `products_has_tags`;
/*!40101 SET @saved_cs_client     = @@character_set_client */;
/*!50503 SET character_set_client = utf8mb4 */;
CREATE TABLE `products_has_tags` (
  `products_id` int NOT NULL,
  `tags_id` int NOT NULL,
  PRIMARY KEY (`products_id`,`tags_id`),
  KEY `fk_products_has_tags_tags1_idx` (`tags_id`),
  KEY `fk_products_has_tags_products_idx` (`products_id`),
  CONSTRAINT `fk_products_has_tags_products` FOREIGN KEY (`products_id`) REFERENCES `products` (`id`),
  CONSTRAINT `fk_products_has_tags_tags1` FOREIGN KEY (`tags_id`) REFERENCES `tags` (`id`)
) ENGINE=InnoDB DEFAULT CHARSET=utf8mb4 COLLATE=utf8mb4_0900_ai_ci;
/*!40101 SET character_set_client = @saved_cs_client */;

--
-- Dumping data for table `products_has_tags`
--

LOCK TABLES `products_has_tags` WRITE;
/*!40000 ALTER TABLE `products_has_tags` DISABLE KEYS */;
INSERT INTO `products_has_tags` VALUES (1,1),(2,1),(3,1),(4,1),(5,1),(6,1),(7,1),(8,1),(9,1),(10,1),(11,1),(12,1),(13,1),(14,1),(15,1),(16,1),(17,1),(18,1),(19,1),(20,1),(21,1),(22,1),(23,1),(24,1),(25,1),(26,1),(27,1),(28,1),(29,1),(30,1),(31,1),(32,1),(33,1),(34,1),(35,1),(36,1),(37,1),(38,1),(39,1),(40,1),(41,1),(42,1),(43,1),(44,1),(45,1),(46,1),(47,1),(48,1),(49,2),(50,2),(51,2),(52,2),(53,2),(54,2),(55,2),(56,2),(57,2),(58,2),(59,2),(60,2),(61,2),(62,2),(63,2),(64,2),(65,2),(66,2),(67,2),(68,2),(69,2),(70,2),(71,2),(72,2),(73,2),(74,2),(75,2),(76,2),(77,2),(78,2),(79,2),(80,2),(81,2),(82,2),(83,2),(84,2),(85,2),(86,2),(87,2),(88,2),(89,2),(90,2),(91,2),(92,2),(93,2),(94,2),(95,2),(96,2),(97,3),(98,3),(99,3),(100,3),(101,3),(102,3),(103,3),(104,3),(105,3),(106,3),(107,3),(108,3),(109,3),(110,3),(111,3),(112,3),(113,3),(114,3),(115,3),(116,3),(117,3),(118,3),(119,3),(120,3),(121,3),(122,3),(123,3),(124,3),(125,3),(126,3),(127,3),(128,3),(129,3),(130,3),(131,3),(132,3),(133,3),(134,3),(135,3),(136,3),(137,3),(138,3),(139,3),(140,3),(141,3),(142,3),(143,3),(144,3),(145,4),(146,4),(147,4),(148,4),(149,4),(150,4),(151,4),(152,4),(153,4),(154,4),(155,4),(156,4),(157,4),(158,4),(159,4),(160,4),(161,4),(162,4),(163,4),(164,4),(165,4),(166,4),(167,4),(168,4),(169,4),(170,4),(171,4),(172,4),(173,4),(174,4),(175,4),(176,4),(177,4),(178,4),(179,4),(180,4),(181,4),(182,4),(183,4),(184,4),(185,4),(186,4),(187,4),(188,4),(189,4),(190,4),(191,4),(192,4),(193,5),(194,5),(195,5),(196,5),(197,5),(198,5),(199,5),(200,5),(201,5),(202,5),(203,5),(204,5),(205,5),(206,5),(207,5),(208,5),(209,5),(210,5),(211,5),(212,5),(213,5),(214,5),(215,5),(216,5),(217,5),(218,5),(219,5),(220,5),(221,5),(222,5),(223,5),(224,5),(225,5),(226,5),(227,5),(228,5),(229,5),(230,5),(231,5),(232,5),(233,5),(234,5),(235,5),(236,5),(237,5),(238,5),(239,5),(240,5),(241,6),(242,6),(243,6),(244,6),(245,6),(246,6),(247,6),(248,6),(249,6),(250,6),(251,6),(252,6),(253,6),(254,6),(255,6),(256,6),(257,6),(258,6),(259,6),(260,6),(261,6),(262,6),(263,6),(264,6),(265,6),(266,6),(267,6),(268,6),(269,6),(270,6),(271,6),(272,6),(273,6),(274,6),(275,6),(276,6),(277,6),(278,6),(279,6),(280,6),(281,6),(282,6),(283,6),(284,6),(285,6),(286,6),(287,6),(288,6);
/*!40000 ALTER TABLE `products_has_tags` ENABLE KEYS */;
UNLOCK TABLES;

--
-- Table structure for table `tags`
--

DROP TABLE IF EXISTS `tags`;
/*!40101 SET @saved_cs_client     = @@character_set_client */;
/*!50503 SET character_set_client = utf8mb4 */;
CREATE TABLE `tags` (
  `id` int NOT NULL AUTO_INCREMENT,
  `tag` varchar(45) NOT NULL,
  PRIMARY KEY (`id`),
  UNIQUE KEY `tag_UNIQUE` (`tag`)
) ENGINE=InnoDB AUTO_INCREMENT=7 DEFAULT CHARSET=utf8mb4 COLLATE=utf8mb4_0900_ai_ci;
/*!40101 SET character_set_client = @saved_cs_client */;

--
-- Dumping data for table `tags`
--

LOCK TABLES `tags` WRITE;
/*!40000 ALTER TABLE `tags` DISABLE KEYS */;
INSERT INTO `tags` VALUES (6,'Аксесоар'),(3,'Блесна'),(4,'Влакно'),(1,'Въдица'),(5,'Кука'),(2,'Макара');
/*!40000 ALTER TABLE `tags` ENABLE KEYS */;
UNLOCK TABLES;

--
-- Table structure for table `users`
--

DROP TABLE IF EXISTS `users`;
/*!40101 SET @saved_cs_client     = @@character_set_client */;
/*!50503 SET character_set_client = utf8mb4 */;
CREATE TABLE `users` (
  `id` int NOT NULL AUTO_INCREMENT,
  `first_name` varchar(45) NOT NULL,
  `last_name` varchar(45) NOT NULL,
  `phone` varchar(45) NOT NULL,
  `email` varchar(45) NOT NULL,
  `password` char(64) NOT NULL,
  `picture` varchar(45) DEFAULT NULL,
  `role` enum('admin','user') NOT NULL DEFAULT 'user',
  PRIMARY KEY (`id`),
  UNIQUE KEY `email_UNIQUE` (`email`)
) ENGINE=InnoDB AUTO_INCREMENT=3 DEFAULT CHARSET=utf8mb4 COLLATE=utf8mb4_0900_ai_ci;
/*!40101 SET character_set_client = @saved_cs_client */;

--
-- Dumping data for table `users`
--

LOCK TABLES `users` WRITE;
/*!40000 ALTER TABLE `users` DISABLE KEYS */;
INSERT INTO `users` VALUES (1,'Admin','Admin','0876280048','emil.korudzhiev@gmail.com','ef797c8118f02dfb649607dd5d3f8c7623048c9c063d532cc95c5ed7a898a64f','1.jpg','admin'),(2,'Kiki','Chistacha','08930yespapi','19523@rufat.ru','7bce17e5153eede648c5bb27dcbc8129588424bb56a061f63b6419fe0379c007','2.jpg','user');
/*!40000 ALTER TABLE `users` ENABLE KEYS */;
UNLOCK TABLES;
/*!40103 SET TIME_ZONE=@OLD_TIME_ZONE */;

/*!40101 SET SQL_MODE=@OLD_SQL_MODE */;
/*!40014 SET FOREIGN_KEY_CHECKS=@OLD_FOREIGN_KEY_CHECKS */;
/*!40014 SET UNIQUE_CHECKS=@OLD_UNIQUE_CHECKS */;
/*!40101 SET CHARACTER_SET_CLIENT=@OLD_CHARACTER_SET_CLIENT */;
/*!40101 SET CHARACTER_SET_RESULTS=@OLD_CHARACTER_SET_RESULTS */;
/*!40101 SET COLLATION_CONNECTION=@OLD_COLLATION_CONNECTION */;
/*!40111 SET SQL_NOTES=@OLD_SQL_NOTES */;

-- Dump completed on 2023-06-20 21:58:30
